prob,pnl,target,symbol,signal_date,month,seed,config
0.05774138122797012,-12.1643,0,NGLFINE,2022-04-04,2022-04,42,incumbent config: all data
0.8721242547035217,-12.1509,0,PARAS,2022-04-07,2022-04,42,incumbent config: all data
0.7763921618461609,29.1153,1,SANGHVIMOV,2022-06-02,2022-06,42,incumbent config: all data
0.5660668611526489,-18.3553,0,ASIANENE,2022-06-08,2022-06,42,incumbent config: all data
0.32272836565971375,27.6806,1,EMUDHRA,2022-07-11,2022-07,42,incumbent config: all data
0.23726649582386017,-12.4994,0,DEEPINDS,2022-07-21,2022-07,42,incumbent config: all data
0.9197350144386292,-9.9644,0,SANGHVIMOV,2022-08-16,2022-08,42,incumbent config: all data
0.34899619221687317,96.4219,1,SERVOTECH,2022-08-24,2022-08,42,incumbent config: all data
0.35071608424186707,-11.5883,0,EMUDHRA,2022-11-01,2022-11,42,incumbent config: all data
0.4667769968509674,-13.9203,0,HARIOMPIPE,2022-11-10,2022-11,42,incumbent config: all data
0.2209751158952713,31.0845,1,SANGHVIMOV,2022-11-10,2022-11,42,incumbent config: all data
0.2839002013206482,-4.7125,0,HARIOMPIPE,2022-11-25,2022-11,42,incumbent config: all data
0.2063247114419937,-11.0252,0,EMUDHRA,2022-12-27,2022-12,42,incumbent config: all data
0.26933619379997253,-11.2699,0,SANGHVIMOV,2023-02-10,2023-02,42,incumbent config: all data
0.8447522521018982,-7.7039,0,AVL,2023-03-01,2023-03,42,incumbent config: all data
0.021543564274907112,46.0066,1,HARIOMPIPE,2023-03-03,2023-03,42,incumbent config: all data
0.6711056232452393,29.9536,1,DEEPINDS,2023-04-03,2023-04,42,incumbent config: all data
0.45150357484817505,-12.8991,0,AVL,2023-04-06,2023-04,42,incumbent config: all data
0.22185301780700684,-2.6613,0,PARAS,2023-04-11,2023-04,42,incumbent config: all data
0.3705390691757202,27.2727,1,WINDLAS,2023-05-08,2023-05,42,incumbent config: all data
0.32355451583862305,57.974,1,DEEPINDS,2023-05-24,2023-05,42,incumbent config: all data
0.4515409767627716,50.0233,1,SANGHVIMOV,2023-05-31,2023-05,42,incumbent config: all data
0.333026260137558,8.7638,0,WINDLAS,2023-06-02,2023-06,42,incumbent config: all data
0.09078536182641983,45.3791,1,DEEPINDS,2023-07-07,2023-07,42,incumbent config: all data
0.9166517853736877,-14.7491,0,NGLFINE,2023-08-07,2023-08,42,incumbent config: all data
0.3850487172603607,-2.4098,0,WINDLAS,2023-08-09,2023-08,42,incumbent config: all data
0.7383928298950195,4.6722,0,HARIOMPIPE,2023-08-24,2023-08,42,incumbent config: all data
0.4253469705581665,-11.2918,0,DEEPINDS,2023-10-03,2023-10,42,incumbent config: all data
0.45418670773506165,-0.9254,0,SANGHVIMOV,2023-10-31,2023-10,42,incumbent config: all data
0.3280198574066162,-8.3643,0,HARIOMPIPE,2023-11-07,2023-11,42,incumbent config: all data
0.46224266290664673,-4.7316,0,NGLFINE,2023-11-13,2023-11,42,incumbent config: all data
0.23660919070243835,-8.6093,0,PARAS,2023-12-14,2023-12,42,incumbent config: all data
0.3354511559009552,-13.9528,0,SANGHVIMOV,2023-12-21,2023-12,42,incumbent config: all data
0.29410073161125183,-10.3648,0,PARAS,2024-01-04,2024-01,42,incumbent config: all data
0.461201012134552,5.6558,0,SERVOTECH,2024-01-08,2024-01,42,incumbent config: all data
0.27440059185028076,51.254,1,EMUDHRA,2024-01-12,2024-01,42,incumbent config: all data
0.3724660873413086,-14.3407,0,AVL,2024-01-25,2024-01,42,incumbent config: all data
0.7407039403915405,-7.0863,0,WINDLAS,2024-02-08,2024-02,42,incumbent config: all data
0.6267198920249939,-7.3288,0,DEEPINDS,2024-03-22,2024-03,42,incumbent config: all data
0.03423944488167763,-4.0873,0,NGLFINE,2024-04-05,2024-04,42,incumbent config: all data
0.6712290048599243,-24.1822,0,SANGHVIMOV,2024-05-15,2024-05,42,incumbent config: all data
0.5083652138710022,-7.6376,0,EMUDHRA,2024-06-11,2024-06,42,incumbent config: all data
0.8977711200714111,67.6136,1,SERVOTECH,2024-06-13,2024-06,42,incumbent config: all data
0.9052420258522034,4.7722,0,RPTECH,2024-07-03,2024-07,42,incumbent config: all data
0.7011087536811829,40.2097,1,DEEPINDS,2024-07-08,2024-07,42,incumbent config: all data
0.8143789172172546,15.2713,0,HARIOMPIPE,2024-07-11,2024-07,42,incumbent config: all data
0.4648670554161072,-9.7118,0,NGLFINE,2024-07-12,2024-07,42,incumbent config: all data
0.7025386691093445,-5.9848,0,WINDLAS,2024-07-29,2024-07,42,incumbent config: all data
0.6491758823394775,-10.1874,0,JINDRILL,2024-07-30,2024-07,42,incumbent config: all data
0.6086710095405579,-12.5378,0,SANGHVIMOV,2024-07-31,2024-07,42,incumbent config: all data
0.3536953926086426,2.2779,0,EMUDHRA,2024-09-10,2024-09,42,incumbent config: all data
0.40493184328079224,-9.5771,0,JINDRILL,2024-10-18,2024-10,42,incumbent config: all data
0.2475457340478897,8.3356,0,JINDRILL,2024-10-30,2024-10,42,incumbent config: all data
0.566796064376831,-8.7993,0,MPSLTD,2024-12-04,2024-12,42,incumbent config: all data
0.24884715676307678,-10.2699,0,ANANDRATHI,2024-12-05,2024-12,42,incumbent config: all data
0.4414796233177185,-11.8393,0,MPSLTD,2024-12-05,2024-12,42,incumbent config: all data
0.1778099685907364,3.1306,0,LUMAXTECH,2024-12-06,2024-12,42,incumbent config: all data
0.2963349223136902,-9.8903,0,SIKA,2024-12-09,2024-12,42,incumbent config: all data
0.4075396955013275,-12.4213,0,ANANDRATHI,2024-12-09,2024-12,42,incumbent config: all data
0.8038480877876282,-13.4868,0,WEALTH,2024-12-11,2024-12,42,incumbent config: all data
0.3476303517818451,-8.7038,0,ASIANENE,2024-12-11,2024-12,42,incumbent config: all data
0.0741252675652504,19.3196,0,SIGMAADV,2024-12-16,2024-12,42,incumbent config: all data
0.7611474990844727,-11.6549,0,DOMS,2024-12-17,2024-12,42,incumbent config: all data
0.04655458778142929,40.8092,1,INDOTHAI,2024-12-30,2024-12,42,incumbent config: all data
0.20442457497119904,-12.8747,0,MONARCH,2025-01-02,2025-01,42,incumbent config: all data
0.33852410316467285,-19.4236,0,ALLDIGI,2025-01-07,2025-01,42,incumbent config: all data
0.25300920009613037,-12.7505,0,VIJAYA,2025-01-07,2025-01,42,incumbent config: all data
0.34434401988983154,-20.0925,0,KRISHANA,2025-01-15,2025-01,42,incumbent config: all data
0.2524378001689911,9.1758,0,MPSLTD,2025-01-23,2025-01,42,incumbent config: all data
0.17551575601100922,-16.3955,0,KMCSHIL,2025-02-03,2025-02,42,incumbent config: all data
0.22844834625720978,-25.6148,0,NGLFINE,2025-02-05,2025-02,42,incumbent config: all data
0.039439838379621506,-32.5535,0,NGLFINE,2025-02-06,2025-02,42,incumbent config: all data
0.02344343066215515,-19.1416,0,ANTELOPUS,2025-03-19,2025-03,42,incumbent config: all data
0.6526925563812256,-6.0409,0,SEAMECLTD,2025-03-25,2025-03,42,incumbent config: all data
0.2656930685043335,-8.7649,0,PRIVISCL,2025-03-27,2025-03,42,incumbent config: all data
0.09536145627498627,-12.0067,0,DPABHUSHAN,2025-04-02,2025-04,42,incumbent config: all data
0.12568561732769012,-17.1262,0,SRM,2025-04-15,2025-04,42,incumbent config: all data
0.12161240726709366,15.9534,0,THYROCARE,2025-04-22,2025-04,42,incumbent config: all data
0.07950226217508316,-12.2185,0,FRONTSP,2025-04-22,2025-04,42,incumbent config: all data
0.22345581650733948,30.456,1,NDRAUTO,2025-05-09,2025-05,42,incumbent config: all data
0.02698577754199505,10.6617,0,RAILTEL,2025-05-14,2025-05,42,incumbent config: all data
0.027698520570993423,-4.8985,0,KOVAI,2025-05-14,2025-05,42,incumbent config: all data
0.06945277005434036,3.4607,0,SPARC,2025-05-16,2025-05,42,incumbent config: all data
0.021853184327483177,-7.5102,0,KHAZANCHI,2025-05-20,2025-05,42,incumbent config: all data
0.017827151343226433,-15.0507,0,DISAQ,2025-05-21,2025-05,42,incumbent config: all data
0.6043694615364075,-9.1799,0,KOVAI,2025-05-30,2025-05,42,incumbent config: all data
0.01422679889947176,-12.9458,0,HARIOMPIPE,2025-06-05,2025-06,42,incumbent config: all data
0.10970202088356018,1.8843,0,ANTELOPUS,2025-06-06,2025-06,42,incumbent config: all data
0.07970978319644928,-12.4686,0,SURAKSHA,2025-06-25,2025-06,42,incumbent config: all data
0.08664163202047348,23.6111,0,SENORES,2025-06-25,2025-06,42,incumbent config: all data
0.645088791847229,-5.8054,0,MPSLTD,2025-06-25,2025-06,42,incumbent config: all data
0.01395242940634489,-1.2456,0,VIJAYA,2025-06-26,2025-06,42,incumbent config: all data
0.11286265403032303,-0.6615,0,SIGNPOST,2025-06-30,2025-06,42,incumbent config: all data
0.13563679158687592,61.2719,1,523229,2025-07-01,2025-07,42,incumbent config: all data
0.08419020473957062,0.5596,0,NGLFINE,2025-07-01,2025-07,42,incumbent config: all data
0.2702910006046295,-9.377,0,SANDUMA,2025-07-03,2025-07,42,incumbent config: all data
0.6298131346702576,-8.4391,0,ARKADE,2025-07-07,2025-07,42,incumbent config: all data
0.07342075556516647,-1.8892,0,KHAZANCHI,2025-07-08,2025-07,42,incumbent config: all data
0.07600744813680649,-0.5104,0,ALLDIGI,2025-07-08,2025-07,42,incumbent config: all data
0.6916443109512329,1.5755,0,DPABHUSHAN,2025-07-09,2025-07,42,incumbent config: all data
0.756322979927063,23.1663,0,OLECTRA,2025-07-10,2025-07,42,incumbent config: all data
0.21402205526828766,30.2215,1,GARUDA,2025-07-10,2025-07,42,incumbent config: all data
0.5716832876205444,-4.1777,0,MCLOUD,2025-07-15,2025-07,42,incumbent config: all data
0.1100316271185875,-7.3232,0,DISAQ,2025-07-15,2025-07,42,incumbent config: all data
0.5580435395240784,-10.658,0,SENCO,2025-07-17,2025-07,42,incumbent config: all data
0.17497041821479797,13.2531,0,ASIANENE,2025-07-17,2025-07,42,incumbent config: all data
0.10490963608026505,-11.1523,0,PNGJL,2025-07-17,2025-07,42,incumbent config: all data
0.1885482519865036,-13.2931,0,530475,2025-07-17,2025-07,42,incumbent config: all data
0.23888859152793884,-6.1044,0,DPABHUSHAN,2025-07-18,2025-07,42,incumbent config: all data
0.1791723370552063,-9.6791,0,RPTECH,2025-07-18,2025-07,42,incumbent config: all data
0.22492194175720215,-9.5477,0,GPTINFRA,2025-07-21,2025-07,42,incumbent config: all data
0.06651964783668518,14.0667,0,OLECTRA,2025-07-23,2025-07,42,incumbent config: all data
0.3800639808177948,-6.202,0,WINDLAS,2025-07-24,2025-07,42,incumbent config: all data
0.6012086868286133,8.8292,0,ASIANENE,2025-07-28,2025-07,42,incumbent config: all data
0.03315677121281624,-12.5181,0,VIJAYA,2025-07-28,2025-07,42,incumbent config: all data
0.17726579308509827,89.2737,1,523229,2025-07-30,2025-07,42,incumbent config: all data
0.026241827756166458,-3.521,0,DEEPINDS,2025-08-04,2025-08,42,incumbent config: all data
0.07365468144416809,-10.5733,0,BLS,2025-08-05,2025-08,42,incumbent config: all data
0.052711162716150284,-3.3384,0,DOMS,2025-08-11,2025-08,42,incumbent config: all data
0.06856383383274078,-4.8705,0,KMCSHIL,2025-08-13,2025-08,42,incumbent config: all data
0.035437215119600296,-13.5156,0,WINDLAS,2025-08-13,2025-08,42,incumbent config: all data
0.00988488458096981,9.8345,0,JSLL,2025-08-14,2025-08,42,incumbent config: all data
0.023535020649433136,8.6756,0,GOKULAGRO,2025-08-20,2025-08,42,incumbent config: all data
0.07855182141065598,3.1325,0,NEPHROCARE,2025-08-21,2025-08,42,incumbent config: all data
0.13143278658390045,-11.9328,0,KPGEL,2025-08-21,2025-08,42,incumbent config: all data
0.030476413667201996,-6.9368,0,BALUFORGE,2025-09-02,2025-09,42,incumbent config: all data
0.014676806516945362,-16.4704,0,ASIANENE,2025-09-03,2025-09,42,incumbent config: all data
0.00665170606225729,-10.0248,0,DOMS,2025-09-04,2025-09,42,incumbent config: all data
0.036406271159648895,9.4127,0,RPTECH,2025-09-04,2025-09,42,incumbent config: all data
0.0264302846044302,56.2637,1,RPEL,2025-09-05,2025-09,42,incumbent config: all data
0.038637809455394745,-11.1474,0,ACGL,2025-09-05,2025-09,42,incumbent config: all data
0.010195734910666943,-13.3211,0,NDRAUTO,2025-09-05,2025-09,42,incumbent config: all data
0.049346212297677994,-13.828,0,GPTINFRA,2025-09-10,2025-09,42,incumbent config: all data
0.017246033996343613,-4.2429,0,SANGHVIMOV,2025-09-11,2025-09,42,incumbent config: all data
0.14940811693668365,-10.8615,0,WAAREERTL,2025-09-11,2025-09,42,incumbent config: all data
0.03745824843645096,-9.6152,0,SYNCOMF,2025-09-11,2025-09,42,incumbent config: all data
0.04100595414638519,23.9485,0,SANDUMA,2025-09-15,2025-09,42,incumbent config: all data
0.038283199071884155,-11.3564,0,HARIOMPIPE,2025-09-15,2025-09,42,incumbent config: all data
0.030694276094436646,-9.2075,0,RAILTEL,2025-09-15,2025-09,42,incumbent config: all data
0.14435933530330658,-2.3468,0,PNGJL,2025-09-16,2025-09,42,incumbent config: all data
0.264346182346344,6.4137,0,SRM,2025-09-16,2025-09,42,incumbent config: all data
0.09328662604093552,-10.1678,0,ANTELOPUS,2025-09-17,2025-09,42,incumbent config: all data
0.025381749495863914,-7.7173,0,NEWGEN,2025-09-18,2025-09,42,incumbent config: all data
0.05830913782119751,-6.4324,0,KOVAI,2025-09-18,2025-09,42,incumbent config: all data
0.5077570080757141,-1.8823,0,BORORENEW,2025-09-22,2025-09,42,incumbent config: all data
0.012629943899810314,-16.2273,0,SIKA,2025-09-22,2025-09,42,incumbent config: all data
0.009279439225792885,-2.8935,0,KHAZANCHI,2025-09-23,2025-09,42,incumbent config: all data
0.6174920797348022,-9.1051,0,LOTUSDEV,2025-09-24,2025-09,42,incumbent config: all data
0.0647948831319809,-10.2239,0,ASKAUTOLTD,2025-09-24,2025-09,42,incumbent config: all data
0.03131096065044403,20.6643,0,PRIVISCL,2025-09-29,2025-09,42,incumbent config: all data
0.010220118798315525,-15.1934,0,DSSL,2025-10-01,2025-10,42,incumbent config: all data
0.014060314744710922,33.0679,1,RPEL,2025-10-03,2025-10,42,incumbent config: all data
0.04785814881324768,-10.8461,0,MANORAMA,2025-10-03,2025-10,42,incumbent config: all data
0.3901508152484894,-8.4257,0,YASHHV,2025-10-07,2025-10,42,incumbent config: all data
0.02601836435496807,5.6433,0,SKYGOLD,2025-10-07,2025-10,42,incumbent config: all data
0.04672963172197342,29.9887,1,VMARCIND,2025-10-08,2025-10,42,incumbent config: all data
0.17641502618789673,-6.4036,0,BORORENEW,2025-10-10,2025-10,42,incumbent config: all data
0.0740351602435112,4.1469,0,BONDADA,2025-10-10,2025-10,42,incumbent config: all data
0.11760261654853821,-4.1227,0,NGLFINE,2025-10-10,2025-10,42,incumbent config: all data
0.07827276736497879,-13.3378,0,ACGL,2025-10-14,2025-10,42,incumbent config: all data
0.020753417164087296,-6.5535,0,ADVAIT,2025-10-23,2025-10,42,incumbent config: all data
0.12418236583471298,-11.1839,0,DYCL,2025-10-23,2025-10,42,incumbent config: all data
0.29633212089538574,-16.1931,0,DYCL,2025-10-24,2025-10,42,incumbent config: all data
0.048833344131708145,-4.2053,0,INDIAMART,2025-10-27,2025-10,42,incumbent config: all data
0.04734547808766365,-8.2403,0,SURAKSHA,2025-10-27,2025-10,42,incumbent config: all data
0.022217191755771637,-5.4648,0,SPARC,2025-10-28,2025-10,42,incumbent config: all data
0.16404998302459717,-9.8439,0,ANTELOPUS,2025-10-28,2025-10,42,incumbent config: all data
0.05474814400076866,-5.3954,0,KPGEL,2025-10-30,2025-10,42,incumbent config: all data
0.03195756673812866,-8.9755,0,SUNSHIEL,2025-10-30,2025-10,42,incumbent config: all data
0.3794087767601013,-14.036,0,ALPEXSOLAR,2025-11-03,2025-11,42,incumbent config: all data
0.20155566930770874,-2.2845,0,DPABHUSHAN,2025-11-03,2025-11,42,incumbent config: all data
0.007312466390430927,-7.6381,0,KPEL,2025-11-03,2025-11,42,incumbent config: all data
0.022313756868243217,-3.6883,0,SENORES,2025-11-06,2025-11,42,incumbent config: all data
0.13242319226264954,-12.5573,0,DEEPINDS,2025-11-07,2025-11,42,incumbent config: all data
0.014948883093893528,-19.2137,0,FRONTSP,2025-11-13,2025-11,42,incumbent config: all data
0.012350662611424923,-9.2216,0,DSSL,2025-11-13,2025-11,42,incumbent config: all data
0.1139330044388771,-7.0853,0,GOKULAGRO,2025-11-13,2025-11,42,incumbent config: all data
0.1006242111325264,-16.0995,0,INDOTECH,2025-11-13,2025-11,42,incumbent config: all data
0.12075851112604141,-0.1352,0,MACPOWER,2025-11-13,2025-11,42,incumbent config: all data
0.004181258846074343,-6.0925,0,MONARCH,2025-11-13,2025-11,42,incumbent config: all data
0.30666834115982056,15.1232,0,ASHAPURMIN,2025-11-14,2025-11,42,incumbent config: all data
0.00554359145462513,-5.0392,0,DOMS,2025-11-14,2025-11,42,incumbent config: all data
0.014071800746023655,-12.137,0,PARAS,2025-11-14,2025-11,42,incumbent config: all data
0.02374296821653843,-12.322,0,DSSL,2025-11-17,2025-11,42,incumbent config: all data
0.008167246356606483,-4.4849,0,TIPSMUSIC,2025-11-26,2025-11,42,incumbent config: all data
0.020659685134887695,-4.4569,0,DOMS,2025-12-03,2025-12,42,incumbent config: all data
0.010544104501605034,-9.8178,0,VIJAYA,2025-12-04,2025-12,42,incumbent config: all data
0.04547205567359924,-11.9136,0,BALUFORGE,2025-12-09,2025-12,42,incumbent config: all data
0.01790650747716427,1.1185,0,RPTECH,2025-12-12,2025-12,42,incumbent config: all data
0.012310569174587727,-8.4099,0,GALAPREC,2025-12-19,2025-12,42,incumbent config: all data
0.265275239944458,-10.7692,0,PRIVISCL,2025-12-22,2025-12,42,incumbent config: all data
0.5622835159301758,-8.1887,0,RAILTEL,2025-12-23,2025-12,42,incumbent config: all data
0.14050595462322235,-13.4879,0,RAILTEL,2025-12-26,2025-12,42,incumbent config: all data
0.09767325967550278,-0.8075,0,KMCSHIL,2026-01-01,2026-01,42,incumbent config: all data
0.009731696918606758,-9.9899,0,MANORAMA,2026-01-02,2026-01,42,incumbent config: all data
0.013600337319076061,-10.5596,0,LOTUSDEV,2026-01-02,2026-01,42,incumbent config: all data
0.36590859293937683,-10.2299,0,SENORES,2026-01-02,2026-01,42,incumbent config: all data
0.03743904083967209,-13.8919,0,SIKA,2026-01-06,2026-01,42,incumbent config: all data
0.01035147625952959,-21.4648,0,RAJOOENG,2026-01-06,2026-01,42,incumbent config: all data
0.45614227652549744,-14.8894,0,LOTUSDEV,2026-01-07,2026-01,42,incumbent config: all data
0.029922569170594215,-8.6547,0,PNGJL,2026-01-07,2026-01,42,incumbent config: all data
0.020491546019911766,-10.396,0,SKYGOLD,2026-01-07,2026-01,42,incumbent config: all data
0.25685176253318787,-12.8862,0,WAAREERTL,2026-01-13,2026-01,42,incumbent config: all data
0.0056356764398515224,-6.3796,0,WINDLAS,2026-01-14,2026-01,42,incumbent config: all data
0.0058699497021734715,-8.2569,0,INDIAMART,2026-01-16,2026-01,42,incumbent config: all data
0.007398565765470266,-4.2986,0,TIPSMUSIC,2026-01-20,2026-01,42,incumbent config: all data
0.00748526630923152,-7.7829,0,ALLDIGI,2026-01-29,2026-01,42,incumbent config: all data
0.25997719168663025,-12.3842,0,GOKULAGRO,2026-02-09,2026-02,42,incumbent config: all data
0.19400858879089355,-8.5154,0,YASHHV,2026-02-09,2026-02,42,incumbent config: all data
0.03244855999946594,-9.2235,0,SKYGOLD,2026-02-09,2026-02,42,incumbent config: all data
0.6289414167404175,-2.9663,0,GPTINFRA,2026-02-10,2026-02,42,incumbent config: all data
0.07015685737133026,-9.7921,0,WEALTH,2026-02-10,2026-02,42,incumbent config: all data
0.01743076927959919,-13.75,0,SKYGOLD,2026-02-12,2026-02,42,incumbent config: all data
0.056308478116989136,-7.5692,0,JINDRILL,2026-03-02,2026-03,42,incumbent config: all data
0.00746716745197773,-9.4201,0,PARAS,2026-03-02,2026-03,42,incumbent config: all data
0.06927553564310074,-14.7698,0,PARAS,2026-03-04,2026-03,42,incumbent config: all data
0.506787121295929,88.3167,1,ATLANTAELE,2026-03-10,2026-03,42,incumbent config: all data
0.6871120929718018,94.3104,1,KSHINTL,2026-03-10,2026-03,42,incumbent config: all data
0.4042324721813202,13.9995,0,GOKULAGRO,2026-03-17,2026-03,42,incumbent config: all data
0.023245589807629585,9.9597,0,DEEPINDS,2026-03-20,2026-03,42,incumbent config: all data
0.021307960152626038,-4.0191,0,ASKAUTOLTD,2026-03-25,2026-03,42,incumbent config: all data
0.04590814188122749,-2.0582,0,SENCO,2026-04-06,2026-04,42,incumbent config: all data
0.00749618886038661,-0.0983,0,KOVAI,2026-04-08,2026-04,42,incumbent config: all data
0.5170091390609741,45.2848,1,DSSL,2026-04-08,2026-04,42,incumbent config: all data
0.006935921031981707,7.3289,0,SERVOTECH,2026-04-08,2026-04,42,incumbent config: all data
0.21920400857925415,51.5172,1,VIDYAWIRES,2026-04-09,2026-04,42,incumbent config: all data
0.49969130754470825,9.0311,0,PRUDENT,2026-04-10,2026-04,42,incumbent config: all data
0.03241764008998871,1.7933,0,SRM,2026-04-10,2026-04,42,incumbent config: all data
0.05686592310667038,2.3873,0,PRIVISCL,2026-04-17,2026-04,42,incumbent config: all data
0.021413156762719154,-9.2321,0,ASKAUTOLTD,2026-05-04,2026-05,42,incumbent config: all data
0.0252271369099617,-11.3528,0,NGLFINE,2026-05-05,2026-05,42,incumbent config: all data
0.01897306926548481,-17.4436,0,NGLFINE,2026-05-06,2026-05,42,incumbent config: all data
0.020981919020414352,-5.1669,0,SEAMECLTD,2026-05-19,2026-05,42,incumbent config: all data
0.5395937561988831,-10.6236,0,CRIZAC,2026-05-25,2026-05,42,incumbent config: all data
0.06599630415439606,-12.1643,0,NGLFINE,2022-04-04,2022-04,7,incumbent config: all data
0.8652398586273193,-12.1509,0,PARAS,2022-04-07,2022-04,7,incumbent config: all data
0.6999247074127197,29.1153,1,SANGHVIMOV,2022-06-02,2022-06,7,incumbent config: all data
0.6768874526023865,-18.3553,0,ASIANENE,2022-06-08,2022-06,7,incumbent config: all data
0.1226377859711647,27.6806,1,EMUDHRA,2022-07-11,2022-07,7,incumbent config: all data
0.22836603224277496,-12.4994,0,DEEPINDS,2022-07-21,2022-07,7,incumbent config: all data
0.9029228091239929,-9.9644,0,SANGHVIMOV,2022-08-16,2022-08,7,incumbent config: all data
0.21015629172325134,96.4219,1,SERVOTECH,2022-08-24,2022-08,7,incumbent config: all data
0.2615807354450226,-11.5883,0,EMUDHRA,2022-11-01,2022-11,7,incumbent config: all data
0.5980971455574036,-13.9203,0,HARIOMPIPE,2022-11-10,2022-11,7,incumbent config: all data
0.15910354256629944,31.0845,1,SANGHVIMOV,2022-11-10,2022-11,7,incumbent config: all data
0.18379385769367218,-4.7125,0,HARIOMPIPE,2022-11-25,2022-11,7,incumbent config: all data
0.24004629254341125,-11.0252,0,EMUDHRA,2022-12-27,2022-12,7,incumbent config: all data
0.3730369806289673,-11.2699,0,SANGHVIMOV,2023-02-10,2023-02,7,incumbent config: all data
0.8260596990585327,-7.7039,0,AVL,2023-03-01,2023-03,7,incumbent config: all data
0.02391788363456726,46.0066,1,HARIOMPIPE,2023-03-03,2023-03,7,incumbent config: all data
0.6563389897346497,29.9536,1,DEEPINDS,2023-04-03,2023-04,7,incumbent config: all data
0.5921794772148132,-12.8991,0,AVL,2023-04-06,2023-04,7,incumbent config: all data
0.10738732665777206,-2.6613,0,PARAS,2023-04-11,2023-04,7,incumbent config: all data
0.3773044943809509,27.2727,1,WINDLAS,2023-05-08,2023-05,7,incumbent config: all data
0.36790022253990173,57.974,1,DEEPINDS,2023-05-24,2023-05,7,incumbent config: all data
0.38642939925193787,50.0233,1,SANGHVIMOV,2023-05-31,2023-05,7,incumbent config: all data
0.22456438839435577,8.7638,0,WINDLAS,2023-06-02,2023-06,7,incumbent config: all data
0.11855418980121613,45.3791,1,DEEPINDS,2023-07-07,2023-07,7,incumbent config: all data
0.9162117838859558,-14.7491,0,NGLFINE,2023-08-07,2023-08,7,incumbent config: all data
0.3568676710128784,-2.4098,0,WINDLAS,2023-08-09,2023-08,7,incumbent config: all data
0.6811922192573547,4.6722,0,HARIOMPIPE,2023-08-24,2023-08,7,incumbent config: all data
0.4651462733745575,-11.2918,0,DEEPINDS,2023-10-03,2023-10,7,incumbent config: all data
0.4076419174671173,-0.9254,0,SANGHVIMOV,2023-10-31,2023-10,7,incumbent config: all data
0.40193063020706177,-8.3643,0,HARIOMPIPE,2023-11-07,2023-11,7,incumbent config: all data
0.4929228723049164,-4.7316,0,NGLFINE,2023-11-13,2023-11,7,incumbent config: all data
0.28440260887145996,-8.6093,0,PARAS,2023-12-14,2023-12,7,incumbent config: all data
0.3142588436603546,-13.9528,0,SANGHVIMOV,2023-12-21,2023-12,7,incumbent config: all data
0.32350775599479675,-10.3648,0,PARAS,2024-01-04,2024-01,7,incumbent config: all data
0.266155868768692,5.6558,0,SERVOTECH,2024-01-08,2024-01,7,incumbent config: all data
0.13887667655944824,51.254,1,EMUDHRA,2024-01-12,2024-01,7,incumbent config: all data
0.2233504354953766,-14.3407,0,AVL,2024-01-25,2024-01,7,incumbent config: all data
0.7685595154762268,-7.0863,0,WINDLAS,2024-02-08,2024-02,7,incumbent config: all data
0.538088321685791,-7.3288,0,DEEPINDS,2024-03-22,2024-03,7,incumbent config: all data
0.12036623805761337,-4.0873,0,NGLFINE,2024-04-05,2024-04,7,incumbent config: all data
0.6307514905929565,-24.1822,0,SANGHVIMOV,2024-05-15,2024-05,7,incumbent config: all data
0.4884006977081299,-7.6376,0,EMUDHRA,2024-06-11,2024-06,7,incumbent config: all data
0.9164403080940247,67.6136,1,SERVOTECH,2024-06-13,2024-06,7,incumbent config: all data
0.8226809501647949,4.7722,0,RPTECH,2024-07-03,2024-07,7,incumbent config: all data
0.724839448928833,40.2097,1,DEEPINDS,2024-07-08,2024-07,7,incumbent config: all data
0.7268324494361877,15.2713,0,HARIOMPIPE,2024-07-11,2024-07,7,incumbent config: all data
0.48320138454437256,-9.7118,0,NGLFINE,2024-07-12,2024-07,7,incumbent config: all data
0.6981759667396545,-5.9848,0,WINDLAS,2024-07-29,2024-07,7,incumbent config: all data
0.7307450175285339,-10.1874,0,JINDRILL,2024-07-30,2024-07,7,incumbent config: all data
0.7732003331184387,-12.5378,0,SANGHVIMOV,2024-07-31,2024-07,7,incumbent config: all data
0.5955173969268799,2.2779,0,EMUDHRA,2024-09-10,2024-09,7,incumbent config: all data
0.3310795724391937,-9.5771,0,JINDRILL,2024-10-18,2024-10,7,incumbent config: all data
0.14635667204856873,8.3356,0,JINDRILL,2024-10-30,2024-10,7,incumbent config: all data
0.5245638489723206,-8.7993,0,MPSLTD,2024-12-04,2024-12,7,incumbent config: all data
0.5420385003089905,-10.2699,0,ANANDRATHI,2024-12-05,2024-12,7,incumbent config: all data
0.608677327632904,-11.8393,0,MPSLTD,2024-12-05,2024-12,7,incumbent config: all data
0.14155703783035278,3.1306,0,LUMAXTECH,2024-12-06,2024-12,7,incumbent config: all data
0.5054948925971985,-9.8903,0,SIKA,2024-12-09,2024-12,7,incumbent config: all data
0.43296054005622864,-12.4213,0,ANANDRATHI,2024-12-09,2024-12,7,incumbent config: all data
0.8940252065658569,-13.4868,0,WEALTH,2024-12-11,2024-12,7,incumbent config: all data
0.5006353855133057,-8.7038,0,ASIANENE,2024-12-11,2024-12,7,incumbent config: all data
0.08846328407526016,19.3196,0,SIGMAADV,2024-12-16,2024-12,7,incumbent config: all data
0.7530278563499451,-11.6549,0,DOMS,2024-12-17,2024-12,7,incumbent config: all data
0.12075649946928024,40.8092,1,INDOTHAI,2024-12-30,2024-12,7,incumbent config: all data
0.30687424540519714,-12.8747,0,MONARCH,2025-01-02,2025-01,7,incumbent config: all data
0.35256537795066833,-19.4236,0,ALLDIGI,2025-01-07,2025-01,7,incumbent config: all data
0.2958042621612549,-12.7505,0,VIJAYA,2025-01-07,2025-01,7,incumbent config: all data
0.430623322725296,-20.0925,0,KRISHANA,2025-01-15,2025-01,7,incumbent config: all data
0.2849900424480438,9.1758,0,MPSLTD,2025-01-23,2025-01,7,incumbent config: all data
0.2869729697704315,-16.3955,0,KMCSHIL,2025-02-03,2025-02,7,incumbent config: all data
0.24644464254379272,-25.6148,0,NGLFINE,2025-02-05,2025-02,7,incumbent config: all data
0.039165835827589035,-32.5535,0,NGLFINE,2025-02-06,2025-02,7,incumbent config: all data
0.030412117019295692,-19.1416,0,ANTELOPUS,2025-03-19,2025-03,7,incumbent config: all data
0.5584579110145569,-6.0409,0,SEAMECLTD,2025-03-25,2025-03,7,incumbent config: all data
0.19778411090373993,-8.7649,0,PRIVISCL,2025-03-27,2025-03,7,incumbent config: all data
0.07998673617839813,-12.0067,0,DPABHUSHAN,2025-04-02,2025-04,7,incumbent config: all data
0.0885917916893959,-17.1262,0,SRM,2025-04-15,2025-04,7,incumbent config: all data
0.08024882525205612,15.9534,0,THYROCARE,2025-04-22,2025-04,7,incumbent config: all data
0.1804666519165039,-12.2185,0,FRONTSP,2025-04-22,2025-04,7,incumbent config: all data
0.1673699915409088,30.456,1,NDRAUTO,2025-05-09,2025-05,7,incumbent config: all data
0.024546492844820023,10.6617,0,RAILTEL,2025-05-14,2025-05,7,incumbent config: all data
0.02993345819413662,-4.8985,0,KOVAI,2025-05-14,2025-05,7,incumbent config: all data
0.051358699798583984,3.4607,0,SPARC,2025-05-16,2025-05,7,incumbent config: all data
0.04157939553260803,-7.5102,0,KHAZANCHI,2025-05-20,2025-05,7,incumbent config: all data
0.023828815668821335,-15.0507,0,DISAQ,2025-05-21,2025-05,7,incumbent config: all data
0.5021607875823975,-9.1799,0,KOVAI,2025-05-30,2025-05,7,incumbent config: all data
0.01451338455080986,-12.9458,0,HARIOMPIPE,2025-06-05,2025-06,7,incumbent config: all data
0.04050625488162041,1.8843,0,ANTELOPUS,2025-06-06,2025-06,7,incumbent config: all data
0.09938573837280273,-12.4686,0,SURAKSHA,2025-06-25,2025-06,7,incumbent config: all data
0.09043411910533905,23.6111,0,SENORES,2025-06-25,2025-06,7,incumbent config: all data
0.5333237648010254,-5.8054,0,MPSLTD,2025-06-25,2025-06,7,incumbent config: all data
0.0159821268171072,-1.2456,0,VIJAYA,2025-06-26,2025-06,7,incumbent config: all data
0.12605388462543488,-0.6615,0,SIGNPOST,2025-06-30,2025-06,7,incumbent config: all data
0.1427512913942337,61.2719,1,523229,2025-07-01,2025-07,7,incumbent config: all data
0.04952198266983032,0.5596,0,NGLFINE,2025-07-01,2025-07,7,incumbent config: all data
0.19011053442955017,-9.377,0,SANDUMA,2025-07-03,2025-07,7,incumbent config: all data
0.526367723941803,-8.4391,0,ARKADE,2025-07-07,2025-07,7,incumbent config: all data
0.03821323812007904,-1.8892,0,KHAZANCHI,2025-07-08,2025-07,7,incumbent config: all data
0.06032855808734894,-0.5104,0,ALLDIGI,2025-07-08,2025-07,7,incumbent config: all data
0.48639312386512756,1.5755,0,DPABHUSHAN,2025-07-09,2025-07,7,incumbent config: all data
0.6836028695106506,23.1663,0,OLECTRA,2025-07-10,2025-07,7,incumbent config: all data
0.0939527079463005,30.2215,1,GARUDA,2025-07-10,2025-07,7,incumbent config: all data
0.4848841428756714,-4.1777,0,MCLOUD,2025-07-15,2025-07,7,incumbent config: all data
0.13795268535614014,-7.3232,0,DISAQ,2025-07-15,2025-07,7,incumbent config: all data
0.3871133625507355,-10.658,0,SENCO,2025-07-17,2025-07,7,incumbent config: all data
0.156899094581604,13.2531,0,ASIANENE,2025-07-17,2025-07,7,incumbent config: all data
0.14141957461833954,-11.1523,0,PNGJL,2025-07-17,2025-07,7,incumbent config: all data
0.15896748006343842,-13.2931,0,530475,2025-07-17,2025-07,7,incumbent config: all data
0.18683364987373352,-6.1044,0,DPABHUSHAN,2025-07-18,2025-07,7,incumbent config: all data
0.18256747722625732,-9.6791,0,RPTECH,2025-07-18,2025-07,7,incumbent config: all data
0.10766764730215073,-9.5477,0,GPTINFRA,2025-07-21,2025-07,7,incumbent config: all data
0.07341156154870987,14.0667,0,OLECTRA,2025-07-23,2025-07,7,incumbent config: all data
0.2653452455997467,-6.202,0,WINDLAS,2025-07-24,2025-07,7,incumbent config: all data
0.2822897136211395,8.8292,0,ASIANENE,2025-07-28,2025-07,7,incumbent config: all data
0.0487544983625412,-12.5181,0,VIJAYA,2025-07-28,2025-07,7,incumbent config: all data
0.1519395411014557,89.2737,1,523229,2025-07-30,2025-07,7,incumbent config: all data
0.02508287876844406,-3.521,0,DEEPINDS,2025-08-04,2025-08,7,incumbent config: all data
0.09643158316612244,-10.5733,0,BLS,2025-08-05,2025-08,7,incumbent config: all data
0.09395672380924225,-3.3384,0,DOMS,2025-08-11,2025-08,7,incumbent config: all data
0.06253862380981445,-4.8705,0,KMCSHIL,2025-08-13,2025-08,7,incumbent config: all data
0.029244564473628998,-13.5156,0,WINDLAS,2025-08-13,2025-08,7,incumbent config: all data
0.014753669500350952,9.8345,0,JSLL,2025-08-14,2025-08,7,incumbent config: all data
0.018887275829911232,8.6756,0,GOKULAGRO,2025-08-20,2025-08,7,incumbent config: all data
0.13059678673744202,3.1325,0,NEPHROCARE,2025-08-21,2025-08,7,incumbent config: all data
0.10888657718896866,-11.9328,0,KPGEL,2025-08-21,2025-08,7,incumbent config: all data
0.05257924646139145,-6.9368,0,BALUFORGE,2025-09-02,2025-09,7,incumbent config: all data
0.01492545660585165,-16.4704,0,ASIANENE,2025-09-03,2025-09,7,incumbent config: all data
0.006764600519090891,-10.0248,0,DOMS,2025-09-04,2025-09,7,incumbent config: all data
0.024338170886039734,9.4127,0,RPTECH,2025-09-04,2025-09,7,incumbent config: all data
0.0160219743847847,56.2637,1,RPEL,2025-09-05,2025-09,7,incumbent config: all data
0.09094631671905518,-11.1474,0,ACGL,2025-09-05,2025-09,7,incumbent config: all data
0.004169842228293419,-13.3211,0,NDRAUTO,2025-09-05,2025-09,7,incumbent config: all data
0.03343239054083824,-13.828,0,GPTINFRA,2025-09-10,2025-09,7,incumbent config: all data
0.017409605905413628,-4.2429,0,SANGHVIMOV,2025-09-11,2025-09,7,incumbent config: all data
0.09725555032491684,-10.8615,0,WAAREERTL,2025-09-11,2025-09,7,incumbent config: all data
0.049120187759399414,-9.6152,0,SYNCOMF,2025-09-11,2025-09,7,incumbent config: all data
0.028841795399785042,23.9485,0,SANDUMA,2025-09-15,2025-09,7,incumbent config: all data
0.09515818953514099,-11.3564,0,HARIOMPIPE,2025-09-15,2025-09,7,incumbent config: all data
0.018891818821430206,-9.2075,0,RAILTEL,2025-09-15,2025-09,7,incumbent config: all data
0.1649089902639389,-2.3468,0,PNGJL,2025-09-16,2025-09,7,incumbent config: all data
0.28134775161743164,6.4137,0,SRM,2025-09-16,2025-09,7,incumbent config: all data
0.2483745515346527,-10.1678,0,ANTELOPUS,2025-09-17,2025-09,7,incumbent config: all data
0.07152258604764938,-7.7173,0,NEWGEN,2025-09-18,2025-09,7,incumbent config: all data
0.05481506884098053,-6.4324,0,KOVAI,2025-09-18,2025-09,7,incumbent config: all data
0.4338238835334778,-1.8823,0,BORORENEW,2025-09-22,2025-09,7,incumbent config: all data
0.012442538514733315,-16.2273,0,SIKA,2025-09-22,2025-09,7,incumbent config: all data
0.019628256559371948,-2.8935,0,KHAZANCHI,2025-09-23,2025-09,7,incumbent config: all data
0.5138416290283203,-9.1051,0,LOTUSDEV,2025-09-24,2025-09,7,incumbent config: all data
0.058945734053850174,-10.2239,0,ASKAUTOLTD,2025-09-24,2025-09,7,incumbent config: all data
0.02683233842253685,20.6643,0,PRIVISCL,2025-09-29,2025-09,7,incumbent config: all data
0.011635411530733109,-15.1934,0,DSSL,2025-10-01,2025-10,7,incumbent config: all data
0.015470189042389393,33.0679,1,RPEL,2025-10-03,2025-10,7,incumbent config: all data
0.04434294253587723,-10.8461,0,MANORAMA,2025-10-03,2025-10,7,incumbent config: all data
0.15242789685726166,-8.4257,0,YASHHV,2025-10-07,2025-10,7,incumbent config: all data
0.017307328060269356,5.6433,0,SKYGOLD,2025-10-07,2025-10,7,incumbent config: all data
0.03473846986889839,29.9887,1,VMARCIND,2025-10-08,2025-10,7,incumbent config: all data
0.06360848993062973,-6.4036,0,BORORENEW,2025-10-10,2025-10,7,incumbent config: all data
0.06576480716466904,4.1469,0,BONDADA,2025-10-10,2025-10,7,incumbent config: all data
0.1103559210896492,-4.1227,0,NGLFINE,2025-10-10,2025-10,7,incumbent config: all data
0.08047884702682495,-13.3378,0,ACGL,2025-10-14,2025-10,7,incumbent config: all data
0.010309861972928047,-6.5535,0,ADVAIT,2025-10-23,2025-10,7,incumbent config: all data
0.026079043745994568,-11.1839,0,DYCL,2025-10-23,2025-10,7,incumbent config: all data
0.23205648362636566,-16.1931,0,DYCL,2025-10-24,2025-10,7,incumbent config: all data
0.042786840349435806,-4.2053,0,INDIAMART,2025-10-27,2025-10,7,incumbent config: all data
0.06301257759332657,-8.2403,0,SURAKSHA,2025-10-27,2025-10,7,incumbent config: all data
0.02460337057709694,-5.4648,0,SPARC,2025-10-28,2025-10,7,incumbent config: all data
0.07957173138856888,-9.8439,0,ANTELOPUS,2025-10-28,2025-10,7,incumbent config: all data
0.025256531313061714,-5.3954,0,KPGEL,2025-10-30,2025-10,7,incumbent config: all data
0.053717538714408875,-8.9755,0,SUNSHIEL,2025-10-30,2025-10,7,incumbent config: all data
0.5658327341079712,-14.036,0,ALPEXSOLAR,2025-11-03,2025-11,7,incumbent config: all data
0.13322511315345764,-2.2845,0,DPABHUSHAN,2025-11-03,2025-11,7,incumbent config: all data
0.006763331592082977,-7.6381,0,KPEL,2025-11-03,2025-11,7,incumbent config: all data
0.043411705642938614,-3.6883,0,SENORES,2025-11-06,2025-11,7,incumbent config: all data
0.06491954624652863,-12.5573,0,DEEPINDS,2025-11-07,2025-11,7,incumbent config: all data
0.032873548567295074,-19.2137,0,FRONTSP,2025-11-13,2025-11,7,incumbent config: all data
0.01621607318520546,-9.2216,0,DSSL,2025-11-13,2025-11,7,incumbent config: all data
0.13725048303604126,-7.0853,0,GOKULAGRO,2025-11-13,2025-11,7,incumbent config: all data
0.07692094147205353,-16.0995,0,INDOTECH,2025-11-13,2025-11,7,incumbent config: all data
0.16934579610824585,-0.1352,0,MACPOWER,2025-11-13,2025-11,7,incumbent config: all data
0.005198440048843622,-6.0925,0,MONARCH,2025-11-13,2025-11,7,incumbent config: all data
0.4554230272769928,15.1232,0,ASHAPURMIN,2025-11-14,2025-11,7,incumbent config: all data
0.007202777545899153,-5.0392,0,DOMS,2025-11-14,2025-11,7,incumbent config: all data
0.015641219913959503,-12.137,0,PARAS,2025-11-14,2025-11,7,incumbent config: all data
0.01986592262983322,-12.322,0,DSSL,2025-11-17,2025-11,7,incumbent config: all data
0.030579915270209312,-4.4849,0,TIPSMUSIC,2025-11-26,2025-11,7,incumbent config: all data
0.010637765750288963,-4.4569,0,DOMS,2025-12-03,2025-12,7,incumbent config: all data
0.01013614609837532,-9.8178,0,VIJAYA,2025-12-04,2025-12,7,incumbent config: all data
0.059872113168239594,-11.9136,0,BALUFORGE,2025-12-09,2025-12,7,incumbent config: all data
0.011059114709496498,1.1185,0,RPTECH,2025-12-12,2025-12,7,incumbent config: all data
0.01604336127638817,-8.4099,0,GALAPREC,2025-12-19,2025-12,7,incumbent config: all data
0.27651354670524597,-10.7692,0,PRIVISCL,2025-12-22,2025-12,7,incumbent config: all data
0.5042695999145508,-8.1887,0,RAILTEL,2025-12-23,2025-12,7,incumbent config: all data
0.1418779492378235,-13.4879,0,RAILTEL,2025-12-26,2025-12,7,incumbent config: all data
0.11263178288936615,-0.8075,0,KMCSHIL,2026-01-01,2026-01,7,incumbent config: all data
0.007014833856374025,-9.9899,0,MANORAMA,2026-01-02,2026-01,7,incumbent config: all data
0.01801881194114685,-10.5596,0,LOTUSDEV,2026-01-02,2026-01,7,incumbent config: all data
0.3065281808376312,-10.2299,0,SENORES,2026-01-02,2026-01,7,incumbent config: all data
0.03483344241976738,-13.8919,0,SIKA,2026-01-06,2026-01,7,incumbent config: all data
0.01364423893392086,-21.4648,0,RAJOOENG,2026-01-06,2026-01,7,incumbent config: all data
0.3576003313064575,-14.8894,0,LOTUSDEV,2026-01-07,2026-01,7,incumbent config: all data
0.014355788938701153,-8.6547,0,PNGJL,2026-01-07,2026-01,7,incumbent config: all data
0.028438417240977287,-10.396,0,SKYGOLD,2026-01-07,2026-01,7,incumbent config: all data
0.34519049525260925,-12.8862,0,WAAREERTL,2026-01-13,2026-01,7,incumbent config: all data
0.006803812459111214,-6.3796,0,WINDLAS,2026-01-14,2026-01,7,incumbent config: all data
0.0046511460095644,-8.2569,0,INDIAMART,2026-01-16,2026-01,7,incumbent config: all data
0.01058319304138422,-4.2986,0,TIPSMUSIC,2026-01-20,2026-01,7,incumbent config: all data
0.012559489347040653,-7.7829,0,ALLDIGI,2026-01-29,2026-01,7,incumbent config: all data
0.22310815751552582,-12.3842,0,GOKULAGRO,2026-02-09,2026-02,7,incumbent config: all data
0.1253252774477005,-8.5154,0,YASHHV,2026-02-09,2026-02,7,incumbent config: all data
0.05217396095395088,-9.2235,0,SKYGOLD,2026-02-09,2026-02,7,incumbent config: all data
0.42272281646728516,-2.9663,0,GPTINFRA,2026-02-10,2026-02,7,incumbent config: all data
0.06550658494234085,-9.7921,0,WEALTH,2026-02-10,2026-02,7,incumbent config: all data
0.022437507286667824,-13.75,0,SKYGOLD,2026-02-12,2026-02,7,incumbent config: all data
0.13162989914417267,-7.5692,0,JINDRILL,2026-03-02,2026-03,7,incumbent config: all data
0.009246728383004665,-9.4201,0,PARAS,2026-03-02,2026-03,7,incumbent config: all data
0.16243122518062592,-14.7698,0,PARAS,2026-03-04,2026-03,7,incumbent config: all data
0.3906618356704712,88.3167,1,ATLANTAELE,2026-03-10,2026-03,7,incumbent config: all data
0.5083956122398376,94.3104,1,KSHINTL,2026-03-10,2026-03,7,incumbent config: all data
0.3985305726528168,13.9995,0,GOKULAGRO,2026-03-17,2026-03,7,incumbent config: all data
0.018247753381729126,9.9597,0,DEEPINDS,2026-03-20,2026-03,7,incumbent config: all data
0.02074468322098255,-4.0191,0,ASKAUTOLTD,2026-03-25,2026-03,7,incumbent config: all data
0.04099681228399277,-2.0582,0,SENCO,2026-04-06,2026-04,7,incumbent config: all data
0.005413904786109924,-0.0983,0,KOVAI,2026-04-08,2026-04,7,incumbent config: all data
0.6780076026916504,45.2848,1,DSSL,2026-04-08,2026-04,7,incumbent config: all data
0.0045144446194171906,7.3289,0,SERVOTECH,2026-04-08,2026-04,7,incumbent config: all data
0.3072720170021057,51.5172,1,VIDYAWIRES,2026-04-09,2026-04,7,incumbent config: all data
0.7159146070480347,9.0311,0,PRUDENT,2026-04-10,2026-04,7,incumbent config: all data
0.013976802118122578,1.7933,0,SRM,2026-04-10,2026-04,7,incumbent config: all data
0.04258737340569496,2.3873,0,PRIVISCL,2026-04-17,2026-04,7,incumbent config: all data
0.01472302433103323,-9.2321,0,ASKAUTOLTD,2026-05-04,2026-05,7,incumbent config: all data
0.03086496703326702,-11.3528,0,NGLFINE,2026-05-05,2026-05,7,incumbent config: all data
0.01011240016669035,-17.4436,0,NGLFINE,2026-05-06,2026-05,7,incumbent config: all data
0.022002816200256348,-5.1669,0,SEAMECLTD,2026-05-19,2026-05,7,incumbent config: all data
0.2672578692436218,-10.6236,0,CRIZAC,2026-05-25,2026-05,7,incumbent config: all data
0.055614057928323746,-12.1643,0,NGLFINE,2022-04-04,2022-04,13,incumbent config: all data
0.8527185916900635,-12.1509,0,PARAS,2022-04-07,2022-04,13,incumbent config: all data
0.7743237614631653,29.1153,1,SANGHVIMOV,2022-06-02,2022-06,13,incumbent config: all data
0.7012149691581726,-18.3553,0,ASIANENE,2022-06-08,2022-06,13,incumbent config: all data
0.2539329528808594,27.6806,1,EMUDHRA,2022-07-11,2022-07,13,incumbent config: all data
0.32034268975257874,-12.4994,0,DEEPINDS,2022-07-21,2022-07,13,incumbent config: all data
0.9338161945343018,-9.9644,0,SANGHVIMOV,2022-08-16,2022-08,13,incumbent config: all data
0.44665035605430603,96.4219,1,SERVOTECH,2022-08-24,2022-08,13,incumbent config: all data
0.1970842480659485,-11.5883,0,EMUDHRA,2022-11-01,2022-11,13,incumbent config: all data
0.29756221175193787,-13.9203,0,HARIOMPIPE,2022-11-10,2022-11,13,incumbent config: all data
0.16793033480644226,31.0845,1,SANGHVIMOV,2022-11-10,2022-11,13,incumbent config: all data
0.11846348643302917,-4.7125,0,HARIOMPIPE,2022-11-25,2022-11,13,incumbent config: all data
0.3265143036842346,-11.0252,0,EMUDHRA,2022-12-27,2022-12,13,incumbent config: all data
0.4311887323856354,-11.2699,0,SANGHVIMOV,2023-02-10,2023-02,13,incumbent config: all data
0.8464365005493164,-7.7039,0,AVL,2023-03-01,2023-03,13,incumbent config: all data
0.024916283786296844,46.0066,1,HARIOMPIPE,2023-03-03,2023-03,13,incumbent config: all data
0.46793806552886963,29.9536,1,DEEPINDS,2023-04-03,2023-04,13,incumbent config: all data
0.7054959535598755,-12.8991,0,AVL,2023-04-06,2023-04,13,incumbent config: all data
0.199279323220253,-2.6613,0,PARAS,2023-04-11,2023-04,13,incumbent config: all data
0.3181704580783844,27.2727,1,WINDLAS,2023-05-08,2023-05,13,incumbent config: all data
0.2976242005825043,57.974,1,DEEPINDS,2023-05-24,2023-05,13,incumbent config: all data
0.36537855863571167,50.0233,1,SANGHVIMOV,2023-05-31,2023-05,13,incumbent config: all data
0.3218311071395874,8.7638,0,WINDLAS,2023-06-02,2023-06,13,incumbent config: all data
0.028398552909493446,45.3791,1,DEEPINDS,2023-07-07,2023-07,13,incumbent config: all data
0.9151421785354614,-14.7491,0,NGLFINE,2023-08-07,2023-08,13,incumbent config: all data
0.40779781341552734,-2.4098,0,WINDLAS,2023-08-09,2023-08,13,incumbent config: all data
0.7823182940483093,4.6722,0,HARIOMPIPE,2023-08-24,2023-08,13,incumbent config: all data
0.56395423412323,-11.2918,0,DEEPINDS,2023-10-03,2023-10,13,incumbent config: all data
0.40284472703933716,-0.9254,0,SANGHVIMOV,2023-10-31,2023-10,13,incumbent config: all data
0.23205406963825226,-8.3643,0,HARIOMPIPE,2023-11-07,2023-11,13,incumbent config: all data
0.3888382315635681,-4.7316,0,NGLFINE,2023-11-13,2023-11,13,incumbent config: all data
0.2772696018218994,-8.6093,0,PARAS,2023-12-14,2023-12,13,incumbent config: all data
0.21892999112606049,-13.9528,0,SANGHVIMOV,2023-12-21,2023-12,13,incumbent config: all data
0.24068677425384521,-10.3648,0,PARAS,2024-01-04,2024-01,13,incumbent config: all data
0.2501934766769409,5.6558,0,SERVOTECH,2024-01-08,2024-01,13,incumbent config: all data
0.22630004584789276,51.254,1,EMUDHRA,2024-01-12,2024-01,13,incumbent config: all data
0.320753276348114,-14.3407,0,AVL,2024-01-25,2024-01,13,incumbent config: all data
0.858586311340332,-7.0863,0,WINDLAS,2024-02-08,2024-02,13,incumbent config: all data
0.783474326133728,-7.3288,0,DEEPINDS,2024-03-22,2024-03,13,incumbent config: all data
0.1137123554944992,-4.0873,0,NGLFINE,2024-04-05,2024-04,13,incumbent config: all data
0.5673698782920837,-24.1822,0,SANGHVIMOV,2024-05-15,2024-05,13,incumbent config: all data
0.47061875462532043,-7.6376,0,EMUDHRA,2024-06-11,2024-06,13,incumbent config: all data
0.874976396560669,67.6136,1,SERVOTECH,2024-06-13,2024-06,13,incumbent config: all data
0.8296767473220825,4.7722,0,RPTECH,2024-07-03,2024-07,13,incumbent config: all data
0.7502611875534058,40.2097,1,DEEPINDS,2024-07-08,2024-07,13,incumbent config: all data
0.7659584283828735,15.2713,0,HARIOMPIPE,2024-07-11,2024-07,13,incumbent config: all data
0.6445832848548889,-9.7118,0,NGLFINE,2024-07-12,2024-07,13,incumbent config: all data
0.8109362721443176,-5.9848,0,WINDLAS,2024-07-29,2024-07,13,incumbent config: all data
0.7321183681488037,-10.1874,0,JINDRILL,2024-07-30,2024-07,13,incumbent config: all data
0.6422535181045532,-12.5378,0,SANGHVIMOV,2024-07-31,2024-07,13,incumbent config: all data
0.5963367223739624,2.2779,0,EMUDHRA,2024-09-10,2024-09,13,incumbent config: all data
0.4698849618434906,-9.5771,0,JINDRILL,2024-10-18,2024-10,13,incumbent config: all data
0.38868221640586853,8.3356,0,JINDRILL,2024-10-30,2024-10,13,incumbent config: all data
0.48914843797683716,-8.7993,0,MPSLTD,2024-12-04,2024-12,13,incumbent config: all data
0.5582646131515503,-10.2699,0,ANANDRATHI,2024-12-05,2024-12,13,incumbent config: all data
0.625819981098175,-11.8393,0,MPSLTD,2024-12-05,2024-12,13,incumbent config: all data
0.22972050309181213,3.1306,0,LUMAXTECH,2024-12-06,2024-12,13,incumbent config: all data
0.5855090618133545,-9.8903,0,SIKA,2024-12-09,2024-12,13,incumbent config: all data
0.3699244558811188,-12.4213,0,ANANDRATHI,2024-12-09,2024-12,13,incumbent config: all data
0.8755985498428345,-13.4868,0,WEALTH,2024-12-11,2024-12,13,incumbent config: all data
0.43439558148384094,-8.7038,0,ASIANENE,2024-12-11,2024-12,13,incumbent config: all data
0.09950639307498932,19.3196,0,SIGMAADV,2024-12-16,2024-12,13,incumbent config: all data
0.7826889157295227,-11.6549,0,DOMS,2024-12-17,2024-12,13,incumbent config: all data
0.13025742769241333,40.8092,1,INDOTHAI,2024-12-30,2024-12,13,incumbent config: all data
0.16596561670303345,-12.8747,0,MONARCH,2025-01-02,2025-01,13,incumbent config: all data
0.26234060525894165,-19.4236,0,ALLDIGI,2025-01-07,2025-01,13,incumbent config: all data
0.31024372577667236,-12.7505,0,VIJAYA,2025-01-07,2025-01,13,incumbent config: all data
0.3264738917350769,-20.0925,0,KRISHANA,2025-01-15,2025-01,13,incumbent config: all data
0.238459512591362,9.1758,0,MPSLTD,2025-01-23,2025-01,13,incumbent config: all data
0.1988169252872467,-16.3955,0,KMCSHIL,2025-02-03,2025-02,13,incumbent config: all data
0.2590412497520447,-25.6148,0,NGLFINE,2025-02-05,2025-02,13,incumbent config: all data
0.02240482158958912,-32.5535,0,NGLFINE,2025-02-06,2025-02,13,incumbent config: all data
0.02642921917140484,-19.1416,0,ANTELOPUS,2025-03-19,2025-03,13,incumbent config: all data
0.511471688747406,-6.0409,0,SEAMECLTD,2025-03-25,2025-03,13,incumbent config: all data
0.2029755711555481,-8.7649,0,PRIVISCL,2025-03-27,2025-03,13,incumbent config: all data
0.08755654096603394,-12.0067,0,DPABHUSHAN,2025-04-02,2025-04,13,incumbent config: all data
0.16032108664512634,-17.1262,0,SRM,2025-04-15,2025-04,13,incumbent config: all data
0.1308048665523529,15.9534,0,THYROCARE,2025-04-22,2025-04,13,incumbent config: all data
0.11937537789344788,-12.2185,0,FRONTSP,2025-04-22,2025-04,13,incumbent config: all data
0.12136081606149673,30.456,1,NDRAUTO,2025-05-09,2025-05,13,incumbent config: all data
0.01456419937312603,10.6617,0,RAILTEL,2025-05-14,2025-05,13,incumbent config: all data
0.02446725033223629,-4.8985,0,KOVAI,2025-05-14,2025-05,13,incumbent config: all data
0.058601561933755875,3.4607,0,SPARC,2025-05-16,2025-05,13,incumbent config: all data
0.07291091233491898,-7.5102,0,KHAZANCHI,2025-05-20,2025-05,13,incumbent config: all data
0.023785874247550964,-15.0507,0,DISAQ,2025-05-21,2025-05,13,incumbent config: all data
0.5249061584472656,-9.1799,0,KOVAI,2025-05-30,2025-05,13,incumbent config: all data
0.010029797442257404,-12.9458,0,HARIOMPIPE,2025-06-05,2025-06,13,incumbent config: all data
0.20099911093711853,1.8843,0,ANTELOPUS,2025-06-06,2025-06,13,incumbent config: all data
0.06900560110807419,-12.4686,0,SURAKSHA,2025-06-25,2025-06,13,incumbent config: all data
0.18172812461853027,23.6111,0,SENORES,2025-06-25,2025-06,13,incumbent config: all data
0.5168537497520447,-5.8054,0,MPSLTD,2025-06-25,2025-06,13,incumbent config: all data
0.009859003126621246,-1.2456,0,VIJAYA,2025-06-26,2025-06,13,incumbent config: all data
0.07611559331417084,-0.6615,0,SIGNPOST,2025-06-30,2025-06,13,incumbent config: all data
0.12130139768123627,61.2719,1,523229,2025-07-01,2025-07,13,incumbent config: all data
0.18728910386562347,0.5596,0,NGLFINE,2025-07-01,2025-07,13,incumbent config: all data
0.2651412785053253,-9.377,0,SANDUMA,2025-07-03,2025-07,13,incumbent config: all data
0.6009142398834229,-8.4391,0,ARKADE,2025-07-07,2025-07,13,incumbent config: all data
0.0748489573597908,-1.8892,0,KHAZANCHI,2025-07-08,2025-07,13,incumbent config: all data
0.044295534491539,-0.5104,0,ALLDIGI,2025-07-08,2025-07,13,incumbent config: all data
0.5083580613136292,1.5755,0,DPABHUSHAN,2025-07-09,2025-07,13,incumbent config: all data
0.7927308678627014,23.1663,0,OLECTRA,2025-07-10,2025-07,13,incumbent config: all data
0.07662617415189743,30.2215,1,GARUDA,2025-07-10,2025-07,13,incumbent config: all data
0.36578458547592163,-4.1777,0,MCLOUD,2025-07-15,2025-07,13,incumbent config: all data
0.12974496185779572,-7.3232,0,DISAQ,2025-07-15,2025-07,13,incumbent config: all data
0.5907857418060303,-10.658,0,SENCO,2025-07-17,2025-07,13,incumbent config: all data
0.10981925576925278,13.2531,0,ASIANENE,2025-07-17,2025-07,13,incumbent config: all data
0.10161251574754715,-11.1523,0,PNGJL,2025-07-17,2025-07,13,incumbent config: all data
0.2358521968126297,-13.2931,0,530475,2025-07-17,2025-07,13,incumbent config: all data
0.17197425663471222,-6.1044,0,DPABHUSHAN,2025-07-18,2025-07,13,incumbent config: all data
0.1399281769990921,-9.6791,0,RPTECH,2025-07-18,2025-07,13,incumbent config: all data
0.06134844571352005,-9.5477,0,GPTINFRA,2025-07-21,2025-07,13,incumbent config: all data
0.05313880741596222,14.0667,0,OLECTRA,2025-07-23,2025-07,13,incumbent config: all data
0.35393816232681274,-6.202,0,WINDLAS,2025-07-24,2025-07,13,incumbent config: all data
0.29741793870925903,8.8292,0,ASIANENE,2025-07-28,2025-07,13,incumbent config: all data
0.026886867359280586,-12.5181,0,VIJAYA,2025-07-28,2025-07,13,incumbent config: all data
0.08139944076538086,89.2737,1,523229,2025-07-30,2025-07,13,incumbent config: all data
0.026728564873337746,-3.521,0,DEEPINDS,2025-08-04,2025-08,13,incumbent config: all data
0.08659521490335464,-10.5733,0,BLS,2025-08-05,2025-08,13,incumbent config: all data
0.054311059415340424,-3.3384,0,DOMS,2025-08-11,2025-08,13,incumbent config: all data
0.06597376614809036,-4.8705,0,KMCSHIL,2025-08-13,2025-08,13,incumbent config: all data
0.04953869804739952,-13.5156,0,WINDLAS,2025-08-13,2025-08,13,incumbent config: all data
0.008712018840014935,9.8345,0,JSLL,2025-08-14,2025-08,13,incumbent config: all data
0.05393927916884422,8.6756,0,GOKULAGRO,2025-08-20,2025-08,13,incumbent config: all data
0.19716332852840424,3.1325,0,NEPHROCARE,2025-08-21,2025-08,13,incumbent config: all data
0.11195116490125656,-11.9328,0,KPGEL,2025-08-21,2025-08,13,incumbent config: all data
0.03474017232656479,-6.9368,0,BALUFORGE,2025-09-02,2025-09,13,incumbent config: all data
0.02487826719880104,-16.4704,0,ASIANENE,2025-09-03,2025-09,13,incumbent config: all data
0.01515338383615017,-10.0248,0,DOMS,2025-09-04,2025-09,13,incumbent config: all data
0.02293122373521328,9.4127,0,RPTECH,2025-09-04,2025-09,13,incumbent config: all data
0.030756836757063866,56.2637,1,RPEL,2025-09-05,2025-09,13,incumbent config: all data
0.0419723242521286,-11.1474,0,ACGL,2025-09-05,2025-09,13,incumbent config: all data
0.022361258044838905,-13.3211,0,NDRAUTO,2025-09-05,2025-09,13,incumbent config: all data
0.04090503230690956,-13.828,0,GPTINFRA,2025-09-10,2025-09,13,incumbent config: all data
0.05538859963417053,-4.2429,0,SANGHVIMOV,2025-09-11,2025-09,13,incumbent config: all data
0.17663130164146423,-10.8615,0,WAAREERTL,2025-09-11,2025-09,13,incumbent config: all data
0.04366997629404068,-9.6152,0,SYNCOMF,2025-09-11,2025-09,13,incumbent config: all data
0.02973025292158127,23.9485,0,SANDUMA,2025-09-15,2025-09,13,incumbent config: all data
0.06596942245960236,-11.3564,0,HARIOMPIPE,2025-09-15,2025-09,13,incumbent config: all data
0.05698811262845993,-9.2075,0,RAILTEL,2025-09-15,2025-09,13,incumbent config: all data
0.24821016192436218,-2.3468,0,PNGJL,2025-09-16,2025-09,13,incumbent config: all data
0.22392717003822327,6.4137,0,SRM,2025-09-16,2025-09,13,incumbent config: all data
0.23827365040779114,-10.1678,0,ANTELOPUS,2025-09-17,2025-09,13,incumbent config: all data
0.049926869571208954,-7.7173,0,NEWGEN,2025-09-18,2025-09,13,incumbent config: all data
0.07014970481395721,-6.4324,0,KOVAI,2025-09-18,2025-09,13,incumbent config: all data
0.5354966521263123,-1.8823,0,BORORENEW,2025-09-22,2025-09,13,incumbent config: all data
0.03988585248589516,-16.2273,0,SIKA,2025-09-22,2025-09,13,incumbent config: all data
0.011085309088230133,-2.8935,0,KHAZANCHI,2025-09-23,2025-09,13,incumbent config: all data
0.6279041767120361,-9.1051,0,LOTUSDEV,2025-09-24,2025-09,13,incumbent config: all data
0.07506483793258667,-10.2239,0,ASKAUTOLTD,2025-09-24,2025-09,13,incumbent config: all data
0.02370723895728588,20.6643,0,PRIVISCL,2025-09-29,2025-09,13,incumbent config: all data
0.008174792863428593,-15.1934,0,DSSL,2025-10-01,2025-10,13,incumbent config: all data
0.01097729429602623,33.0679,1,RPEL,2025-10-03,2025-10,13,incumbent config: all data
0.026355799287557602,-10.8461,0,MANORAMA,2025-10-03,2025-10,13,incumbent config: all data
0.06545251607894897,-8.4257,0,YASHHV,2025-10-07,2025-10,13,incumbent config: all data
0.015898242592811584,5.6433,0,SKYGOLD,2025-10-07,2025-10,13,incumbent config: all data
0.03396248444914818,29.9887,1,VMARCIND,2025-10-08,2025-10,13,incumbent config: all data
0.16560424864292145,-6.4036,0,BORORENEW,2025-10-10,2025-10,13,incumbent config: all data
0.0267696101218462,4.1469,0,BONDADA,2025-10-10,2025-10,13,incumbent config: all data
0.08537273854017258,-4.1227,0,NGLFINE,2025-10-10,2025-10,13,incumbent config: all data
0.03881251811981201,-13.3378,0,ACGL,2025-10-14,2025-10,13,incumbent config: all data
0.008311371318995953,-6.5535,0,ADVAIT,2025-10-23,2025-10,13,incumbent config: all data
0.04112914204597473,-11.1839,0,DYCL,2025-10-23,2025-10,13,incumbent config: all data
0.08907894045114517,-16.1931,0,DYCL,2025-10-24,2025-10,13,incumbent config: all data
0.041981957852840424,-4.2053,0,INDIAMART,2025-10-27,2025-10,13,incumbent config: all data
0.060416292399168015,-8.2403,0,SURAKSHA,2025-10-27,2025-10,13,incumbent config: all data
0.02292913943529129,-5.4648,0,SPARC,2025-10-28,2025-10,13,incumbent config: all data
0.14792975783348083,-9.8439,0,ANTELOPUS,2025-10-28,2025-10,13,incumbent config: all data
0.01787097007036209,-5.3954,0,KPGEL,2025-10-30,2025-10,13,incumbent config: all data
0.027630731463432312,-8.9755,0,SUNSHIEL,2025-10-30,2025-10,13,incumbent config: all data
0.2561298906803131,-14.036,0,ALPEXSOLAR,2025-11-03,2025-11,13,incumbent config: all data
0.24680878221988678,-2.2845,0,DPABHUSHAN,2025-11-03,2025-11,13,incumbent config: all data
0.010017480701208115,-7.6381,0,KPEL,2025-11-03,2025-11,13,incumbent config: all data
0.0535944402217865,-3.6883,0,SENORES,2025-11-06,2025-11,13,incumbent config: all data
0.12255692481994629,-12.5573,0,DEEPINDS,2025-11-07,2025-11,13,incumbent config: all data
0.01323463674634695,-19.2137,0,FRONTSP,2025-11-13,2025-11,13,incumbent config: all data
0.017018692567944527,-9.2216,0,DSSL,2025-11-13,2025-11,13,incumbent config: all data
0.03917789086699486,-7.0853,0,GOKULAGRO,2025-11-13,2025-11,13,incumbent config: all data
0.06481610983610153,-16.0995,0,INDOTECH,2025-11-13,2025-11,13,incumbent config: all data
0.1539861112833023,-0.1352,0,MACPOWER,2025-11-13,2025-11,13,incumbent config: all data
0.004981449339538813,-6.0925,0,MONARCH,2025-11-13,2025-11,13,incumbent config: all data
0.19497989118099213,15.1232,0,ASHAPURMIN,2025-11-14,2025-11,13,incumbent config: all data
0.008611410856246948,-5.0392,0,DOMS,2025-11-14,2025-11,13,incumbent config: all data
0.017364244908094406,-12.137,0,PARAS,2025-11-14,2025-11,13,incumbent config: all data
0.022167110815644264,-12.322,0,DSSL,2025-11-17,2025-11,13,incumbent config: all data
0.026233762502670288,-4.4849,0,TIPSMUSIC,2025-11-26,2025-11,13,incumbent config: all data
0.028382558375597,-4.4569,0,DOMS,2025-12-03,2025-12,13,incumbent config: all data
0.012691116891801357,-9.8178,0,VIJAYA,2025-12-04,2025-12,13,incumbent config: all data
0.06648677587509155,-11.9136,0,BALUFORGE,2025-12-09,2025-12,13,incumbent config: all data
0.04136667773127556,1.1185,0,RPTECH,2025-12-12,2025-12,13,incumbent config: all data
0.022291120141744614,-8.4099,0,GALAPREC,2025-12-19,2025-12,13,incumbent config: all data
0.28473758697509766,-10.7692,0,PRIVISCL,2025-12-22,2025-12,13,incumbent config: all data
0.695486307144165,-8.1887,0,RAILTEL,2025-12-23,2025-12,13,incumbent config: all data
0.21735478937625885,-13.4879,0,RAILTEL,2025-12-26,2025-12,13,incumbent config: all data
0.05436905845999718,-0.8075,0,KMCSHIL,2026-01-01,2026-01,13,incumbent config: all data
0.008569593541324139,-9.9899,0,MANORAMA,2026-01-02,2026-01,13,incumbent config: all data
0.011958952061831951,-10.5596,0,LOTUSDEV,2026-01-02,2026-01,13,incumbent config: all data
0.14781001210212708,-10.2299,0,SENORES,2026-01-02,2026-01,13,incumbent config: all data
0.01902594603598118,-13.8919,0,SIKA,2026-01-06,2026-01,13,incumbent config: all data
0.014317360706627369,-21.4648,0,RAJOOENG,2026-01-06,2026-01,13,incumbent config: all data
0.21320506930351257,-14.8894,0,LOTUSDEV,2026-01-07,2026-01,13,incumbent config: all data
0.021457936614751816,-8.6547,0,PNGJL,2026-01-07,2026-01,13,incumbent config: all data
0.014233347028493881,-10.396,0,SKYGOLD,2026-01-07,2026-01,13,incumbent config: all data
0.318008154630661,-12.8862,0,WAAREERTL,2026-01-13,2026-01,13,incumbent config: all data
0.006111223250627518,-6.3796,0,WINDLAS,2026-01-14,2026-01,13,incumbent config: all data
0.011535312980413437,-8.2569,0,INDIAMART,2026-01-16,2026-01,13,incumbent config: all data
0.00942640844732523,-4.2986,0,TIPSMUSIC,2026-01-20,2026-01,13,incumbent config: all data
0.008781391195952892,-7.7829,0,ALLDIGI,2026-01-29,2026-01,13,incumbent config: all data
0.24215708673000336,-12.3842,0,GOKULAGRO,2026-02-09,2026-02,13,incumbent config: all data
0.10156546533107758,-8.5154,0,YASHHV,2026-02-09,2026-02,13,incumbent config: all data
0.0398804172873497,-9.2235,0,SKYGOLD,2026-02-09,2026-02,13,incumbent config: all data
0.5580950379371643,-2.9663,0,GPTINFRA,2026-02-10,2026-02,13,incumbent config: all data
0.027171779423952103,-9.7921,0,WEALTH,2026-02-10,2026-02,13,incumbent config: all data
0.014463680796325207,-13.75,0,SKYGOLD,2026-02-12,2026-02,13,incumbent config: all data
0.192129984498024,-7.5692,0,JINDRILL,2026-03-02,2026-03,13,incumbent config: all data
0.013391803950071335,-9.4201,0,PARAS,2026-03-02,2026-03,13,incumbent config: all data
0.09254470467567444,-14.7698,0,PARAS,2026-03-04,2026-03,13,incumbent config: all data
0.3607516884803772,88.3167,1,ATLANTAELE,2026-03-10,2026-03,13,incumbent config: all data
0.5658888816833496,94.3104,1,KSHINTL,2026-03-10,2026-03,13,incumbent config: all data
0.2857406437397003,13.9995,0,GOKULAGRO,2026-03-17,2026-03,13,incumbent config: all data
0.01643240824341774,9.9597,0,DEEPINDS,2026-03-20,2026-03,13,incumbent config: all data
0.01239811535924673,-4.0191,0,ASKAUTOLTD,2026-03-25,2026-03,13,incumbent config: all data
0.045931581407785416,-2.0582,0,SENCO,2026-04-06,2026-04,13,incumbent config: all data
0.004395277705043554,-0.0983,0,KOVAI,2026-04-08,2026-04,13,incumbent config: all data
0.39416128396987915,45.2848,1,DSSL,2026-04-08,2026-04,13,incumbent config: all data
0.004902473650872707,7.3289,0,SERVOTECH,2026-04-08,2026-04,13,incumbent config: all data
0.30074867606163025,51.5172,1,VIDYAWIRES,2026-04-09,2026-04,13,incumbent config: all data
0.5897403359413147,9.0311,0,PRUDENT,2026-04-10,2026-04,13,incumbent config: all data
0.027084503322839737,1.7933,0,SRM,2026-04-10,2026-04,13,incumbent config: all data
0.024246003478765488,2.3873,0,PRIVISCL,2026-04-17,2026-04,13,incumbent config: all data
0.022325489670038223,-9.2321,0,ASKAUTOLTD,2026-05-04,2026-05,13,incumbent config: all data
0.03650170564651489,-11.3528,0,NGLFINE,2026-05-05,2026-05,13,incumbent config: all data
0.015531758777797222,-17.4436,0,NGLFINE,2026-05-06,2026-05,13,incumbent config: all data
0.025518428534269333,-5.1669,0,SEAMECLTD,2026-05-19,2026-05,13,incumbent config: all data
0.6019182801246643,-10.6236,0,CRIZAC,2026-05-25,2026-05,13,incumbent config: all data
0.056497734040021896,-12.1643,0,NGLFINE,2022-04-04,2022-04,99,incumbent config: all data
0.8360494375228882,-12.1509,0,PARAS,2022-04-07,2022-04,99,incumbent config: all data
0.6968459486961365,29.1153,1,SANGHVIMOV,2022-06-02,2022-06,99,incumbent config: all data
0.5802611708641052,-18.3553,0,ASIANENE,2022-06-08,2022-06,99,incumbent config: all data
0.34396296739578247,27.6806,1,EMUDHRA,2022-07-11,2022-07,99,incumbent config: all data
0.22442135214805603,-12.4994,0,DEEPINDS,2022-07-21,2022-07,99,incumbent config: all data
0.887008011341095,-9.9644,0,SANGHVIMOV,2022-08-16,2022-08,99,incumbent config: all data
0.20521971583366394,96.4219,1,SERVOTECH,2022-08-24,2022-08,99,incumbent config: all data
0.32301169633865356,-11.5883,0,EMUDHRA,2022-11-01,2022-11,99,incumbent config: all data
0.47202742099761963,-13.9203,0,HARIOMPIPE,2022-11-10,2022-11,99,incumbent config: all data
0.1973881721496582,31.0845,1,SANGHVIMOV,2022-11-10,2022-11,99,incumbent config: all data
0.23260140419006348,-4.7125,0,HARIOMPIPE,2022-11-25,2022-11,99,incumbent config: all data
0.19543229043483734,-11.0252,0,EMUDHRA,2022-12-27,2022-12,99,incumbent config: all data
0.21908923983573914,-11.2699,0,SANGHVIMOV,2023-02-10,2023-02,99,incumbent config: all data
0.7494413256645203,-7.7039,0,AVL,2023-03-01,2023-03,99,incumbent config: all data
0.02606450393795967,46.0066,1,HARIOMPIPE,2023-03-03,2023-03,99,incumbent config: all data
0.5533123016357422,29.9536,1,DEEPINDS,2023-04-03,2023-04,99,incumbent config: all data
0.5024887919425964,-12.8991,0,AVL,2023-04-06,2023-04,99,incumbent config: all data
0.20393039286136627,-2.6613,0,PARAS,2023-04-11,2023-04,99,incumbent config: all data
0.2302062064409256,27.2727,1,WINDLAS,2023-05-08,2023-05,99,incumbent config: all data
0.4327615201473236,57.974,1,DEEPINDS,2023-05-24,2023-05,99,incumbent config: all data
0.46164020895957947,50.0233,1,SANGHVIMOV,2023-05-31,2023-05,99,incumbent config: all data
0.3447205722332001,8.7638,0,WINDLAS,2023-06-02,2023-06,99,incumbent config: all data
0.04989926144480705,45.3791,1,DEEPINDS,2023-07-07,2023-07,99,incumbent config: all data
0.870927631855011,-14.7491,0,NGLFINE,2023-08-07,2023-08,99,incumbent config: all data
0.35984474420547485,-2.4098,0,WINDLAS,2023-08-09,2023-08,99,incumbent config: all data
0.7330738306045532,4.6722,0,HARIOMPIPE,2023-08-24,2023-08,99,incumbent config: all data
0.46623876690864563,-11.2918,0,DEEPINDS,2023-10-03,2023-10,99,incumbent config: all data
0.4775541424751282,-0.9254,0,SANGHVIMOV,2023-10-31,2023-10,99,incumbent config: all data
0.17648345232009888,-8.3643,0,HARIOMPIPE,2023-11-07,2023-11,99,incumbent config: all data
0.2701922357082367,-4.7316,0,NGLFINE,2023-11-13,2023-11,99,incumbent config: all data
0.20914573967456818,-8.6093,0,PARAS,2023-12-14,2023-12,99,incumbent config: all data
0.2216346263885498,-13.9528,0,SANGHVIMOV,2023-12-21,2023-12,99,incumbent config: all data
0.14256790280342102,-10.3648,0,PARAS,2024-01-04,2024-01,99,incumbent config: all data
0.26013898849487305,5.6558,0,SERVOTECH,2024-01-08,2024-01,99,incumbent config: all data
0.09061484038829803,51.254,1,EMUDHRA,2024-01-12,2024-01,99,incumbent config: all data
0.5050058364868164,-14.3407,0,AVL,2024-01-25,2024-01,99,incumbent config: all data
0.7865599393844604,-7.0863,0,WINDLAS,2024-02-08,2024-02,99,incumbent config: all data
0.7107927799224854,-7.3288,0,DEEPINDS,2024-03-22,2024-03,99,incumbent config: all data
0.05342140048742294,-4.0873,0,NGLFINE,2024-04-05,2024-04,99,incumbent config: all data
0.7021698355674744,-24.1822,0,SANGHVIMOV,2024-05-15,2024-05,99,incumbent config: all data
0.7670567631721497,-7.6376,0,EMUDHRA,2024-06-11,2024-06,99,incumbent config: all data
0.9231525659561157,67.6136,1,SERVOTECH,2024-06-13,2024-06,99,incumbent config: all data
0.8936496376991272,4.7722,0,RPTECH,2024-07-03,2024-07,99,incumbent config: all data
0.7551267743110657,40.2097,1,DEEPINDS,2024-07-08,2024-07,99,incumbent config: all data
0.7293197512626648,15.2713,0,HARIOMPIPE,2024-07-11,2024-07,99,incumbent config: all data
0.4492407441139221,-9.7118,0,NGLFINE,2024-07-12,2024-07,99,incumbent config: all data
0.5399962663650513,-5.9848,0,WINDLAS,2024-07-29,2024-07,99,incumbent config: all data
0.5243566632270813,-10.1874,0,JINDRILL,2024-07-30,2024-07,99,incumbent config: all data
0.6973286867141724,-12.5378,0,SANGHVIMOV,2024-07-31,2024-07,99,incumbent config: all data
0.5705958604812622,2.2779,0,EMUDHRA,2024-09-10,2024-09,99,incumbent config: all data
0.31931352615356445,-9.5771,0,JINDRILL,2024-10-18,2024-10,99,incumbent config: all data
0.26720231771469116,8.3356,0,JINDRILL,2024-10-30,2024-10,99,incumbent config: all data
0.40856310725212097,-8.7993,0,MPSLTD,2024-12-04,2024-12,99,incumbent config: all data
0.4926338791847229,-10.2699,0,ANANDRATHI,2024-12-05,2024-12,99,incumbent config: all data
0.48761144280433655,-11.8393,0,MPSLTD,2024-12-05,2024-12,99,incumbent config: all data
0.20554398000240326,3.1306,0,LUMAXTECH,2024-12-06,2024-12,99,incumbent config: all data
0.48378419876098633,-9.8903,0,SIKA,2024-12-09,2024-12,99,incumbent config: all data
0.3035738468170166,-12.4213,0,ANANDRATHI,2024-12-09,2024-12,99,incumbent config: all data
0.8386418223381042,-13.4868,0,WEALTH,2024-12-11,2024-12,99,incumbent config: all data
0.44404336810112,-8.7038,0,ASIANENE,2024-12-11,2024-12,99,incumbent config: all data
0.09229961782693863,19.3196,0,SIGMAADV,2024-12-16,2024-12,99,incumbent config: all data
0.8318513035774231,-11.6549,0,DOMS,2024-12-17,2024-12,99,incumbent config: all data
0.08390557765960693,40.8092,1,INDOTHAI,2024-12-30,2024-12,99,incumbent config: all data
0.27718114852905273,-12.8747,0,MONARCH,2025-01-02,2025-01,99,incumbent config: all data
0.2885870337486267,-19.4236,0,ALLDIGI,2025-01-07,2025-01,99,incumbent config: all data
0.40138593316078186,-12.7505,0,VIJAYA,2025-01-07,2025-01,99,incumbent config: all data
0.28076374530792236,-20.0925,0,KRISHANA,2025-01-15,2025-01,99,incumbent config: all data
0.375199556350708,9.1758,0,MPSLTD,2025-01-23,2025-01,99,incumbent config: all data
0.18514347076416016,-16.3955,0,KMCSHIL,2025-02-03,2025-02,99,incumbent config: all data
0.12791092693805695,-25.6148,0,NGLFINE,2025-02-05,2025-02,99,incumbent config: all data
0.02361910603940487,-32.5535,0,NGLFINE,2025-02-06,2025-02,99,incumbent config: all data
0.02936674654483795,-19.1416,0,ANTELOPUS,2025-03-19,2025-03,99,incumbent config: all data
0.3665945827960968,-6.0409,0,SEAMECLTD,2025-03-25,2025-03,99,incumbent config: all data
0.24459019303321838,-8.7649,0,PRIVISCL,2025-03-27,2025-03,99,incumbent config: all data
0.07492709904909134,-12.0067,0,DPABHUSHAN,2025-04-02,2025-04,99,incumbent config: all data
0.14305317401885986,-17.1262,0,SRM,2025-04-15,2025-04,99,incumbent config: all data
0.12958353757858276,15.9534,0,THYROCARE,2025-04-22,2025-04,99,incumbent config: all data
0.14612719416618347,-12.2185,0,FRONTSP,2025-04-22,2025-04,99,incumbent config: all data
0.22314585745334625,30.456,1,NDRAUTO,2025-05-09,2025-05,99,incumbent config: all data
0.034986793994903564,10.6617,0,RAILTEL,2025-05-14,2025-05,99,incumbent config: all data
0.0276147723197937,-4.8985,0,KOVAI,2025-05-14,2025-05,99,incumbent config: all data
0.11260271817445755,3.4607,0,SPARC,2025-05-16,2025-05,99,incumbent config: all data
0.015375256538391113,-7.5102,0,KHAZANCHI,2025-05-20,2025-05,99,incumbent config: all data
0.018015079200267792,-15.0507,0,DISAQ,2025-05-21,2025-05,99,incumbent config: all data
0.5044947862625122,-9.1799,0,KOVAI,2025-05-30,2025-05,99,incumbent config: all data
0.015060704201459885,-12.9458,0,HARIOMPIPE,2025-06-05,2025-06,99,incumbent config: all data
0.10820414125919342,1.8843,0,ANTELOPUS,2025-06-06,2025-06,99,incumbent config: all data
0.06990572810173035,-12.4686,0,SURAKSHA,2025-06-25,2025-06,99,incumbent config: all data
0.1459999531507492,23.6111,0,SENORES,2025-06-25,2025-06,99,incumbent config: all data
0.5588298439979553,-5.8054,0,MPSLTD,2025-06-25,2025-06,99,incumbent config: all data
0.017740685492753983,-1.2456,0,VIJAYA,2025-06-26,2025-06,99,incumbent config: all data
0.07244383543729782,-0.6615,0,SIGNPOST,2025-06-30,2025-06,99,incumbent config: all data
0.22523654997348785,61.2719,1,523229,2025-07-01,2025-07,99,incumbent config: all data
0.07896657288074493,0.5596,0,NGLFINE,2025-07-01,2025-07,99,incumbent config: all data
0.25685492157936096,-9.377,0,SANDUMA,2025-07-03,2025-07,99,incumbent config: all data
0.6259320974349976,-8.4391,0,ARKADE,2025-07-07,2025-07,99,incumbent config: all data
0.05994775891304016,-1.8892,0,KHAZANCHI,2025-07-08,2025-07,99,incumbent config: all data
0.09519095718860626,-0.5104,0,ALLDIGI,2025-07-08,2025-07,99,incumbent config: all data
0.6226528286933899,1.5755,0,DPABHUSHAN,2025-07-09,2025-07,99,incumbent config: all data
0.7079830169677734,23.1663,0,OLECTRA,2025-07-10,2025-07,99,incumbent config: all data
0.10941370576620102,30.2215,1,GARUDA,2025-07-10,2025-07,99,incumbent config: all data
0.40677720308303833,-4.1777,0,MCLOUD,2025-07-15,2025-07,99,incumbent config: all data
0.24715687334537506,-7.3232,0,DISAQ,2025-07-15,2025-07,99,incumbent config: all data
0.35871919989585876,-10.658,0,SENCO,2025-07-17,2025-07,99,incumbent config: all data
0.065865658223629,13.2531,0,ASIANENE,2025-07-17,2025-07,99,incumbent config: all data
0.1182965636253357,-11.1523,0,PNGJL,2025-07-17,2025-07,99,incumbent config: all data
0.16842865943908691,-13.2931,0,530475,2025-07-17,2025-07,99,incumbent config: all data
0.1448453664779663,-6.1044,0,DPABHUSHAN,2025-07-18,2025-07,99,incumbent config: all data
0.18823809921741486,-9.6791,0,RPTECH,2025-07-18,2025-07,99,incumbent config: all data
0.11166083812713623,-9.5477,0,GPTINFRA,2025-07-21,2025-07,99,incumbent config: all data
0.062341999262571335,14.0667,0,OLECTRA,2025-07-23,2025-07,99,incumbent config: all data
0.4068213105201721,-6.202,0,WINDLAS,2025-07-24,2025-07,99,incumbent config: all data
0.2728344202041626,8.8292,0,ASIANENE,2025-07-28,2025-07,99,incumbent config: all data
0.0680420845746994,-12.5181,0,VIJAYA,2025-07-28,2025-07,99,incumbent config: all data
0.16091735661029816,89.2737,1,523229,2025-07-30,2025-07,99,incumbent config: all data
0.03278183192014694,-3.521,0,DEEPINDS,2025-08-04,2025-08,99,incumbent config: all data
0.08708435297012329,-10.5733,0,BLS,2025-08-05,2025-08,99,incumbent config: all data
0.0498577281832695,-3.3384,0,DOMS,2025-08-11,2025-08,99,incumbent config: all data
0.03398917615413666,-4.8705,0,KMCSHIL,2025-08-13,2025-08,99,incumbent config: all data
0.029497576877474785,-13.5156,0,WINDLAS,2025-08-13,2025-08,99,incumbent config: all data
0.011878900229930878,9.8345,0,JSLL,2025-08-14,2025-08,99,incumbent config: all data
0.02466619201004505,8.6756,0,GOKULAGRO,2025-08-20,2025-08,99,incumbent config: all data
0.0922284945845604,3.1325,0,NEPHROCARE,2025-08-21,2025-08,99,incumbent config: all data
0.08258415758609772,-11.9328,0,KPGEL,2025-08-21,2025-08,99,incumbent config: all data
0.08555635064840317,-6.9368,0,BALUFORGE,2025-09-02,2025-09,99,incumbent config: all data
0.013897326774895191,-16.4704,0,ASIANENE,2025-09-03,2025-09,99,incumbent config: all data
0.005876971874386072,-10.0248,0,DOMS,2025-09-04,2025-09,99,incumbent config: all data
0.03627685084939003,9.4127,0,RPTECH,2025-09-04,2025-09,99,incumbent config: all data
0.020269226282835007,56.2637,1,RPEL,2025-09-05,2025-09,99,incumbent config: all data
0.030756346881389618,-11.1474,0,ACGL,2025-09-05,2025-09,99,incumbent config: all data
0.008673361502587795,-13.3211,0,NDRAUTO,2025-09-05,2025-09,99,incumbent config: all data
0.06064439192414284,-13.828,0,GPTINFRA,2025-09-10,2025-09,99,incumbent config: all data
0.014603869989514351,-4.2429,0,SANGHVIMOV,2025-09-11,2025-09,99,incumbent config: all data
0.08383659273386002,-10.8615,0,WAAREERTL,2025-09-11,2025-09,99,incumbent config: all data
0.07317715138196945,-9.6152,0,SYNCOMF,2025-09-11,2025-09,99,incumbent config: all data
0.017444316297769547,23.9485,0,SANDUMA,2025-09-15,2025-09,99,incumbent config: all data
0.034574080258607864,-11.3564,0,HARIOMPIPE,2025-09-15,2025-09,99,incumbent config: all data
0.027634667232632637,-9.2075,0,RAILTEL,2025-09-15,2025-09,99,incumbent config: all data
0.08524177223443985,-2.3468,0,PNGJL,2025-09-16,2025-09,99,incumbent config: all data
0.3200499415397644,6.4137,0,SRM,2025-09-16,2025-09,99,incumbent config: all data
0.2372518926858902,-10.1678,0,ANTELOPUS,2025-09-17,2025-09,99,incumbent config: all data
0.07628156244754791,-7.7173,0,NEWGEN,2025-09-18,2025-09,99,incumbent config: all data
0.09241244941949844,-6.4324,0,KOVAI,2025-09-18,2025-09,99,incumbent config: all data
0.6630658507347107,-1.8823,0,BORORENEW,2025-09-22,2025-09,99,incumbent config: all data
0.025591645389795303,-16.2273,0,SIKA,2025-09-22,2025-09,99,incumbent config: all data
0.010279410518705845,-2.8935,0,KHAZANCHI,2025-09-23,2025-09,99,incumbent config: all data
0.36719903349876404,-9.1051,0,LOTUSDEV,2025-09-24,2025-09,99,incumbent config: all data
0.0358322374522686,-10.2239,0,ASKAUTOLTD,2025-09-24,2025-09,99,incumbent config: all data
0.015750529244542122,20.6643,0,PRIVISCL,2025-09-29,2025-09,99,incumbent config: all data
0.012176059186458588,-15.1934,0,DSSL,2025-10-01,2025-10,99,incumbent config: all data
0.019860845059156418,33.0679,1,RPEL,2025-10-03,2025-10,99,incumbent config: all data
0.023942042142152786,-10.8461,0,MANORAMA,2025-10-03,2025-10,99,incumbent config: all data
0.2418796271085739,-8.4257,0,YASHHV,2025-10-07,2025-10,99,incumbent config: all data
0.028931016102433205,5.6433,0,SKYGOLD,2025-10-07,2025-10,99,incumbent config: all data
0.06145228073000908,29.9887,1,VMARCIND,2025-10-08,2025-10,99,incumbent config: all data
0.06431477516889572,-6.4036,0,BORORENEW,2025-10-10,2025-10,99,incumbent config: all data
0.07881680130958557,4.1469,0,BONDADA,2025-10-10,2025-10,99,incumbent config: all data
0.08453506976366043,-4.1227,0,NGLFINE,2025-10-10,2025-10,99,incumbent config: all data
0.1390404999256134,-13.3378,0,ACGL,2025-10-14,2025-10,99,incumbent config: all data
0.012206235900521278,-6.5535,0,ADVAIT,2025-10-23,2025-10,99,incumbent config: all data
0.06608342379331589,-11.1839,0,DYCL,2025-10-23,2025-10,99,incumbent config: all data
0.21461068093776703,-16.1931,0,DYCL,2025-10-24,2025-10,99,incumbent config: all data
0.03477736935019493,-4.2053,0,INDIAMART,2025-10-27,2025-10,99,incumbent config: all data
0.03257361054420471,-8.2403,0,SURAKSHA,2025-10-27,2025-10,99,incumbent config: all data
0.02068774774670601,-5.4648,0,SPARC,2025-10-28,2025-10,99,incumbent config: all data
0.16373278200626373,-9.8439,0,ANTELOPUS,2025-10-28,2025-10,99,incumbent config: all data
0.04620096832513809,-5.3954,0,KPGEL,2025-10-30,2025-10,99,incumbent config: all data
0.04509050399065018,-8.9755,0,SUNSHIEL,2025-10-30,2025-10,99,incumbent config: all data
0.2804005742073059,-14.036,0,ALPEXSOLAR,2025-11-03,2025-11,99,incumbent config: all data
0.09669207036495209,-2.2845,0,DPABHUSHAN,2025-11-03,2025-11,99,incumbent config: all data
0.008558355271816254,-7.6381,0,KPEL,2025-11-03,2025-11,99,incumbent config: all data
0.05463095009326935,-3.6883,0,SENORES,2025-11-06,2025-11,99,incumbent config: all data
0.06033527851104736,-12.5573,0,DEEPINDS,2025-11-07,2025-11,99,incumbent config: all data
0.008785326965153217,-19.2137,0,FRONTSP,2025-11-13,2025-11,99,incumbent config: all data
0.009577624499797821,-9.2216,0,DSSL,2025-11-13,2025-11,99,incumbent config: all data
0.03497648611664772,-7.0853,0,GOKULAGRO,2025-11-13,2025-11,99,incumbent config: all data
0.020066870376467705,-16.0995,0,INDOTECH,2025-11-13,2025-11,99,incumbent config: all data
0.13677021861076355,-0.1352,0,MACPOWER,2025-11-13,2025-11,99,incumbent config: all data
0.00637779338285327,-6.0925,0,MONARCH,2025-11-13,2025-11,99,incumbent config: all data
0.17156022787094116,15.1232,0,ASHAPURMIN,2025-11-14,2025-11,99,incumbent config: all data
0.0075019346550107,-5.0392,0,DOMS,2025-11-14,2025-11,99,incumbent config: all data
0.009044304490089417,-12.137,0,PARAS,2025-11-14,2025-11,99,incumbent config: all data
0.01917915977537632,-12.322,0,DSSL,2025-11-17,2025-11,99,incumbent config: all data
0.014757413417100906,-4.4849,0,TIPSMUSIC,2025-11-26,2025-11,99,incumbent config: all data
0.0206996388733387,-4.4569,0,DOMS,2025-12-03,2025-12,99,incumbent config: all data
0.010839574038982391,-9.8178,0,VIJAYA,2025-12-04,2025-12,99,incumbent config: all data
0.06049742549657822,-11.9136,0,BALUFORGE,2025-12-09,2025-12,99,incumbent config: all data
0.0160510316491127,1.1185,0,RPTECH,2025-12-12,2025-12,99,incumbent config: all data
0.012677411548793316,-8.4099,0,GALAPREC,2025-12-19,2025-12,99,incumbent config: all data
0.2653101682662964,-10.7692,0,PRIVISCL,2025-12-22,2025-12,99,incumbent config: all data
0.5981131196022034,-8.1887,0,RAILTEL,2025-12-23,2025-12,99,incumbent config: all data
0.19733580946922302,-13.4879,0,RAILTEL,2025-12-26,2025-12,99,incumbent config: all data
0.09580443799495697,-0.8075,0,KMCSHIL,2026-01-01,2026-01,99,incumbent config: all data
0.008490913547575474,-9.9899,0,MANORAMA,2026-01-02,2026-01,99,incumbent config: all data
0.01580129750072956,-10.5596,0,LOTUSDEV,2026-01-02,2026-01,99,incumbent config: all data
0.25356602668762207,-10.2299,0,SENORES,2026-01-02,2026-01,99,incumbent config: all data
0.016453692689538002,-13.8919,0,SIKA,2026-01-06,2026-01,99,incumbent config: all data
0.023753685876727104,-21.4648,0,RAJOOENG,2026-01-06,2026-01,99,incumbent config: all data
0.2233876883983612,-14.8894,0,LOTUSDEV,2026-01-07,2026-01,99,incumbent config: all data
0.01766759529709816,-8.6547,0,PNGJL,2026-01-07,2026-01,99,incumbent config: all data
0.02155311033129692,-10.396,0,SKYGOLD,2026-01-07,2026-01,99,incumbent config: all data
0.19760547578334808,-12.8862,0,WAAREERTL,2026-01-13,2026-01,99,incumbent config: all data
0.005100592505186796,-6.3796,0,WINDLAS,2026-01-14,2026-01,99,incumbent config: all data
0.0059482683427631855,-8.2569,0,INDIAMART,2026-01-16,2026-01,99,incumbent config: all data
0.0064311702735722065,-4.2986,0,TIPSMUSIC,2026-01-20,2026-01,99,incumbent config: all data
0.005759107880294323,-7.7829,0,ALLDIGI,2026-01-29,2026-01,99,incumbent config: all data
0.18726928532123566,-12.3842,0,GOKULAGRO,2026-02-09,2026-02,99,incumbent config: all data
0.04975122958421707,-8.5154,0,YASHHV,2026-02-09,2026-02,99,incumbent config: all data
0.029934337362647057,-9.2235,0,SKYGOLD,2026-02-09,2026-02,99,incumbent config: all data
0.47954061627388,-2.9663,0,GPTINFRA,2026-02-10,2026-02,99,incumbent config: all data
0.04425685107707977,-9.7921,0,WEALTH,2026-02-10,2026-02,99,incumbent config: all data
0.016654610633850098,-13.75,0,SKYGOLD,2026-02-12,2026-02,99,incumbent config: all data
0.15277200937271118,-7.5692,0,JINDRILL,2026-03-02,2026-03,99,incumbent config: all data
0.007804736960679293,-9.4201,0,PARAS,2026-03-02,2026-03,99,incumbent config: all data
0.0956835225224495,-14.7698,0,PARAS,2026-03-04,2026-03,99,incumbent config: all data
0.5649570822715759,88.3167,1,ATLANTAELE,2026-03-10,2026-03,99,incumbent config: all data
0.6776615381240845,94.3104,1,KSHINTL,2026-03-10,2026-03,99,incumbent config: all data
0.3503809869289398,13.9995,0,GOKULAGRO,2026-03-17,2026-03,99,incumbent config: all data
0.009178122505545616,9.9597,0,DEEPINDS,2026-03-20,2026-03,99,incumbent config: all data
0.023698870092630386,-4.0191,0,ASKAUTOLTD,2026-03-25,2026-03,99,incumbent config: all data
0.021506018936634064,-2.0582,0,SENCO,2026-04-06,2026-04,99,incumbent config: all data
0.0032768771052360535,-0.0983,0,KOVAI,2026-04-08,2026-04,99,incumbent config: all data
0.5617767572402954,45.2848,1,DSSL,2026-04-08,2026-04,99,incumbent config: all data
0.007026684936136007,7.3289,0,SERVOTECH,2026-04-08,2026-04,99,incumbent config: all data
0.20381619036197662,51.5172,1,VIDYAWIRES,2026-04-09,2026-04,99,incumbent config: all data
0.5562155246734619,9.0311,0,PRUDENT,2026-04-10,2026-04,99,incumbent config: all data
0.030681690201163292,1.7933,0,SRM,2026-04-10,2026-04,99,incumbent config: all data
0.10613463073968887,2.3873,0,PRIVISCL,2026-04-17,2026-04,99,incumbent config: all data
0.03223702684044838,-9.2321,0,ASKAUTOLTD,2026-05-04,2026-05,99,incumbent config: all data
0.028103316202759743,-11.3528,0,NGLFINE,2026-05-05,2026-05,99,incumbent config: all data
0.01683839224278927,-17.4436,0,NGLFINE,2026-05-06,2026-05,99,incumbent config: all data
0.02777761220932007,-5.1669,0,SEAMECLTD,2026-05-19,2026-05,99,incumbent config: all data
0.3352700471878052,-10.6236,0,CRIZAC,2026-05-25,2026-05,99,incumbent config: all data
0.06109369546175003,-12.1643,0,NGLFINE,2022-04-04,2022-04,2024,incumbent config: all data
0.7954949736595154,-12.1509,0,PARAS,2022-04-07,2022-04,2024,incumbent config: all data
0.73646080493927,29.1153,1,SANGHVIMOV,2022-06-02,2022-06,2024,incumbent config: all data
0.7087739109992981,-18.3553,0,ASIANENE,2022-06-08,2022-06,2024,incumbent config: all data
0.2248104065656662,27.6806,1,EMUDHRA,2022-07-11,2022-07,2024,incumbent config: all data
0.3463023602962494,-12.4994,0,DEEPINDS,2022-07-21,2022-07,2024,incumbent config: all data
0.891086220741272,-9.9644,0,SANGHVIMOV,2022-08-16,2022-08,2024,incumbent config: all data
0.26974284648895264,96.4219,1,SERVOTECH,2022-08-24,2022-08,2024,incumbent config: all data
0.21951404213905334,-11.5883,0,EMUDHRA,2022-11-01,2022-11,2024,incumbent config: all data
0.44726935029029846,-13.9203,0,HARIOMPIPE,2022-11-10,2022-11,2024,incumbent config: all data
0.11363989859819412,31.0845,1,SANGHVIMOV,2022-11-10,2022-11,2024,incumbent config: all data
0.17966657876968384,-4.7125,0,HARIOMPIPE,2022-11-25,2022-11,2024,incumbent config: all data
0.18383388221263885,-11.0252,0,EMUDHRA,2022-12-27,2022-12,2024,incumbent config: all data
0.23545584082603455,-11.2699,0,SANGHVIMOV,2023-02-10,2023-02,2024,incumbent config: all data
0.8710585832595825,-7.7039,0,AVL,2023-03-01,2023-03,2024,incumbent config: all data
0.028187893331050873,46.0066,1,HARIOMPIPE,2023-03-03,2023-03,2024,incumbent config: all data
0.5255679488182068,29.9536,1,DEEPINDS,2023-04-03,2023-04,2024,incumbent config: all data
0.6317650675773621,-12.8991,0,AVL,2023-04-06,2023-04,2024,incumbent config: all data
0.13461683690547943,-2.6613,0,PARAS,2023-04-11,2023-04,2024,incumbent config: all data
0.2801472544670105,27.2727,1,WINDLAS,2023-05-08,2023-05,2024,incumbent config: all data
0.4013746678829193,57.974,1,DEEPINDS,2023-05-24,2023-05,2024,incumbent config: all data
0.40465661883354187,50.0233,1,SANGHVIMOV,2023-05-31,2023-05,2024,incumbent config: all data
0.4599134624004364,8.7638,0,WINDLAS,2023-06-02,2023-06,2024,incumbent config: all data
0.03928353264927864,45.3791,1,DEEPINDS,2023-07-07,2023-07,2024,incumbent config: all data
0.9455459117889404,-14.7491,0,NGLFINE,2023-08-07,2023-08,2024,incumbent config: all data
0.548761785030365,-2.4098,0,WINDLAS,2023-08-09,2023-08,2024,incumbent config: all data
0.7887088060379028,4.6722,0,HARIOMPIPE,2023-08-24,2023-08,2024,incumbent config: all data
0.48699045181274414,-11.2918,0,DEEPINDS,2023-10-03,2023-10,2024,incumbent config: all data
0.4361858665943146,-0.9254,0,SANGHVIMOV,2023-10-31,2023-10,2024,incumbent config: all data
0.3105682134628296,-8.3643,0,HARIOMPIPE,2023-11-07,2023-11,2024,incumbent config: all data
0.38052842020988464,-4.7316,0,NGLFINE,2023-11-13,2023-11,2024,incumbent config: all data
0.2909725308418274,-8.6093,0,PARAS,2023-12-14,2023-12,2024,incumbent config: all data
0.19245322048664093,-13.9528,0,SANGHVIMOV,2023-12-21,2023-12,2024,incumbent config: all data
0.24125100672245026,-10.3648,0,PARAS,2024-01-04,2024-01,2024,incumbent config: all data
0.3182488679885864,5.6558,0,SERVOTECH,2024-01-08,2024-01,2024,incumbent config: all data
0.13475054502487183,51.254,1,EMUDHRA,2024-01-12,2024-01,2024,incumbent config: all data
0.23703521490097046,-14.3407,0,AVL,2024-01-25,2024-01,2024,incumbent config: all data
0.7568843364715576,-7.0863,0,WINDLAS,2024-02-08,2024-02,2024,incumbent config: all data
0.6509455442428589,-7.3288,0,DEEPINDS,2024-03-22,2024-03,2024,incumbent config: all data
0.11060751229524612,-4.0873,0,NGLFINE,2024-04-05,2024-04,2024,incumbent config: all data
0.5713221430778503,-24.1822,0,SANGHVIMOV,2024-05-15,2024-05,2024,incumbent config: all data
0.34577566385269165,-7.6376,0,EMUDHRA,2024-06-11,2024-06,2024,incumbent config: all data
0.8923861980438232,67.6136,1,SERVOTECH,2024-06-13,2024-06,2024,incumbent config: all data
0.7884195446968079,4.7722,0,RPTECH,2024-07-03,2024-07,2024,incumbent config: all data
0.7013965845108032,40.2097,1,DEEPINDS,2024-07-08,2024-07,2024,incumbent config: all data
0.7962616086006165,15.2713,0,HARIOMPIPE,2024-07-11,2024-07,2024,incumbent config: all data
0.361000120639801,-9.7118,0,NGLFINE,2024-07-12,2024-07,2024,incumbent config: all data
0.49857616424560547,-5.9848,0,WINDLAS,2024-07-29,2024-07,2024,incumbent config: all data
0.7645504474639893,-10.1874,0,JINDRILL,2024-07-30,2024-07,2024,incumbent config: all data
0.6630063652992249,-12.5378,0,SANGHVIMOV,2024-07-31,2024-07,2024,incumbent config: all data
0.46600282192230225,2.2779,0,EMUDHRA,2024-09-10,2024-09,2024,incumbent config: all data
0.4194868505001068,-9.5771,0,JINDRILL,2024-10-18,2024-10,2024,incumbent config: all data
0.21936644613742828,8.3356,0,JINDRILL,2024-10-30,2024-10,2024,incumbent config: all data
0.5015783905982971,-8.7993,0,MPSLTD,2024-12-04,2024-12,2024,incumbent config: all data
0.5190141797065735,-10.2699,0,ANANDRATHI,2024-12-05,2024-12,2024,incumbent config: all data
0.5773631930351257,-11.8393,0,MPSLTD,2024-12-05,2024-12,2024,incumbent config: all data
0.1636555790901184,3.1306,0,LUMAXTECH,2024-12-06,2024-12,2024,incumbent config: all data
0.4622195363044739,-9.8903,0,SIKA,2024-12-09,2024-12,2024,incumbent config: all data
0.5678235292434692,-12.4213,0,ANANDRATHI,2024-12-09,2024-12,2024,incumbent config: all data
0.8269097208976746,-13.4868,0,WEALTH,2024-12-11,2024-12,2024,incumbent config: all data
0.4122830629348755,-8.7038,0,ASIANENE,2024-12-11,2024-12,2024,incumbent config: all data
0.15644288063049316,19.3196,0,SIGMAADV,2024-12-16,2024-12,2024,incumbent config: all data
0.6731926798820496,-11.6549,0,DOMS,2024-12-17,2024-12,2024,incumbent config: all data
0.08686693012714386,40.8092,1,INDOTHAI,2024-12-30,2024-12,2024,incumbent config: all data
0.16974657773971558,-12.8747,0,MONARCH,2025-01-02,2025-01,2024,incumbent config: all data
0.16163717210292816,-19.4236,0,ALLDIGI,2025-01-07,2025-01,2024,incumbent config: all data
0.32835549116134644,-12.7505,0,VIJAYA,2025-01-07,2025-01,2024,incumbent config: all data
0.3931344151496887,-20.0925,0,KRISHANA,2025-01-15,2025-01,2024,incumbent config: all data
0.3283205032348633,9.1758,0,MPSLTD,2025-01-23,2025-01,2024,incumbent config: all data
0.157990500330925,-16.3955,0,KMCSHIL,2025-02-03,2025-02,2024,incumbent config: all data
0.2526801526546478,-25.6148,0,NGLFINE,2025-02-05,2025-02,2024,incumbent config: all data
0.051030948758125305,-32.5535,0,NGLFINE,2025-02-06,2025-02,2024,incumbent config: all data
0.029872165992856026,-19.1416,0,ANTELOPUS,2025-03-19,2025-03,2024,incumbent config: all data
0.5574122071266174,-6.0409,0,SEAMECLTD,2025-03-25,2025-03,2024,incumbent config: all data
0.2556209862232208,-8.7649,0,PRIVISCL,2025-03-27,2025-03,2024,incumbent config: all data
0.06977362930774689,-12.0067,0,DPABHUSHAN,2025-04-02,2025-04,2024,incumbent config: all data
0.09619366377592087,-17.1262,0,SRM,2025-04-15,2025-04,2024,incumbent config: all data
0.06147389858961105,15.9534,0,THYROCARE,2025-04-22,2025-04,2024,incumbent config: all data
0.11167207360267639,-12.2185,0,FRONTSP,2025-04-22,2025-04,2024,incumbent config: all data
0.15402229130268097,30.456,1,NDRAUTO,2025-05-09,2025-05,2024,incumbent config: all data
0.04908085614442825,10.6617,0,RAILTEL,2025-05-14,2025-05,2024,incumbent config: all data
0.04913364350795746,-4.8985,0,KOVAI,2025-05-14,2025-05,2024,incumbent config: all data
0.08431758731603622,3.4607,0,SPARC,2025-05-16,2025-05,2024,incumbent config: all data
0.049561578780412674,-7.5102,0,KHAZANCHI,2025-05-20,2025-05,2024,incumbent config: all data
0.043093401938676834,-15.0507,0,DISAQ,2025-05-21,2025-05,2024,incumbent config: all data
0.6600498557090759,-9.1799,0,KOVAI,2025-05-30,2025-05,2024,incumbent config: all data
0.039178140461444855,-12.9458,0,HARIOMPIPE,2025-06-05,2025-06,2024,incumbent config: all data
0.23407448828220367,1.8843,0,ANTELOPUS,2025-06-06,2025-06,2024,incumbent config: all data
0.08539672195911407,-12.4686,0,SURAKSHA,2025-06-25,2025-06,2024,incumbent config: all data
0.1704636663198471,23.6111,0,SENORES,2025-06-25,2025-06,2024,incumbent config: all data
0.4462263882160187,-5.8054,0,MPSLTD,2025-06-25,2025-06,2024,incumbent config: all data
0.023476269096136093,-1.2456,0,VIJAYA,2025-06-26,2025-06,2024,incumbent config: all data
0.12364720553159714,-0.6615,0,SIGNPOST,2025-06-30,2025-06,2024,incumbent config: all data
0.19003795087337494,61.2719,1,523229,2025-07-01,2025-07,2024,incumbent config: all data
0.15514832735061646,0.5596,0,NGLFINE,2025-07-01,2025-07,2024,incumbent config: all data
0.3514934778213501,-9.377,0,SANDUMA,2025-07-03,2025-07,2024,incumbent config: all data
0.6085984110832214,-8.4391,0,ARKADE,2025-07-07,2025-07,2024,incumbent config: all data
0.04706273600459099,-1.8892,0,KHAZANCHI,2025-07-08,2025-07,2024,incumbent config: all data
0.06633196771144867,-0.5104,0,ALLDIGI,2025-07-08,2025-07,2024,incumbent config: all data
0.6940684914588928,1.5755,0,DPABHUSHAN,2025-07-09,2025-07,2024,incumbent config: all data
0.7507218718528748,23.1663,0,OLECTRA,2025-07-10,2025-07,2024,incumbent config: all data
0.08412916958332062,30.2215,1,GARUDA,2025-07-10,2025-07,2024,incumbent config: all data
0.40745070576667786,-4.1777,0,MCLOUD,2025-07-15,2025-07,2024,incumbent config: all data
0.12935669720172882,-7.3232,0,DISAQ,2025-07-15,2025-07,2024,incumbent config: all data
0.5556140542030334,-10.658,0,SENCO,2025-07-17,2025-07,2024,incumbent config: all data
0.13316193222999573,13.2531,0,ASIANENE,2025-07-17,2025-07,2024,incumbent config: all data
0.0722607895731926,-11.1523,0,PNGJL,2025-07-17,2025-07,2024,incumbent config: all data
0.21616820991039276,-13.2931,0,530475,2025-07-17,2025-07,2024,incumbent config: all data
0.11449871212244034,-6.1044,0,DPABHUSHAN,2025-07-18,2025-07,2024,incumbent config: all data
0.21317096054553986,-9.6791,0,RPTECH,2025-07-18,2025-07,2024,incumbent config: all data
0.14299973845481873,-9.5477,0,GPTINFRA,2025-07-21,2025-07,2024,incumbent config: all data
0.043073803186416626,14.0667,0,OLECTRA,2025-07-23,2025-07,2024,incumbent config: all data
0.42648065090179443,-6.202,0,WINDLAS,2025-07-24,2025-07,2024,incumbent config: all data
0.42906302213668823,8.8292,0,ASIANENE,2025-07-28,2025-07,2024,incumbent config: all data
0.024628078565001488,-12.5181,0,VIJAYA,2025-07-28,2025-07,2024,incumbent config: all data
0.14737625420093536,89.2737,1,523229,2025-07-30,2025-07,2024,incumbent config: all data
0.018999679014086723,-3.521,0,DEEPINDS,2025-08-04,2025-08,2024,incumbent config: all data
0.07686293125152588,-10.5733,0,BLS,2025-08-05,2025-08,2024,incumbent config: all data
0.04472924768924713,-3.3384,0,DOMS,2025-08-11,2025-08,2024,incumbent config: all data
0.05649764835834503,-4.8705,0,KMCSHIL,2025-08-13,2025-08,2024,incumbent config: all data
0.03046366758644581,-13.5156,0,WINDLAS,2025-08-13,2025-08,2024,incumbent config: all data
0.00732238357886672,9.8345,0,JSLL,2025-08-14,2025-08,2024,incumbent config: all data
0.020882943645119667,8.6756,0,GOKULAGRO,2025-08-20,2025-08,2024,incumbent config: all data
0.09367796033620834,3.1325,0,NEPHROCARE,2025-08-21,2025-08,2024,incumbent config: all data
0.09539216756820679,-11.9328,0,KPGEL,2025-08-21,2025-08,2024,incumbent config: all data
0.02015133574604988,-6.9368,0,BALUFORGE,2025-09-02,2025-09,2024,incumbent config: all data
0.01334768533706665,-16.4704,0,ASIANENE,2025-09-03,2025-09,2024,incumbent config: all data
0.004980180878192186,-10.0248,0,DOMS,2025-09-04,2025-09,2024,incumbent config: all data
0.024807743728160858,9.4127,0,RPTECH,2025-09-04,2025-09,2024,incumbent config: all data
0.015435513108968735,56.2637,1,RPEL,2025-09-05,2025-09,2024,incumbent config: all data
0.04822873696684837,-11.1474,0,ACGL,2025-09-05,2025-09,2024,incumbent config: all data
0.006320483051240444,-13.3211,0,NDRAUTO,2025-09-05,2025-09,2024,incumbent config: all data
0.055992450565099716,-13.828,0,GPTINFRA,2025-09-10,2025-09,2024,incumbent config: all data
0.019053248688578606,-4.2429,0,SANGHVIMOV,2025-09-11,2025-09,2024,incumbent config: all data
0.08346907794475555,-10.8615,0,WAAREERTL,2025-09-11,2025-09,2024,incumbent config: all data
0.020621687173843384,-9.6152,0,SYNCOMF,2025-09-11,2025-09,2024,incumbent config: all data
0.04542103782296181,23.9485,0,SANDUMA,2025-09-15,2025-09,2024,incumbent config: all data
0.08487705886363983,-11.3564,0,HARIOMPIPE,2025-09-15,2025-09,2024,incumbent config: all data
0.01880733110010624,-9.2075,0,RAILTEL,2025-09-15,2025-09,2024,incumbent config: all data
0.10183584690093994,-2.3468,0,PNGJL,2025-09-16,2025-09,2024,incumbent config: all data
0.18164320290088654,6.4137,0,SRM,2025-09-16,2025-09,2024,incumbent config: all data
0.1673010289669037,-10.1678,0,ANTELOPUS,2025-09-17,2025-09,2024,incumbent config: all data
0.02609836868941784,-7.7173,0,NEWGEN,2025-09-18,2025-09,2024,incumbent config: all data
0.06782760471105576,-6.4324,0,KOVAI,2025-09-18,2025-09,2024,incumbent config: all data
0.4613451659679413,-1.8823,0,BORORENEW,2025-09-22,2025-09,2024,incumbent config: all data
0.016396094113588333,-16.2273,0,SIKA,2025-09-22,2025-09,2024,incumbent config: all data
0.008587461896240711,-2.8935,0,KHAZANCHI,2025-09-23,2025-09,2024,incumbent config: all data
0.4979856312274933,-9.1051,0,LOTUSDEV,2025-09-24,2025-09,2024,incumbent config: all data
0.045357152819633484,-10.2239,0,ASKAUTOLTD,2025-09-24,2025-09,2024,incumbent config: all data
0.013906027190387249,20.6643,0,PRIVISCL,2025-09-29,2025-09,2024,incumbent config: all data
0.01010353583842516,-15.1934,0,DSSL,2025-10-01,2025-10,2024,incumbent config: all data
0.012342062778770924,33.0679,1,RPEL,2025-10-03,2025-10,2024,incumbent config: all data
0.025288404896855354,-10.8461,0,MANORAMA,2025-10-03,2025-10,2024,incumbent config: all data
0.28678569197654724,-8.4257,0,YASHHV,2025-10-07,2025-10,2024,incumbent config: all data
0.025563789531588554,5.6433,0,SKYGOLD,2025-10-07,2025-10,2024,incumbent config: all data
0.021423107013106346,29.9887,1,VMARCIND,2025-10-08,2025-10,2024,incumbent config: all data
0.08153246343135834,-6.4036,0,BORORENEW,2025-10-10,2025-10,2024,incumbent config: all data
0.046276386827230453,4.1469,0,BONDADA,2025-10-10,2025-10,2024,incumbent config: all data
0.09645314514636993,-4.1227,0,NGLFINE,2025-10-10,2025-10,2024,incumbent config: all data
0.07997667789459229,-13.3378,0,ACGL,2025-10-14,2025-10,2024,incumbent config: all data
0.014696368016302586,-6.5535,0,ADVAIT,2025-10-23,2025-10,2024,incumbent config: all data
0.04983840510249138,-11.1839,0,DYCL,2025-10-23,2025-10,2024,incumbent config: all data
0.23024246096611023,-16.1931,0,DYCL,2025-10-24,2025-10,2024,incumbent config: all data
0.05813248082995415,-4.2053,0,INDIAMART,2025-10-27,2025-10,2024,incumbent config: all data
0.03076218254864216,-8.2403,0,SURAKSHA,2025-10-27,2025-10,2024,incumbent config: all data
0.035090621560811996,-5.4648,0,SPARC,2025-10-28,2025-10,2024,incumbent config: all data
0.16488243639469147,-9.8439,0,ANTELOPUS,2025-10-28,2025-10,2024,incumbent config: all data
0.03169021010398865,-5.3954,0,KPGEL,2025-10-30,2025-10,2024,incumbent config: all data
0.07441285252571106,-8.9755,0,SUNSHIEL,2025-10-30,2025-10,2024,incumbent config: all data
0.19870100915431976,-14.036,0,ALPEXSOLAR,2025-11-03,2025-11,2024,incumbent config: all data
0.1389506608247757,-2.2845,0,DPABHUSHAN,2025-11-03,2025-11,2024,incumbent config: all data
0.011928007937967777,-7.6381,0,KPEL,2025-11-03,2025-11,2024,incumbent config: all data
0.04796610400080681,-3.6883,0,SENORES,2025-11-06,2025-11,2024,incumbent config: all data
0.09591542184352875,-12.5573,0,DEEPINDS,2025-11-07,2025-11,2024,incumbent config: all data
0.015429527498781681,-19.2137,0,FRONTSP,2025-11-13,2025-11,2024,incumbent config: all data
0.018977658823132515,-9.2216,0,DSSL,2025-11-13,2025-11,2024,incumbent config: all data
0.07312963157892227,-7.0853,0,GOKULAGRO,2025-11-13,2025-11,2024,incumbent config: all data
0.048586271703243256,-16.0995,0,INDOTECH,2025-11-13,2025-11,2024,incumbent config: all data
0.09497341513633728,-0.1352,0,MACPOWER,2025-11-13,2025-11,2024,incumbent config: all data
0.005978379864245653,-6.0925,0,MONARCH,2025-11-13,2025-11,2024,incumbent config: all data
0.24250447750091553,15.1232,0,ASHAPURMIN,2025-11-14,2025-11,2024,incumbent config: all data
0.007833758369088173,-5.0392,0,DOMS,2025-11-14,2025-11,2024,incumbent config: all data
0.023045137524604797,-12.137,0,PARAS,2025-11-14,2025-11,2024,incumbent config: all data
0.03921956941485405,-12.322,0,DSSL,2025-11-17,2025-11,2024,incumbent config: all data
0.01085951179265976,-4.4849,0,TIPSMUSIC,2025-11-26,2025-11,2024,incumbent config: all data
0.024316756054759026,-4.4569,0,DOMS,2025-12-03,2025-12,2024,incumbent config: all data
0.016831248998641968,-9.8178,0,VIJAYA,2025-12-04,2025-12,2024,incumbent config: all data
0.04758787155151367,-11.9136,0,BALUFORGE,2025-12-09,2025-12,2024,incumbent config: all data
0.03157072514295578,1.1185,0,RPTECH,2025-12-12,2025-12,2024,incumbent config: all data
0.024878591299057007,-8.4099,0,GALAPREC,2025-12-19,2025-12,2024,incumbent config: all data
0.24438892304897308,-10.7692,0,PRIVISCL,2025-12-22,2025-12,2024,incumbent config: all data
0.6195342540740967,-8.1887,0,RAILTEL,2025-12-23,2025-12,2024,incumbent config: all data
0.16431660950183868,-13.4879,0,RAILTEL,2025-12-26,2025-12,2024,incumbent config: all data
0.054639678448438644,-0.8075,0,KMCSHIL,2026-01-01,2026-01,2024,incumbent config: all data
0.0054738386534154415,-9.9899,0,MANORAMA,2026-01-02,2026-01,2024,incumbent config: all data
0.018985290080308914,-10.5596,0,LOTUSDEV,2026-01-02,2026-01,2024,incumbent config: all data
0.21301358938217163,-10.2299,0,SENORES,2026-01-02,2026-01,2024,incumbent config: all data
0.034647297114133835,-13.8919,0,SIKA,2026-01-06,2026-01,2024,incumbent config: all data
0.026557810604572296,-21.4648,0,RAJOOENG,2026-01-06,2026-01,2024,incumbent config: all data
0.24780723452568054,-14.8894,0,LOTUSDEV,2026-01-07,2026-01,2024,incumbent config: all data
0.014522210694849491,-8.6547,0,PNGJL,2026-01-07,2026-01,2024,incumbent config: all data
0.01764662191271782,-10.396,0,SKYGOLD,2026-01-07,2026-01,2024,incumbent config: all data
0.2834593951702118,-12.8862,0,WAAREERTL,2026-01-13,2026-01,2024,incumbent config: all data
0.004995266441255808,-6.3796,0,WINDLAS,2026-01-14,2026-01,2024,incumbent config: all data
0.006326579954475164,-8.2569,0,INDIAMART,2026-01-16,2026-01,2024,incumbent config: all data
0.009783007204532623,-4.2986,0,TIPSMUSIC,2026-01-20,2026-01,2024,incumbent config: all data
0.007635002490133047,-7.7829,0,ALLDIGI,2026-01-29,2026-01,2024,incumbent config: all data
0.19614124298095703,-12.3842,0,GOKULAGRO,2026-02-09,2026-02,2024,incumbent config: all data
0.1495504528284073,-8.5154,0,YASHHV,2026-02-09,2026-02,2024,incumbent config: all data
0.09192318469285965,-9.2235,0,SKYGOLD,2026-02-09,2026-02,2024,incumbent config: all data
0.4828680753707886,-2.9663,0,GPTINFRA,2026-02-10,2026-02,2024,incumbent config: all data
0.08814285695552826,-9.7921,0,WEALTH,2026-02-10,2026-02,2024,incumbent config: all data
0.014526408165693283,-13.75,0,SKYGOLD,2026-02-12,2026-02,2024,incumbent config: all data
0.15144406259059906,-7.5692,0,JINDRILL,2026-03-02,2026-03,2024,incumbent config: all data
0.004469313193112612,-9.4201,0,PARAS,2026-03-02,2026-03,2024,incumbent config: all data
0.0869314894080162,-14.7698,0,PARAS,2026-03-04,2026-03,2024,incumbent config: all data
0.508549153804779,88.3167,1,ATLANTAELE,2026-03-10,2026-03,2024,incumbent config: all data
0.5418779850006104,94.3104,1,KSHINTL,2026-03-10,2026-03,2024,incumbent config: all data
0.3199971914291382,13.9995,0,GOKULAGRO,2026-03-17,2026-03,2024,incumbent config: all data
0.007317182142287493,9.9597,0,DEEPINDS,2026-03-20,2026-03,2024,incumbent config: all data
0.01626257225871086,-4.0191,0,ASKAUTOLTD,2026-03-25,2026-03,2024,incumbent config: all data
0.04826277494430542,-2.0582,0,SENCO,2026-04-06,2026-04,2024,incumbent config: all data
0.004939491860568523,-0.0983,0,KOVAI,2026-04-08,2026-04,2024,incumbent config: all data
0.6146592497825623,45.2848,1,DSSL,2026-04-08,2026-04,2024,incumbent config: all data
0.00805792398750782,7.3289,0,SERVOTECH,2026-04-08,2026-04,2024,incumbent config: all data
0.21609054505825043,51.5172,1,VIDYAWIRES,2026-04-09,2026-04,2024,incumbent config: all data
0.7326821088790894,9.0311,0,PRUDENT,2026-04-10,2026-04,2024,incumbent config: all data
0.035517167299985886,1.7933,0,SRM,2026-04-10,2026-04,2024,incumbent config: all data
0.030288979411125183,2.3873,0,PRIVISCL,2026-04-17,2026-04,2024,incumbent config: all data
0.016334127634763718,-9.2321,0,ASKAUTOLTD,2026-05-04,2026-05,2024,incumbent config: all data
0.017237840220332146,-11.3528,0,NGLFINE,2026-05-05,2026-05,2024,incumbent config: all data
0.0120548065751791,-17.4436,0,NGLFINE,2026-05-06,2026-05,2024,incumbent config: all data
0.028793279081583023,-5.1669,0,SEAMECLTD,2026-05-19,2026-05,2024,incumbent config: all data
0.35593315958976746,-10.6236,0,CRIZAC,2026-05-25,2026-05,2024,incumbent config: all data
