bbw_width_pct,days_in_squeeze,volume_multiple,close_high_ratio,rsi_absolute,rsi_delta,atr_pct,distance_from_50sma,nifty_trend,nifty_distance_from_50sma,relative_strength_125,prior_runup_90,symbol,signal_date,target,trade_pnl
7.9378,42,5.4848,0.8119,69.9308,11.3505,3.5029,0.0952,1,0.0719,0.8177,15.6581,360ONE,2021-02-05,0,1.7912
8.8281,20,5.3512,0.8587,67.2741,10.6687,3.4702,0.1064,1,0.0463,1.3378,51.7706,360ONE,2021-10-21,0,-14.3592
7.4969,36,6.6105,0.6892,69.9366,14.7269,3.4877,0.1035,1,0.0198,1.1992,10.8477,360ONE,2022-09-16,0,0.6826
5.182,37,5.3472,0.6042,61.0034,8.9089,2.9019,0.0392,1,0.0496,1.1345,18.5489,360ONE,2022-11-29,0,-8.3652
5.4196,86,2.3274,0.9023,66.5921,10.2634,1.9895,0.0465,1,0.0332,0.9849,-5.0249,360ONE,2023-06-13,0,-2.7666
7.8354,30,2.1125,0.8311,67.8451,9.9267,2.9791,0.0882,1,0.0237,1.1189,33.2025,360ONE,2023-09-11,0,-11.6405
9.8386,3,2.6662,0.8763,66.3034,12.0411,3.593,0.0678,1,0.0125,1.2514,39.7768,360ONE,2024-02-13,0,-3.5458
8.6879,9,3.9683,0.7659,65.9764,8.2986,4.2255,0.1003,1,0.0393,1.1904,41.619,360ONE,2024-06-19,0,16.7394
12.8955,0,2.788,0.8332,68.5945,9.0104,3.5044,0.128,1,0.0501,1.2486,36.5104,360ONE,2024-06-26,0,12.1882
9.4124,4,2.092,0.8471,69.2023,8.8818,4.1403,0.2125,1,0.0502,1.4963,53.8044,360ONE,2024-07-29,0,-7.5944
5.9498,28,4.6885,0.2175,58.697,11.4364,3.2318,0.0492,0,-0.0103,0.9863,16.0169,360ONE,2026-01-16,0,-8.845
4.5343,24,1.7775,0.4587,65.0152,10.01,2.0297,0.014,1,0.0354,0.8361,3.1288,3MINDIA,2017-03-31,0,13.6602
3.7833,41,1.7663,0.7133,60.6705,17.0977,2.0642,0.0132,1,0.0309,1.0358,23.9786,3MINDIA,2017-08-07,0,12.3446
6.6494,52,2.148,0.9071,66.6088,9.0875,2.7476,0.0548,1,0.0054,1.1648,19.1832,3MINDIA,2017-08-23,0,2.0425
3.5004,90,4.8103,0.8908,61.6859,12.3654,2.171,0.037,1,0.0247,1.1093,0.2408,3MINDIA,2018-07-17,0,19.6973
7.8956,22,6.0069,0.9042,66.278,15.0965,2.4509,0.0564,0,-0.0154,0.9545,2.0778,3MINDIA,2019-02-18,0,4.0531
6.4327,57,8.6084,0.4855,69.4433,14.0898,2.6075,0.056,0,-0.014,1.0193,13.631,3MINDIA,2020-01-31,0,-3.2499
9.8816,1,8.7208,0.229,57.7297,26.6041,3.8296,-0.006,0,-0.0152,0.7902,-22.3907,3MINDIA,2022-05-30,0,18.2292
4.5959,39,2.326,0.7577,66.6056,15.4572,2.4953,0.0458,1,0.0198,1.1779,32.2083,3MINDIA,2022-09-16,0,-0.6597
4.5533,132,2.1283,0.7225,65.6913,10.476,1.9836,0.026,0,-0.0309,1.0326,5.1658,3MINDIA,2023-01-31,0,-6.6011
5.8059,34,2.2231,0.8612,62.6932,9.2668,3.3126,0.0678,1,0.0098,1.1768,28.7852,3MINDIA,2023-08-11,0,2.046
4.9997,43,2.4834,0.9383,64.8252,11.2505,2.3825,0.0372,0,-0.0358,1.1544,-3.8869,3MINDIA,2024-10-31,0,-6.833
8.2081,19,1.9015,0.6892,59.6692,9.5164,3.1941,0.0288,1,0.0225,0.9314,-9.4438,3MINDIA,2025-03-28,0,-0.9704
3.8948,65,7.045,0.7586,62.9378,14.8093,1.8078,0.0244,1,0.0236,0.997,9.8974,3MINDIA,2025-11-03,0,1.9298
3.411,21,4.2646,0.6282,56.4636,11.1596,2.3226,0.0362,1,0.0004,1.239,13.2542,3MINDIA,2025-12-30,0,-4.1297
7.4623,48,1.8842,0.5059,62.7132,8.3947,3.1911,0.0469,1,0.0017,1.1223,25.163,3MINDIA,2026-02-09,0,-7.5986
9.2359,24,1.6339,0.8174,67.4551,10.1332,3.9054,0.0738,0,-0.0259,1.1013,-5.262,AADHARHFC,2025-03-07,0,6.7072
7.4242,52,4.3453,0.6843,67.6102,9.7916,2.8099,0.0674,1,0.0085,1.0793,26.6128,AADHARHFC,2025-07-15,0,7.8616
5.2729,26,5.4052,0.7149,65.6875,8.1495,2.5195,0.0729,1,0.0139,1.151,21.9639,AADHARHFC,2025-09-16,0,-8.5303
3.6195,100,3.6467,0.699,59.3016,13.5243,2.3988,0.0171,1,0.0145,1.0417,-4.0816,AADHARHFC,2026-01-02,0,-7.5235
6.284,144,2.8934,0.6802,57.4506,15.0499,4.5864,0.0154,0,-0.0602,0.9656,-5.918,AADHARHFC,2026-03-09,0,-2.5695
6.5642,22,1.9268,0.8771,66.7877,8.5466,2.9048,0.0874,1,0.0053,1.0,0.0,AARTIIND,2016-10-03,0,2.1674
9.5943,3,6.3674,0.3876,64.309,12.6398,4.5756,0.0997,1,0.0185,1.104,27.1821,AARTIIND,2017-06-15,0,-0.7844
5.1171,25,3.866,0.4784,63.2455,9.9594,3.2117,0.0456,1,0.0042,1.0704,5.3271,AARTIIND,2017-10-11,0,-4.6324
3.4656,9,3.2026,0.8892,62.2481,8.8671,2.2684,0.051,0,-0.0167,1.3302,26.0319,AARTIIND,2018-03-13,0,-7.1356
8.0565,4,2.7909,0.8286,66.518,8.042,2.4995,0.0792,0,-0.0115,1.3283,22.1832,AARTIIND,2019-01-30,0,-2.9443
4.6663,17,2.7794,0.4708,59.0799,8.606,2.4639,0.0451,1,0.0311,1.0528,12.1557,AARTIIND,2019-05-20,0,2.4188
7.4994,5,1.6831,0.9474,56.1602,15.0646,2.3468,0.0051,1,0.0144,1.1903,5.9001,AARTIIND,2019-09-20,0,-7.7737
6.7926,16,2.7623,0.8788,68.0975,13.6784,2.6832,0.0502,1,0.0465,0.7903,16.3786,AARTIIND,2020-11-05,0,4.7013
7.5514,25,1.735,0.8541,69.397,9.9626,2.2098,0.0759,1,0.0042,1.4646,50.6831,AARTIIND,2021-07-30,0,-6.3293
8.5792,19,2.7909,0.9112,66.6774,10.6775,2.638,0.0683,1,0.0345,0.7841,-8.0099,AARTIIND,2022-07-21,0,-0.5626
3.5346,14,2.8723,0.8324,60.9475,9.6729,1.8228,0.0109,1,0.0318,0.8332,-0.3382,AARTIIND,2023-06-21,0,-6.6272
5.8022,22,2.9605,0.8829,60.8328,15.5305,2.3204,0.0162,0,-0.0028,0.8394,-11.2528,AARTIIND,2023-08-29,0,-2.0789
11.2514,0,9.0221,0.9044,65.1316,21.8724,2.7682,0.0486,0,-0.0076,0.8674,0.7021,AARTIIND,2023-11-06,0,13.5
2.6759,42,1.5542,0.7861,56.1662,8.6868,1.9215,0.0097,1,0.0372,0.8578,-11.5504,AARTIIND,2025-10-29,0,-4.8346
3.2707,45,1.9862,0.6985,57.7865,8.3924,1.9573,0.0178,1,0.0236,0.8471,-14.2039,AARTIIND,2025-11-03,0,-5.3604
14.2345,0,3.144,0.8434,66.1633,10.2703,3.1777,0.0,1,0.009,1.0,0.0,AAVAS,2018-11-28,0,-1.1952
5.551,35,3.8629,0.8724,69.019,15.8589,2.7886,0.0514,1,0.0555,1.2368,25.7939,AAVAS,2021-06-04,0,5.5788
8.0375,4,3.2007,0.7594,69.692,11.8651,4.8967,0.1489,1,0.0084,1.1395,28.9934,AAVAS,2022-02-01,0,-15.6823
10.6112,0,4.0639,0.7752,67.6328,10.2345,3.5762,0.0987,1,0.0303,0.8682,-11.3687,AAVAS,2022-07-20,0,-4.5826
8.0618,13,3.1875,0.895,63.7287,12.637,3.1857,0.0652,0,-0.0183,0.8431,-8.7083,AAVAS,2023-02-03,0,-9.0018
5.9856,26,3.3596,0.8701,63.9605,13.891,2.7943,0.0183,1,0.0196,0.7387,-27.6825,AAVAS,2023-06-26,0,12.329
6.4331,17,2.4579,0.9208,68.9123,10.9812,2.4419,0.0435,1,0.0233,1.0911,13.1027,AAVAS,2024-09-05,0,-6.5081
4.5559,63,1.7814,0.8754,65.1052,9.5779,1.8698,0.0364,0,-0.0278,1.022,-6.4257,AAVAS,2025-01-23,0,-3.6709
2.8889,95,12.677,0.338,66.7789,13.7882,1.9019,0.0373,0,-0.0289,1.0659,5.0097,AAVAS,2025-03-10,0,-1.5176
8.403,3,2.5075,0.8166,69.5493,11.4831,4.9968,0.1717,1,0.0496,1.2838,31.0407,AAVAS,2025-04-21,0,-15.1491
5.8794,8,2.6773,0.9034,60.0863,13.0459,2.3603,0.0001,1,0.0359,1.1335,11.2539,AAVAS,2025-06-06,0,-4.2001
6.3724,42,7.1562,0.5689,58.3905,11.2714,3.379,0.0447,1,0.0239,0.8911,-14.7019,AAVAS,2025-11-12,0,-9.909
4.1724,134,6.3312,0.5727,60.5666,14.6059,1.5183,-0.0034,1,0.0627,0.9721,-3.405,ABBOTINDIA,2017-02-06,0,-5.1728
6.7861,35,3.5367,0.5731,68.1141,9.7154,3.0463,0.075,0,-0.0023,1.2645,40.6999,ABBOTINDIA,2018-02-12,0,-9.6
7.0751,10,3.6303,0.4871,66.3609,8.2645,3.2956,0.1067,1,0.046,1.3086,34.8817,ABBOTINDIA,2018-08-31,0,-9.1943
3.1878,50,2.271,0.8322,63.6471,8.6907,1.5043,0.0355,1,0.0138,1.0827,2.0134,ABBOTINDIA,2019-01-08,0,1.7993
5.9153,27,5.7354,0.5982,65.8677,14.3213,2.5486,0.053,0,-0.0481,1.0974,24.5456,ABBOTINDIA,2019-08-08,1,31.3861
3.0961,42,1.745,0.6989,63.6097,11.6132,1.8924,0.0243,0,-0.012,1.4637,21.5305,ABBOTINDIA,2020-02-04,0,10.8965
11.5035,0,2.6737,0.1629,69.2691,9.0598,2.8548,0.0735,1,0.0629,1.3923,19.9857,ABBOTINDIA,2020-08-10,0,-4.3635
3.8928,76,3.9002,0.6977,67.0235,12.372,1.4812,0.0303,1,0.0934,0.7445,0.4895,ABBOTINDIA,2020-12-11,0,-4.3055
10.0985,0,3.964,0.7446,63.4905,10.8969,3.5733,0.1301,1,0.0416,1.2518,38.7561,ABBOTINDIA,2021-10-01,0,-9.5148
6.8275,16,4.6728,0.8557,58.79,19.0922,3.0676,0.0246,0,-0.041,0.994,-8.5506,ABBOTINDIA,2022-05-17,0,10.6059
4.58,17,2.537,0.8667,68.7231,12.5032,2.2094,0.078,0,-0.0292,1.0875,11.7737,ABBOTINDIA,2022-06-29,0,2.407
6.0711,19,3.4128,0.8905,62.8157,14.3824,2.4508,0.0168,0,-0.034,1.1708,9.6047,ABBOTINDIA,2022-09-29,0,13.4385
9.9139,48,3.6793,0.8106,65.8693,8.4279,2.3831,0.0747,1,0.0412,1.0518,5.8084,ABBOTINDIA,2022-11-14,0,5.6084
2.731,71,2.5936,0.8805,65.2987,12.721,1.6402,0.0623,1,0.0358,1.0122,18.0113,ABBOTINDIA,2023-07-27,0,-3.2498
4.8585,64,2.1612,0.6906,64.7877,14.0369,2.0398,0.0401,1,0.0087,1.037,6.7437,ABBOTINDIA,2024-06-05,0,11.2242
5.3946,91,1.958,0.8649,64.1182,13.5245,2.0486,0.0609,1,0.0588,1.0576,-0.0461,ABBOTINDIA,2024-07-15,0,1.182
4.3378,75,3.24,0.6301,60.6284,8.526,2.0926,0.0283,0,-0.0169,1.0949,4.1458,ABBOTINDIA,2024-12-27,0,-2.9891
4.8928,70,3.1006,0.8788,68.2579,11.8469,2.1058,0.0711,1,0.0358,1.0766,13.4784,ABBOTINDIA,2025-06-26,0,0.8469
5.0204,155,3.1814,0.9263,62.7156,14.7159,1.8329,0.0115,0,-0.0463,0.8613,-7.6042,ABBOTINDIA,2026-03-04,0,-5.8878
4.2033,19,4.9442,0.8528,66.7809,10.5561,2.2194,0.0677,1,0.0372,1.0409,20.3506,ABB,2017-03-30,0,14.0246
3.6322,67,2.0697,0.4946,59.4435,9.4543,2.4649,-0.0015,1,0.0205,1.0395,-1.6502,ABB,2017-09-12,0,-2.9483
5.2554,69,2.3748,0.844,64.0264,9.5307,2.6405,0.0203,1,0.018,1.0646,1.433,ABB,2017-09-14,0,-5.1958
5.3487,74,3.54,0.6445,68.5135,18.181,2.4687,0.0662,1,0.0304,0.9332,10.4649,ABB,2018-01-12,0,-0.8812
4.0922,9,3.3469,0.7595,55.407,18.0556,2.1255,-0.0431,1,0.0211,0.9596,-0.7186,ABB,2018-04-23,0,-6.2228
5.4075,59,4.4763,0.7758,66.946,8.5708,2.5393,0.0571,1,0.0475,0.7562,0.2402,ABB,2018-08-21,0,0.1411
2.9769,39,1.5513,0.5174,55.3972,8.599,2.2356,-0.0018,1,0.0212,1.0255,4.1643,ABB,2019-03-07,0,9.3134
3.971,43,3.677,0.7105,61.5148,12.1441,2.3577,0.0215,1,0.0439,1.0127,1.3915,ABB,2019-03-13,0,6.3758
5.637,26,4.693,0.4221,62.3534,21.8701,2.8103,0.0184,1,0.0144,1.0864,2.32,ABB,2019-09-20,0,0.051
7.2594,57,2.6642,0.5505,63.863,9.5718,3.1704,0.0443,1,0.0173,0.9828,11.0393,ABB,2020-01-10,0,-8.2565
7.6847,26,2.3322,0.8936,61.7867,10.2978,3.0301,0.0459,1,0.0576,0.8431,-2.1335,ABB,2020-11-06,1,54.8498
8.8368,39,4.4224,0.885,67.1316,12.6813,3.8196,0.0675,1,0.0431,1.1046,32.6058,ABB,2021-08-27,0,8.96
6.0768,27,6.4692,0.8723,66.5485,11.5912,3.2735,0.0743,1,0.0178,1.1978,13.7773,ABB,2021-10-28,0,21.6672
10.0542,0,4.7618,0.7286,67.5127,14.1023,4.6919,0.1508,0,-0.0145,1.226,36.4008,ABB,2021-12-09,0,-5.2874
8.66,8,10.3905,0.646,59.3866,23.8529,3.6293,0.0491,0,-0.0231,1.1507,-2.5303,ABB,2022-05-05,0,0.1079
9.4997,10,4.3397,0.9188,69.918,11.0888,3.3445,0.1057,0,-0.0093,1.2658,20.3168,ABB,2022-07-06,0,21.6854
6.2713,55,2.2962,0.7286,64.9003,8.5469,2.0435,0.051,1,0.0237,1.2027,26.8661,ABB,2023-09-11,0,-7.9721
5.75,34,2.4481,0.804,64.7421,12.6229,2.3338,0.0561,1,0.0277,1.0164,-1.5164,ABB,2023-11-30,0,3.1524
4.973,9,2.4567,0.725,64.0091,8.3945,2.6331,0.0923,1,0.052,1.0047,15.3913,ABB,2024-01-09,0,-6.9108
9.9737,9,9.5945,0.6978,65.4887,18.5387,3.3363,0.0622,1,0.0199,1.0211,18.89,ABB,2024-02-21,1,63.2729
11.8025,0,3.683,0.8194,67.0575,10.4048,3.0819,0.0,1,0.038,1.0,0.0,ABCAPITAL,2017-11-06,0,-11.4541
7.5777,8,2.8186,0.9234,63.1694,16.6171,2.6811,0.0251,1,0.0339,0.7729,-6.8839,ABCAPITAL,2018-07-24,0,-1.631
13.4286,0,3.0616,0.6791,62.3937,9.8018,5.2995,0.1143,1,0.1089,0.5683,-53.309,ABCAPITAL,2020-06-02,0,7.2084
7.9668,4,6.7893,0.8686,61.7905,16.1333,3.4036,0.0555,1,0.0398,1.1099,28.4906,ABCAPITAL,2020-10-21,0,23.9036
7.1505,33,4.6198,0.6556,59.1998,9.605,3.2676,0.0268,1,0.0248,1.2483,-4.6307,ABCAPITAL,2021-07-16,0,-9.5601
8.3498,11,2.2352,0.7938,64.036,8.2479,2.6643,0.0436,1,0.0345,0.8316,-3.3349,ABCAPITAL,2022-07-21,0,9.9158
6.6361,45,2.401,0.9301,62.9071,8.7911,2.4342,0.0455,0,-0.0243,1.3427,36.5678,ABCAPITAL,2023-03-01,0,-4.3836
11.5333,0,1.7997,0.9353,69.0278,9.7795,2.3658,0.0634,1,0.0518,0.8821,-0.3587,ABCAPITAL,2024-01-11,0,-8.1305
8.9204,6,4.3971,0.6921,61.5559,17.4056,3.2457,0.0657,1,0.0303,0.8326,0.111,ABCAPITAL,2024-02-02,0,-3.7198
9.7523,17,6.7479,0.9151,61.3165,20.4403,3.2578,0.0851,0,-0.0129,1.476,50.8478,ABCAPITAL,2025-08-04,0,16.7204
6.8197,5,1.9794,0.9069,68.8575,8.6752,2.4688,0.1159,1,0.0155,1.499,27.59,ABCAPITAL,2025-11-25,0,-1.5579
10.4147,0,3.7961,0.938,63.6442,10.6791,4.3707,0.0,1,0.0234,1.0,0.0,ABDL,2024-08-22,0,-3.2209
9.3398,10,3.7309,0.8204,67.4823,9.0791,3.3298,0.1074,1,0.0356,1.6594,38.0334,ABDL,2025-10-20,0,1.2627
9.107,27,1.5065,0.8525,62.9224,9.308,2.8068,0.0441,1,0.0287,1.04,-4.7055,ABFRL,2017-01-16,0,-0.7713
8.0876,33,1.7316,0.7346,63.5152,9.7134,2.8018,0.0737,1,0.0362,1.0552,1.0892,ABFRL,2017-01-24,0,-2.7625
4.5901,21,3.0884,0.423,57.4188,10.328,3.2394,0.0296,1,0.0369,0.9594,-12.4164,ABFRL,2018-05-11,0,-8.8133
7.688,14,5.4719,0.7636,66.9109,19.0728,3.3872,0.0853,1,0.0187,1.4455,43.3214,ABFRL,2018-12-12,0,11.9682
9.7419,19,2.3848,0.7536,69.8814,8.9294,3.0103,0.093,1,0.0436,0.9263,5.016,ABFRL,2019-09-23,0,8.287
4.2996,43,4.878,0.5425,57.7465,10.1725,3.1906,0.0331,0,-0.0031,1.1721,13.7512,ABFRL,2020-02-05,0,-0.1795
7.1817,44,5.5325,0.7707,69.0342,11.2877,3.6241,0.0979,1,0.0009,1.2255,22.2837,ABFRL,2020-02-06,0,-5.8409
5.4744,15,2.2749,0.9,58.9109,8.5173,3.6728,0.0245,1,0.0279,0.8332,7.3487,ABFRL,2020-10-16,0,9.5036
8.6469,16,2.5126,0.8774,67.4706,8.5596,3.6479,0.0758,1,0.0364,0.9321,5.4177,ABFRL,2020-10-19,0,3.5389
7.5271,67,3.3685,0.937,65.555,10.6986,2.2474,0.073,1,0.0057,0.8636,5.1457,ABFRL,2023-09-05,0,-7.6966
3.7783,120,4.0698,0.8735,63.1438,17.2061,2.4351,0.0326,1,0.0105,1.0551,4.4783,ABFRL,2023-11-23,0,-3.9163
9.9898,11,7.2987,0.7833,66.9451,15.8164,2.8707,0.0845,1,0.0699,1.008,11.6049,ABFRL,2024-01-02,0,-7.4171
8.9136,57,2.0683,0.7074,64.4407,10.2021,2.9515,0.0667,1,0.0443,1.4018,33.2431,ABFRL,2024-09-23,0,-8.2974
7.0069,38,8.1254,0.8842,60.7281,16.1779,2.9134,0.0746,0,-0.0057,0.2992,-69.1826,ABFRL,2025-08-22,0,3.3411
11.2198,0,2.5952,0.9153,60.7053,12.5418,3.4399,0.0928,0,-0.0148,0.3071,-69.4577,ABFRL,2025-09-01,0,0.659
9.2449,5,2.7187,0.8373,69.8917,10.6444,2.9162,0.1363,1,0.0243,1.1927,53.5536,ABREL,2017-05-03,0,-5.7318
4.2017,23,2.1539,0.8181,65.4694,8.7001,2.9333,0.0493,1,0.0343,1.2087,24.2331,ABREL,2017-07-17,0,-1.3264
6.5813,37,2.291,0.8953,69.7977,9.0963,2.2421,0.0964,1,0.0328,1.2127,20.0498,ABREL,2017-08-04,0,-7.2784
6.6381,32,2.6599,0.7371,59.7554,8.3671,2.4652,0.0387,1,0.0103,1.209,16.234,ABREL,2017-12-11,0,-0.581
4.5731,52,2.5044,0.6782,65.1099,9.436,2.3023,0.0651,1,0.0505,0.7217,-21.0932,ABREL,2018-08-29,0,-6.7609
6.4366,31,1.516,0.8844,66.4043,15.821,3.2067,0.0895,1,0.0311,0.9992,8.9499,ABREL,2019-05-20,0,-4.4407
5.6334,15,2.2935,0.8684,62.9388,8.8967,2.7489,0.1033,1,0.0173,0.5486,-40.0378,ABREL,2020-01-10,0,9.6037
9.0447,40,4.6241,0.5796,68.4149,10.31,4.085,0.0909,1,0.0588,0.6122,3.2988,ABREL,2020-08-19,0,-4.7184
7.0861,23,5.1053,0.8828,67.4189,18.1007,2.5296,0.0327,1,0.0991,0.8624,12.596,ABREL,2020-11-18,1,36.2018
8.5519,6,2.6657,0.816,64.0192,8.3994,3.9039,0.1459,1,0.0609,1.4641,79.8662,ABREL,2021-09-01,0,5.8037
4.6222,10,3.1054,0.8242,64.0735,8.0674,3.0242,0.0662,1,0.0632,0.9831,1.1688,ABREL,2022-07-29,0,-1.2751
9.2795,21,2.5707,0.6499,66.143,10.8699,2.8205,0.0811,1,0.0948,1.0329,1.3997,ABREL,2022-08-17,0,-3.6636
3.8049,33,2.6192,0.7989,65.075,10.6385,3.0233,0.0732,1,0.0501,1.1094,0.8253,ABREL,2022-09-05,0,-6.0238
5.972,7,6.867,0.8738,59.7623,16.4858,2.9952,0.0284,1,0.0133,0.9673,17.2281,ABREL,2022-10-27,0,-10.2687
6.5548,21,5.6339,0.8278,69.121,16.4298,2.9003,0.1139,1,0.0422,1.1456,32.213,ABREL,2023-06-30,1,25.733
8.9542,15,5.1803,0.7051,68.1318,8.7657,3.3422,0.1451,1,0.0057,1.6304,65.5968,ABREL,2023-09-05,0,-3.9172
7.8636,10,3.9147,0.8361,59.9726,9.9274,3.9592,0.0761,1,0.0295,1.264,41.4933,ABREL,2024-03-07,0,-13.162
11.4638,0,9.0412,0.7111,66.6476,9.3103,5.052,0.1319,1,0.0168,1.3219,31.965,ABREL,2024-03-28,0,16.0813
11.0423,0,9.6046,0.5413,59.1413,14.5652,3.8763,0.0338,1,0.023,1.4256,32.6667,ABREL,2024-08-21,0,13.3465
10.4518,0,3.1807,0.7903,67.4757,8.2707,4.5375,0.1902,0,-0.01,1.4988,46.3807,ABREL,2024-10-18,0,-13.8181
10.0192,0,2.826,0.863,62.6561,13.1515,3.3671,0.0384,1,0.0372,0.8861,-25.8827,ABREL,2025-10-29,0,-7.9103
9.9651,3,6.4311,0.2395,57.4436,9.6094,5.3669,0.0089,0,-0.0228,0.8075,-27.1327,ABREL,2026-04-08,0,11.5349
6.0544,44,1.9078,0.529,67.4378,11.1317,2.3328,0.0616,1,0.0153,0.8559,-8.3565,ABSLAMC,2022-04-21,0,-5.1019
7.4533,3,1.5105,0.8515,56.3447,10.1107,2.3772,-0.0065,1,0.0326,0.8503,-22.8315,ABSLAMC,2023-05-03,0,15.8126
5.059,20,3.1118,0.7903,66.9044,10.3695,1.8066,0.06,1,0.0057,0.9864,23.5031,ABSLAMC,2023-09-05,0,13.2834
5.0398,58,3.0197,0.8442,65.8959,10.1087,2.0377,0.057,1,0.0771,1.1319,16.6013,ABSLAMC,2023-12-18,0,-1.8446
4.489,76,2.9323,0.8905,69.8524,11.2438,2.1155,0.0806,1,0.0609,1.1819,27.7899,ABSLAMC,2024-01-12,0,-5.9976
6.5663,14,3.0558,1.0,64.6811,16.9968,3.1676,0.1232,1,0.038,1.0699,16.3681,ABSLAMC,2024-06-03,0,10.5032
4.4057,11,5.4371,0.7368,59.3411,8.013,3.0079,0.0695,1,0.0397,1.3985,45.9247,ABSLAMC,2024-09-20,0,-11.4305
11.4728,0,10.5461,0.7712,63.2383,19.4871,3.9169,0.0744,0,-0.0043,1.419,35.7534,ABSLAMC,2024-10-16,0,2.0722
7.1347,11,3.7877,0.6698,60.5132,10.032,4.8199,0.0605,1,0.055,0.9154,-18.6647,ABSLAMC,2025-04-29,0,8.8252
7.0278,49,6.2772,0.6057,61.8824,11.2341,2.4369,0.024,1,0.0144,1.2762,15.7389,ABSLAMC,2025-10-13,0,-6.4437
10.0319,0,7.9081,0.5758,66.3262,15.805,4.5427,0.1579,0,-0.0497,1.1639,24.888,ABSLAMC,2026-03-10,0,5.4599
4.2537,35,2.3772,0.7748,64.0287,8.004,2.0437,0.056,1,0.0505,0.8346,-13.1455,ACC,2017-01-25,0,13.3662
6.4857,38,2.0413,0.946,68.771,9.1101,2.1796,0.0428,1,0.0276,1.0825,21.5932,ACC,2017-07-12,0,3.0482
2.8369,29,1.8606,0.8952,62.7871,9.1751,1.8648,0.0593,1,0.0205,1.1831,14.7213,ACC,2017-09-12,0,-5.4075
10.761,0,8.0411,0.7646,68.2275,20.9118,3.4901,0.1119,1,0.0339,0.8039,-6.9734,ACC,2018-07-24,0,4.3436
5.3365,65,1.8876,0.5212,56.403,8.9496,2.4574,-0.0034,0,-0.0015,0.9309,-7.4397,ACC,2019-02-27,0,11.9765
8.5005,56,1.6936,0.9385,65.2808,20.542,2.8224,0.0646,1,0.0144,1.0679,1.9659,ACC,2019-09-20,0,-8.3154
4.2682,28,3.7784,0.7339,58.8612,14.9516,2.6613,0.0367,1,0.0359,0.7419,-25.6864,ACC,2023-05-22,0,-3.0016
4.1885,73,4.3324,0.9618,66.2221,14.3239,1.7784,0.0507,1,0.0401,0.7316,7.4244,ACC,2023-07-25,0,1.3506
8.642,3,5.4281,0.7042,69.4619,18.1304,3.1608,0.1589,1,0.0165,1.2598,22.7107,ACC,2024-01-25,0,-0.2712
9.6656,36,2.0361,0.7996,65.3507,11.7878,2.5876,0.0717,1,0.038,1.2539,16.9256,ACC,2024-06-03,0,-9.2253
3.251,67,7.8407,0.5923,64.9049,21.2206,1.8326,0.0325,1,0.0191,0.9449,-3.2459,ACC,2025-11-24,0,-6.0526
7.7754,12,10.7546,0.6497,66.9139,22.9776,3.7111,0.1228,1,0.0325,1.2794,37.3832,ACE,2017-03-28,0,0.1943
10.2719,0,4.2119,0.7747,67.6196,10.5736,3.7783,0.0963,1,0.0211,2.6577,34.0263,ACE,2018-04-23,0,-9.9872
11.3065,0,8.7758,0.722,67.4471,21.4494,4.4827,0.0663,1,0.0241,0.8394,42.4851,ACE,2020-01-02,0,-7.0564
7.2059,9,6.3017,0.5375,65.5892,9.0549,4.76,0.2102,1,0.0156,1.7364,50.0152,ACE,2021-07-23,0,-9.8105
8.9478,19,4.2377,0.9067,67.0382,11.6695,3.3353,0.091,1,0.02,0.9587,9.7171,ACE,2022-03-31,0,-10.9272
12.0344,0,6.5746,0.9283,68.0876,12.1234,4.1789,0.1409,1,0.0331,1.38,52.953,ACE,2022-11-04,0,-8.7145
10.902,0,5.6696,0.8779,68.3377,9.0387,4.3375,0.1292,0,-0.0239,1.6169,34.0812,ACE,2023-02-07,0,20.7479
6.3688,5,2.0926,0.9115,66.4214,8.5614,2.9891,0.1309,1,0.0326,1.4569,37.837,ACE,2023-05-03,1,66.5309
6.3788,5,3.7232,0.798,66.4613,8.1762,2.9578,0.119,1,0.0394,1.4414,49.5327,ACE,2023-05-31,1,67.5868
10.0004,0,4.489,0.959,69.0472,9.0069,4.2977,0.122,1,0.0606,1.6847,18.0786,ACE,2024-01-03,1,26.7066
9.6089,18,4.5958,0.7653,63.0951,9.04,3.2621,0.0554,1,0.0397,0.9395,4.1157,ACE,2024-09-20,0,-9.9034
10.8593,0,2.8824,0.7252,68.3209,9.2273,4.7284,0.1648,1,0.0554,1.0,1.0004,ACMESOLAR,2025-05-14,0,10.3761
9.3755,14,12.3532,0.6978,67.285,8.1127,4.1235,0.1316,0,-0.088,0.8818,-6.1671,ACMESOLAR,2026-03-13,0,7.0816
9.6838,1,3.8689,0.801,69.2552,8.0663,4.1209,0.1848,1,0.0083,1.0799,23.037,ACUTAAS,2022-04-28,0,-12.3075
9.9447,5,7.6112,0.8051,67.6404,22.0408,3.598,0.0671,1,0.0007,1.0085,23.1265,ACUTAAS,2022-07-07,0,-2.2173
9.7439,27,7.6015,0.8104,67.8101,13.2318,3.6282,0.1026,1,0.0586,1.1387,5.7575,ACUTAAS,2022-09-13,0,-13.6036
4.4827,11,3.3608,0.4879,58.9893,12.2207,2.2362,0.0069,1,0.0331,0.8722,10.836,ACUTAAS,2022-11-04,0,-6.8142
4.0976,13,1.8238,0.8322,55.4854,10.2028,2.7835,-0.0037,1,0.0695,0.7897,-1.626,ACUTAAS,2023-12-14,0,-10.7966
7.4773,19,2.3683,0.4896,61.8863,8.467,4.4322,0.0561,1,0.0664,0.8353,-0.5716,ACUTAAS,2023-12-22,0,-10.9145
6.6927,67,3.8799,0.7406,62.8757,11.4179,3.0236,0.0415,1,0.0286,0.7741,-1.8608,ACUTAAS,2024-03-04,0,-10.9319
11.264,0,3.3802,0.8192,67.2116,9.4587,3.188,0.0848,1,0.0254,0.8802,9.0483,ACUTAAS,2024-04-09,0,-7.8748
10.0281,0,2.5363,0.8651,66.1838,11.9975,4.4638,0.1577,0,-0.0226,1.7567,88.8054,ACUTAAS,2024-12-24,0,-15.3789
8.3798,6,5.4165,0.8586,69.3523,15.9838,3.6069,0.1786,1,0.0191,1.5152,63.2212,ACUTAAS,2025-11-24,0,-14.0734
10.0463,0,3.7954,0.809,68.0224,12.2357,3.3793,0.0905,0,-0.0215,1.5914,26.4187,ACUTAAS,2026-01-28,0,10.812
10.2627,0,1.6574,0.8814,67.5732,9.423,3.6921,0.186,0,-0.0343,1.5723,32.769,ACUTAAS,2026-03-05,0,-5.4707
6.4414,24,3.0826,0.8302,60.4438,11.3011,3.0823,0.0638,1,0.0175,1.0,0.0,ADANIENSOL,2016-09-16,0,-8.4217
8.54,37,6.9396,0.5672,64.7287,11.8113,4.4995,0.0927,1,0.005,1.0,0.0,ADANIENSOL,2016-10-05,0,-3.583
7.1954,34,4.2004,0.6341,63.0572,10.976,3.6396,0.0613,1,0.0407,1.6755,21.2823,ADANIENSOL,2017-04-03,0,7.4545
13.5234,0,4.0296,0.6145,62.5067,9.0629,4.8556,0.0032,0,-0.0529,1.0912,16.1078,ADANIENSOL,2018-11-01,0,10.8857
12.0381,0,8.608,0.7537,67.2671,20.9362,4.8621,0.1093,1,0.0495,1.2447,31.4334,ADANIENSOL,2019-03-15,0,-11.7146
13.246,0,7.4649,0.7775,68.0748,13.021,4.3913,0.1037,1,0.0316,0.919,11.9064,ADANIENSOL,2019-05-28,0,-14.2686
8.3327,5,4.9442,0.593,59.5763,9.602,4.9958,0.0634,1,0.017,1.067,10.014,ADANIENSOL,2019-07-02,0,-12.918
7.1369,19,5.5265,0.3341,61.8542,13.9077,4.0082,0.0664,1,0.0301,1.1094,1.3777,ADANIENSOL,2019-10-15,0,7.4406
9.983,23,2.2686,0.7523,68.9647,9.7703,4.4004,0.1169,1,0.0406,1.1504,13.9039,ADANIENSOL,2019-10-22,0,1.6654
12.7823,0,3.6617,1.0,66.4661,12.4663,4.2251,0.1115,1,0.0471,0.9126,32.4736,ADANIENSOL,2020-08-20,0,-12.4964
5.1603,6,2.9464,0.7798,67.0817,10.1772,3.2883,0.1255,1,0.0731,1.1482,17.9541,ADANIENSOL,2020-11-09,0,22.8429
11.7437,0,2.1977,0.9272,61.3698,10.5371,4.7527,0.0187,0,-0.0292,1.4747,21.4923,ADANIENSOL,2022-06-29,1,58.07
7.9578,7,1.7145,0.6809,65.1554,10.3562,3.4522,0.0945,1,0.0004,0.7559,-12.884,ADANIENSOL,2023-08-18,0,-3.7543
8.4181,11,3.1372,0.8682,68.9027,14.4016,3.564,0.091,1,0.0195,1.161,49.7899,ADANIENSOL,2024-02-26,0,-12.6134
11.6469,0,2.5556,0.8212,62.911,8.0248,4.3214,0.0768,0,-0.0226,0.9616,7.916,ADANIENSOL,2024-11-06,0,-9.591
6.5356,9,3.7864,0.7567,64.4353,10.9597,2.4037,0.1182,1,0.0372,1.0045,17.4781,ADANIENSOL,2025-10-29,0,1.2337
9.7755,25,2.1443,0.8369,62.0755,11.3017,4.3547,0.0929,0,-0.0228,1.2122,10.4786,ADANIENSOL,2026-04-08,0,15.9905
9.8097,6,3.6286,0.9227,62.186,12.8038,4.8056,0.0712,1,0.0322,1.5507,63.7468,ADANIENT,2017-06-06,0,1.6092
6.4884,8,2.9477,0.9379,65.9637,10.5075,3.2428,0.1268,1,0.0276,1.5055,44.1837,ADANIENT,2017-07-12,0,-6.7691
7.0487,10,3.4694,0.862,67.9262,16.017,3.3679,0.0476,1,0.0285,2.4718,56.6542,ADANIENT,2021-08-06,0,-11.6183
8.9957,27,3.4033,0.946,68.7178,9.5011,2.4728,0.0975,1,0.0325,1.128,17.806,ADANIENT,2022-01-11,0,-8.7443
7.5127,5,1.9455,0.8757,66.868,14.6186,2.6654,0.0596,1,0.0363,1.4383,65.472,ADANIENT,2022-11-01,0,8.0458
5.5423,44,2.8873,0.5673,61.4945,9.4373,2.9778,0.0578,1,0.0004,1.3684,43.4774,ADANIENT,2023-08-18,0,-6.126
7.605,9,6.6476,0.6255,64.7382,19.3012,2.928,0.0295,1,0.0153,0.8863,0.6207,ADANIENT,2023-11-28,0,13.6825
12.8282,0,2.5319,0.4068,68.7187,11.1096,3.4698,0.0793,1,0.0553,0.9081,4.7552,ADANIENT,2023-12-04,0,10.8755
7.7977,4,3.9173,0.9061,56.6425,14.8788,2.6242,-0.017,0,-0.0228,0.8286,-15.5765,ADANIENT,2024-12-30,0,-9.7194
9.1134,21,3.6715,0.7917,59.2846,14.2732,3.3133,0.0737,1,0.0568,0.8622,1.4942,ADANIENT,2025-05-05,0,-0.3321
11.1399,0,2.4282,0.853,67.1328,11.152,4.1058,0.1049,1,0.0548,1.7806,51.6836,ADANIGREEN,2022-04-04,0,11.0178
10.4338,0,5.2999,0.8526,64.5181,17.4049,3.1837,0.0397,0,-0.0217,0.9043,-10.9568,ADANIGREEN,2023-01-16,0,-8.0631
4.7749,17,4.1807,0.8023,58.9637,20.2892,2.9331,0.0063,1,0.0366,0.9963,-5.6882,ADANIGREEN,2024-07-25,0,-1.8673
10.1159,0,3.5908,0.5933,56.8903,9.7081,4.1779,0.0798,1,0.0568,0.5907,-10.0545,ADANIGREEN,2025-05-05,0,1.382
9.1185,20,8.6497,0.4074,69.9907,12.8897,2.3205,0.0587,1,0.0178,1.0231,6.5598,ADANIGREEN,2025-09-19,0,-2.2529
6.3532,8,9.9377,0.7562,63.8854,21.5526,2.6431,0.1023,1,0.0372,1.1537,19.1221,ADANIGREEN,2025-10-29,0,-7.5418
6.8219,32,2.1073,0.8959,67.6711,9.3224,2.612,0.0893,1,0.0542,1.1927,13.2082,ADANIPORTS,2017-03-16,0,0.8629
4.6644,25,1.9358,0.8377,61.0403,9.0711,2.2194,0.0394,1,0.018,1.1739,18.7749,ADANIPORTS,2017-09-14,0,-4.9544
9.6518,27,3.8833,0.7481,61.7995,17.1924,3.3322,0.0725,1,0.0311,1.0895,4.9305,ADANIPORTS,2019-05-20,0,-1.8203
10.3917,0,5.3992,0.4005,62.3402,8.3483,4.2607,0.0825,1,0.0123,1.0681,6.7863,ADANIPORTS,2019-05-23,0,-1.6881
6.3762,21,2.3554,0.8277,58.6483,15.9835,2.243,0.0098,1,0.0144,1.0471,2.2414,ADANIPORTS,2019-09-20,0,-0.3591
4.5222,14,2.7471,0.6474,68.6281,8.7992,2.6706,0.1254,1,0.0928,1.1421,-0.6047,ADANIPORTS,2020-07-03,0,-8.8085
6.5154,18,1.5309,0.6537,63.4608,8.2322,3.2812,0.0755,1,0.0966,0.8646,14.2836,ADANIPORTS,2020-11-17,0,13.1702
9.7784,23,2.3049,0.625,64.5321,8.3517,3.082,0.0993,1,0.0976,0.874,23.6212,ADANIPORTS,2020-11-24,0,9.0866
8.4449,4,2.6664,0.7695,58.4943,11.0617,2.7212,0.0246,0,-0.0247,0.8783,8.3878,ADANIPORTS,2021-11-24,0,-8.8834
5.4835,15,2.1196,0.9059,60.1835,8.6869,2.319,0.0428,1,0.0325,0.9261,2.7325,ADANIPORTS,2022-01-11,0,-6.77
9.9604,11,2.871,0.7571,64.8492,8.0453,2.5611,0.0445,1,0.0339,1.0431,32.2869,ADANIPORTS,2022-11-09,0,-5.0599
6.9702,27,5.532,0.6066,66.2944,11.3752,2.8799,0.09,1,0.0359,0.8204,-10.9688,ADANIPORTS,2023-05-22,0,-3.9211
3.905,54,2.7925,0.9328,60.359,13.446,2.293,0.0641,1,0.0322,0.8912,33.8701,ADANIPORTS,2023-06-28,0,10.4747
5.7032,60,4.2124,0.655,64.7953,17.9704,2.3061,0.0357,1,0.0153,1.0791,15.359,ADANIPORTS,2023-11-28,1,55.2941
9.733,172,4.4207,0.8963,62.9801,16.7957,3.2943,0.0446,0,-0.0046,1.094,6.1876,ADANIPORTS,2026-02-03,0,-5.3644
5.3242,23,3.2794,0.6774,61.7731,10.0817,2.773,0.024,1,0.0324,1.0,0.0,ADANIPOWER,2016-09-09,0,-7.234
7.9092,9,2.1235,0.8814,63.4939,13.0816,3.1004,0.0717,1,0.0355,0.9013,18.1159,ADANIPOWER,2017-10-26,0,-1.4916
8.0007,30,1.8678,0.8101,63.5344,9.0241,3.9888,0.0497,0,-0.0179,1.2409,41.9822,ADANIPOWER,2019-09-11,0,-6.3848
4.9591,17,2.8944,0.8545,60.1896,8.2302,2.23,0.016,1,0.0169,1.2067,5.9701,ADANIPOWER,2020-01-01,0,-6.6016
3.7674,35,2.5546,0.8529,59.2692,12.8999,2.0659,0.0042,1,0.0605,0.6477,21.7608,ADANIPOWER,2020-08-07,0,-1.3915
4.9642,46,10.1781,0.0816,69.469,13.7173,2.3873,0.0275,1,0.0576,0.9057,5.3073,ADANIPOWER,2020-11-06,0,-6.4005
10.4923,0,5.2819,0.7596,66.3735,8.9799,3.8927,0.1149,1,0.0727,1.1391,55.3596,ADANIPOWER,2021-02-12,1,49.6959
6.8059,24,6.865,0.863,67.7948,20.3329,2.98,0.0606,1,0.03,0.8647,10.3553,ADANIPOWER,2022-01-10,0,-4.9633
6.5601,8,4.8641,0.8896,60.9428,21.9933,2.9008,0.0303,1,0.0401,0.8624,20.9437,ADANIPOWER,2023-07-25,1,33.208
10.2278,0,3.3576,0.8625,66.805,8.6286,3.3375,0.0731,1,0.0374,0.9484,36.6842,ADANIPOWER,2023-07-31,1,26.5198
5.4405,10,2.3068,0.8255,61.4127,10.083,3.5967,0.0881,0,-0.0034,1.3927,19.9943,ADANIPOWER,2024-05-14,0,13.1492
5.8384,40,1.7307,0.6172,61.6964,8.501,4.3763,0.0746,1,0.016,0.9033,-0.3675,ADANIPOWER,2025-04-15,0,-3.4494
6.3243,16,6.0774,0.6978,68.8694,10.873,2.8575,0.0984,1,0.0376,1.0929,19.9537,ADANIPOWER,2025-06-10,0,-10.2157
5.9469,35,5.5537,0.557,69.2513,10.1385,2.4318,0.0672,0,-0.007,1.1305,19.1335,ADANIPOWER,2025-09-08,0,20.7406
4.3466,28,4.9219,0.5753,57.2477,10.7727,2.2054,-0.0056,1,0.0078,1.2244,24.7568,ADANIPOWER,2026-01-01,0,-6.9913
11.1639,0,3.9851,0.9389,68.3759,12.5342,3.8039,0.0878,0,-0.0025,1.2671,7.4671,ADANIPOWER,2026-02-04,0,-14.3538
7.0111,5,4.6631,0.8017,61.6793,17.6733,3.1669,0.0451,0,-0.0708,1.2362,-5.5369,ADANIPOWER,2026-03-12,1,37.8762
8.425,7,4.0454,0.8907,65.4163,8.5244,3.5093,0.0785,0,-0.0758,1.2687,-2.7338,ADANIPOWER,2026-03-16,1,33.4571
7.4628,6,1.7824,0.9146,69.3566,10.0573,3.7756,0.2169,1,0.0144,1.6613,64.7233,ADANIPOWER,2026-05-25,0,-3.7392
8.8572,17,1.9305,0.8382,64.4906,9.8926,3.5824,0.0639,1,0.0583,1.1819,-14.2904,AEGISLOG,2017-02-02,1,26.757
6.9824,41,4.9152,0.7538,65.5325,21.9474,3.2556,0.0743,1,0.0066,0.9179,3.7416,AEGISLOG,2017-09-06,0,15.4074
7.9934,11,1.9576,0.8936,58.2923,12.8955,4.4797,0.033,0,-0.0298,1.1261,0.6575,AEGISLOG,2019-08-26,0,-15.4043
8.7883,10,3.3689,0.7338,57.6034,13.7497,4.2052,0.0181,1,0.0417,0.88,-10.0499,AEGISLOG,2019-11-14,0,-2.8927
11.604,0,2.6583,0.7719,69.6039,9.5155,4.1871,0.2158,1,0.1158,1.1985,-5.4833,AEGISLOG,2020-06-05,0,-14.4025
7.549,11,1.8795,0.8169,56.6769,9.3371,3.6538,0.0073,1,0.086,0.9029,23.1667,AEGISLOG,2020-11-12,0,3.995
11.3729,0,4.6134,0.8536,69.9966,10.5502,3.6856,0.1525,1,0.0935,1.1262,31.8757,AEGISLOG,2021-01-13,0,1.8203
7.3597,12,4.4017,0.7608,61.4537,11.5728,3.5059,0.0576,1,0.0044,1.1724,26.0712,AEGISLOG,2021-04-28,0,5.5719
12.8905,0,9.0741,0.8781,67.0017,28.0959,3.9002,0.0693,0,-0.0181,0.6016,-30.1444,AEGISLOG,2021-11-25,0,-5.1798
10.1563,0,6.3676,0.86,63.7621,13.5594,4.4411,0.0929,1,0.001,1.2673,36.4424,AEGISLOG,2022-10-19,0,19.9344
9.5295,19,3.0397,0.9226,69.678,8.8645,4.0179,0.1779,1,0.0338,1.4109,39.9669,AEGISLOG,2022-12-13,0,-8.5848
7.5951,20,7.1428,0.8036,63.2534,21.9083,3.494,0.0908,0,-0.0322,1.4272,33.0546,AEGISLOG,2023-01-30,0,6.2297
7.6023,10,1.581,0.829,62.0651,10.3685,4.3245,0.0961,1,0.0015,1.4649,21.1722,AEGISLOG,2023-04-05,0,-7.505
6.8257,21,3.0665,0.9499,62.7612,9.5341,2.9825,0.0954,1,0.0137,1.3513,23.7409,AEGISLOG,2023-04-24,0,-9.0547
10.1377,0,6.0712,0.8333,57.732,16.9277,3.1205,-0.0131,1,0.0478,0.9515,2.3431,AEGISLOG,2023-07-05,0,0.3089
11.1658,0,4.1526,0.7646,59.5548,11.0382,3.6137,0.0163,1,0.0402,0.9846,3.4393,AEGISLOG,2023-07-10,0,-2.9889
10.1945,0,4.019,0.8719,66.3676,9.6572,5.1441,0.1495,1,0.0177,1.0198,30.4694,AEGISLOG,2024-02-15,0,-13.0045
10.1957,0,2.8574,0.789,64.2996,8.4771,4.0001,0.1407,0,-0.0315,1.1303,2.0833,AEGISLOG,2024-11-28,0,-12.1266
4.404,7,3.1824,0.6043,58.5939,8.7442,2.6708,0.0271,1,0.0358,0.9621,8.3188,AEGISLOG,2025-06-26,0,-10.2052
8.5345,62,9.6096,0.7922,62.7661,16.2646,2.9389,0.0495,1,0.0069,0.9344,-3.9445,AEGISLOG,2025-09-15,0,-1.5384
7.7715,5,3.0525,0.5609,58.258,10.103,4.5646,0.0032,0,-0.0093,0.8432,-13.7301,AEGISLOG,2026-04-15,0,4.2985
13.9279,0,4.1015,0.4322,67.366,8.9478,4.9299,0.082,0,-0.0025,0.9064,-8.3651,AEGISLOG,2026-04-17,0,-2.036
7.079,23,8.5856,0.1455,55.8628,10.8891,2.9336,0.0216,1,0.0237,1.065,-6.556,AEGISVOPAK,2025-12-01,0,-7.8149
9.7377,3,6.5192,0.7535,67.1444,9.4025,3.6481,0.1135,1,0.0128,0.8298,-13.1176,AEGISVOPAK,2026-05-07,0,-13.5282
8.3116,6,4.4702,0.8915,59.9106,11.5231,2.9958,0.0302,1,0.0536,0.9315,-12.1928,AFCONS,2025-05-13,0,-8.2005
18.0527,0,16.4049,0.4902,67.4804,11.2912,4.7552,0.1087,0,-0.0093,0.749,-17.4939,AFCONS,2026-04-15,0,-14.1699
14.0011,0,2.9236,0.8354,67.7752,8.1423,3.8901,0.0,0,-0.0164,1.0,0.0,AFFLE,2019-09-16,1,52.5607
7.9164,10,6.096,0.6396,66.3803,8.0094,3.6115,0.1023,0,-0.0001,1.0,78.3787,AFFLE,2020-01-29,0,6.2418
12.4849,0,1.9387,0.725,68.011,8.0056,4.1795,0.1415,0,-0.0346,1.0,75.4751,AFFLE,2020-02-03,0,1.5862
10.5971,0,5.9734,1.0,69.7959,16.4875,3.7203,0.1074,1,0.0719,1.5479,40.9916,AFFLE,2021-02-05,0,16.5769
7.8416,9,2.8447,0.851,68.2302,10.3819,3.4098,0.082,1,0.0069,1.2054,48.6958,AFFLE,2022-01-03,0,4.0287
7.1501,17,2.7704,0.5839,58.3225,9.4226,3.2429,0.0522,1,0.0157,0.8101,-7.6681,AFFLE,2022-07-18,0,14.1623
5.9664,24,4.284,0.9207,64.7336,16.6863,2.6228,0.025,1,0.0431,1.0854,19.1125,AFFLE,2022-11-11,0,-8.5097
10.7774,0,4.278,0.8523,64.1145,9.6265,3.1309,0.0473,1,0.0364,1.0469,27.4839,AFFLE,2022-11-18,0,-12.033
6.1656,16,6.893,0.7093,65.0439,10.8789,2.8948,0.0989,1,0.0348,0.9679,17.1897,AFFLE,2023-08-01,0,-5.5727
3.9871,41,3.0899,0.65,63.1592,8.532,1.9448,0.0404,1,0.0066,0.9965,20.7911,AFFLE,2023-09-06,0,-3.985
5.7126,43,3.7801,0.756,68.7314,9.1818,2.1279,0.07,1,0.0155,1.0072,25.4166,AFFLE,2023-09-08,0,-7.6621
7.3847,33,6.5863,0.7754,68.9832,16.4973,3.0088,0.0904,1,0.0069,0.9891,-10.2589,AFFLE,2024-05-17,0,-8.4795
8.7442,8,6.0052,0.8993,69.5477,11.7583,3.844,0.1096,0,-0.0149,1.4169,25.7159,AFFLE,2024-12-02,0,-4.9029
7.1835,3,2.2732,0.899,65.2994,9.9442,3.3199,0.0991,1,0.0554,1.0114,-5.818,AFFLE,2025-05-14,0,10.1776
6.7757,28,7.6559,0.6668,69.3018,11.8156,2.8922,0.0959,1,0.0277,1.4014,8.9891,AIAENG,2017-01-12,0,9.6935
4.0081,42,4.6864,0.8335,63.9877,10.546,2.1197,0.0525,1,0.0215,0.8603,3.6998,AIAENG,2017-11-08,0,4.7693
7.005,6,1.6819,0.727,66.218,8.9789,3.188,0.0873,1,0.0518,1.0197,10.1277,AIAENG,2019-03-28,0,-5.9595
11.55,0,3.8031,0.7676,68.6892,10.4009,2.8071,0.0584,1,0.0436,0.9826,0.5342,AIAENG,2019-09-23,0,-11.0989
5.6503,63,2.1697,0.5651,61.8922,8.3579,3.3872,0.0618,1,0.0499,1.0404,22.8937,AIAENG,2020-08-21,0,-5.2742
7.8807,20,2.6124,0.7528,68.3509,9.7545,3.2303,0.1141,1,0.0789,0.9861,24.8834,AIAENG,2021-01-20,0,-10.0311
4.289,35,2.0374,0.6018,58.9542,9.7122,2.8245,0.0016,1,0.0661,0.984,8.5799,AIAENG,2021-08-31,0,-6.2796
6.456,38,3.2055,0.8902,65.8453,11.1339,2.9672,0.0387,1,0.0721,0.9973,10.5573,AIAENG,2021-09-03,0,-9.1183
5.2444,64,1.5066,0.7356,65.5648,8.923,2.3525,0.0379,1,0.0452,0.8208,-6.8869,AIAENG,2022-01-17,0,-8.2493
5.1078,74,2.1343,0.6344,67.2273,11.4951,3.1238,0.0541,1,0.0084,0.903,-3.5492,AIAENG,2022-02-01,0,-10.2791
9.0712,14,5.2637,0.6016,66.9516,12.6152,3.1798,0.1342,1,0.0761,1.3399,59.1175,AIAENG,2022-08-10,0,0.7285
5.2274,19,1.882,0.7738,62.8709,8.1101,3.3043,0.0828,1,0.0324,1.4806,49.2819,AIAENG,2022-09-20,0,-6.0862
6.8457,55,6.4088,0.6113,59.5384,14.3769,3.1684,0.0533,1,0.0412,1.3014,23.9133,AIAENG,2022-11-14,0,-6.969
8.3971,64,4.1482,0.7438,62.6368,15.1397,2.9342,0.0553,1,0.0468,1.1184,17.6907,AIAENG,2023-05-30,0,6.4613
5.8392,62,2.6868,0.7944,63.3315,10.8627,3.1933,0.0365,0,-0.0297,1.246,10.0492,AIAENG,2023-11-01,0,-4.0332
4.8985,109,2.5353,0.6288,62.5028,10.7739,2.2869,0.0414,1,0.053,1.0584,2.6278,AIAENG,2024-01-10,0,-2.4012
11.3014,0,2.2224,0.6265,68.0012,8.3381,4.0451,0.1237,1,0.0283,1.0671,11.3616,AIAENG,2024-01-31,0,-10.0229
7.5906,3,3.5212,0.4531,55.6829,9.3914,2.2311,-0.0265,1,0.0166,0.8561,-7.9884,AIAENG,2025-03-21,0,-7.6129
4.6883,33,1.8754,0.9188,66.2364,21.361,2.1214,0.0451,0,-0.0003,0.9318,-3.2427,AIAENG,2025-10-01,0,21.005
4.9867,58,5.7813,0.8331,65.1183,15.8729,2.2612,0.0825,1,0.0141,1.04,4.6505,AIAENG,2025-11-10,0,13.7035
12.2466,0,2.4871,0.9462,58.7286,10.0959,4.1993,0.0192,1,0.0258,1.0768,3.3279,AIIL,2025-03-27,0,-14.4298
7.8368,13,3.4352,0.7678,63.0807,8.0798,4.5492,0.1453,1,0.0085,1.4478,74.9127,AIIL,2025-07-15,0,-7.765
7.8246,15,2.0453,0.772,57.3843,8.9119,3.2768,-0.0215,1,0.0028,1.1076,-2.3608,AIIL,2025-12-16,0,7.7858
10.1983,0,3.7139,0.8545,61.1586,12.0998,3.3122,0.0231,1,0.005,1.0869,2.2823,AIIL,2025-12-19,0,3.8788
6.0832,28,1.5373,0.7184,58.9962,8.1652,3.4552,0.0107,1,0.0553,0.9535,-9.7141,AJANTPHARM,2017-02-09,0,-3.542
4.5311,12,2.6933,0.8637,55.8024,12.9136,2.8632,-0.0275,1,0.0172,0.6145,-23.0731,AJANTPHARM,2017-09-21,0,-0.5875
8.3298,16,1.6771,0.7452,62.7922,8.126,4.9856,0.0853,1,0.0443,0.7199,-20.8684,AJANTPHARM,2018-07-27,0,7.0612
5.8789,8,2.7638,0.7688,57.5621,11.4867,3.1744,-0.0151,1,0.041,0.8639,4.1538,AJANTPHARM,2019-03-12,0,-7.3986
4.232,39,7.2153,0.8618,62.1664,22.1008,2.8105,0.0649,1,0.0358,0.9478,-2.3704,AJANTPHARM,2019-05-02,0,-8.6401
12.9216,0,4.773,0.881,69.2054,10.4289,3.8744,0.1195,1,0.0654,1.5251,36.9766,AJANTPHARM,2020-07-31,0,-9.5695
4.8044,34,1.8125,0.8744,64.0072,14.5256,2.4908,0.0325,1,0.057,1.0541,18.9189,AJANTPHARM,2021-09-29,0,-9.2416
6.2973,95,5.8536,0.5433,67.1883,8.113,3.1817,0.0638,0,-0.02,1.0397,-1.9214,AJANTPHARM,2021-12-28,0,-5.0313
6.7752,18,7.1299,0.6198,65.9629,15.6899,3.3606,0.0751,1,0.0401,1.1807,23.9088,AJANTPHARM,2023-07-25,0,17.799
5.4052,14,8.1613,0.5608,68.578,15.5384,3.2582,0.1216,1,0.0261,1.2947,44.5286,AJANTPHARM,2023-09-13,0,3.6612
4.4564,46,3.2521,0.7457,62.3876,9.2248,2.8115,0.0476,0,-0.0297,1.3758,22.8173,AJANTPHARM,2023-11-01,1,25.8515
7.0023,52,2.0182,0.7735,65.699,10.0903,2.9967,0.0686,0,-0.0087,1.4154,28.6402,AJANTPHARM,2023-11-09,0,17.9451
8.2938,28,5.2414,0.7832,60.7974,21.7635,2.9744,0.0338,0,-0.0169,1.3581,4.7251,AJANTPHARM,2024-12-27,0,-11.9149
4.202,68,1.8569,0.8067,62.3435,10.3064,2.1735,0.0178,1,0.0236,0.9609,-0.9672,AJANTPHARM,2025-11-03,0,5.4368
5.5884,102,2.2567,0.8912,67.0252,8.1469,2.18,0.071,1,0.0122,1.016,3.0874,AJANTPHARM,2025-12-22,0,-2.3451
5.5799,16,4.0227,0.7998,67.9663,9.2739,2.4639,0.0,0,0.0,1.0,0.0,ALKEM,2016-09-02,0,-1.528
6.8042,48,6.0505,0.6823,64.5543,17.2729,3.6083,0.0458,1,0.0339,0.8913,-8.2586,ALKEM,2018-07-24,0,-4.4078
6.6671,263,1.9924,0.7605,67.4497,8.8214,2.9943,0.0915,1,0.0144,1.1451,12.7419,ALKEM,2019-09-20,0,-0.5044
7.5609,6,3.74,0.711,59.8104,12.4569,2.9117,0.015,1,0.0013,0.8277,1.3551,ALKEM,2021-04-09,0,17.0006
4.4121,22,3.6517,0.565,65.0439,9.4654,2.8247,0.0533,0,-0.0083,0.8849,1.5156,ALKEM,2021-05-05,0,18.1197
6.6813,5,1.9484,0.9384,68.8755,8.8938,2.8728,0.1005,1,0.0532,0.9232,0.7779,ALKEM,2021-06-01,0,24.3273
4.3669,22,2.6922,0.4907,64.1558,9.0689,2.5211,0.0274,0,-0.0189,1.0366,-4.7431,ALKEM,2021-12-30,0,-5.8453
3.7504,92,3.7074,0.9685,69.0276,13.9619,1.7973,0.0404,0,-0.0148,1.0451,-2.425,ALKEM,2023-02-08,0,-0.2206
7.2934,41,2.676,0.9674,64.2713,11.0421,2.5169,0.0356,1,0.0067,1.1969,4.9925,ALKEM,2024-05-06,0,-4.5825
4.7672,31,1.9431,0.9331,66.5187,8.7498,2.6656,0.0757,1,0.0162,1.0207,15.0843,ALKEM,2024-08-07,0,8.1399
6.5757,29,1.6896,0.9241,68.6114,9.8355,2.5543,0.0844,1,0.0572,0.8786,-3.3905,ALKEM,2025-04-23,0,-7.9347
5.4576,36,7.1336,0.8482,63.195,19.3095,2.4324,0.0532,0,-0.0214,0.9709,5.5193,ALKEM,2025-08-12,0,1.6269
4.1424,84,3.067,0.8665,63.9724,8.4805,1.9012,0.0316,1,0.0065,1.1828,8.0078,ALKEM,2026-01-07,0,-5.5155
6.7739,22,7.0035,0.3483,61.2136,16.2814,4.2239,0.0473,1,0.0305,0.8009,-10.7144,AMBER,2018-09-07,0,-11.3845
8.2267,45,2.8561,0.6709,62.0941,8.5927,4.2296,0.0467,0,-0.0298,1.2996,2.0512,AMBER,2019-08-26,0,14.7412
10.0428,0,3.8965,0.6451,64.4156,10.9188,4.2895,0.15,1,0.0279,1.5271,57.0677,AMBER,2020-10-16,0,17.34
9.1272,9,4.5083,0.7948,61.6924,14.324,3.9953,0.1136,1,0.0826,1.2438,61.8563,AMBER,2020-11-27,0,0.86
4.4512,7,4.8844,0.4769,58.7172,15.3394,2.2642,-0.0103,1,0.0377,1.0855,0.1738,AMBER,2021-06-23,0,-2.8572
7.3148,33,4.1197,0.7722,62.5482,13.5035,2.7172,0.0267,1,0.0609,0.7968,-6.1726,AMBER,2021-09-01,0,5.8992
4.5528,5,3.3566,0.7836,65.197,14.4767,2.8816,0.0808,1,0.0491,0.8464,11.3853,AMBER,2021-09-30,0,0.0159
10.6363,0,2.8523,0.8799,58.9834,10.7366,4.2688,0.0348,0,-0.0516,1.197,20.9959,AMBER,2021-12-21,0,-6.6577
6.0729,24,5.8002,0.6761,69.6654,10.417,3.3816,0.1033,0,-0.002,1.1934,20.644,AMBER,2022-05-02,0,-13.7056
6.8008,49,5.5645,0.8515,68.4165,9.1682,2.5346,0.0487,0,-0.0085,0.7724,-13.0783,AMBER,2023-01-24,0,-7.3724
3.3121,75,4.7944,0.8721,59.3894,9.9076,2.1585,0.0273,0,-0.0306,0.8769,-7.8324,AMBER,2023-03-02,0,-4.5009
11.3531,0,2.6545,0.708,69.2238,8.6223,4.3335,0.1339,0,-0.0076,1.7075,50.2928,AMBER,2023-11-06,1,30.5791
11.3047,0,2.8447,0.6881,65.2441,8.7417,4.2728,0.0838,1,0.0346,1.178,-7.1398,AMBER,2024-06-12,0,1.3642
9.5383,5,11.4669,0.7601,68.2688,22.3493,3.8332,0.1403,1,0.0443,1.3316,31.8702,AMBER,2024-09-23,0,16.8279
9.0296,21,2.3452,0.9304,65.8201,8.3053,3.4207,0.1009,1,0.0311,0.8939,21.7575,AMBER,2025-07-01,0,0.8205
6.9651,3,3.4711,0.7383,64.6953,8.0865,3.4871,0.1262,0,-0.0093,1.0832,20.3522,AMBER,2025-07-29,0,-8.6853
11.9308,0,2.9811,0.7762,69.8361,8.2819,2.3611,0.1249,1,0.0627,0.8943,-5.9839,AMBUJACEM,2017-02-06,0,8.0701
8.2932,37,3.5967,0.7098,60.7922,15.2708,3.1591,0.0403,1,0.0339,0.7868,-11.4887,AMBUJACEM,2018-07-24,0,2.2381
11.1048,0,4.4024,0.8085,66.3064,10.3563,3.4548,0.0931,1,0.0353,0.8601,-2.4853,AMBUJACEM,2018-07-26,0,-1.8835
7.2591,39,1.5326,0.8878,62.2912,9.0517,2.9509,0.0316,1,0.0272,0.9626,6.6749,AMBUJACEM,2019-05-24,0,-7.7404
8.4852,6,2.5801,0.9176,61.9644,21.9977,3.1681,0.0481,1,0.0144,0.966,0.2096,AMBUJACEM,2019-09-20,0,-9.0102
4.6681,46,3.4232,0.8859,60.9115,12.2055,2.1183,0.0289,1,0.0241,0.9302,-0.2429,AMBUJACEM,2020-01-02,0,-4.3425
7.2057,27,2.7673,0.6187,63.8522,8.8458,2.9223,0.0814,1,0.1095,1.0911,0.8052,AMBUJACEM,2020-07-21,0,3.0105
9.051,8,1.7058,0.8189,63.0082,8.9324,3.9224,0.0836,1,0.0608,1.0124,41.0908,AMBUJACEM,2021-02-02,0,-4.473
8.9453,16,1.5229,0.8889,63.0574,8.5847,3.2447,0.0852,0,-0.0016,1.1801,18.7097,AMBUJACEM,2021-03-22,0,-2.5538
3.4741,55,4.0937,0.5657,65.6022,11.4576,2.2514,0.0707,1,0.03,1.2475,32.2743,AMBUJACEM,2021-07-06,0,10.7363
8.3746,34,2.6857,0.6585,66.6413,10.6361,2.9395,0.0989,1,0.0359,0.7394,-19.2187,AMBUJACEM,2023-05-22,0,1.2045
4.8901,24,1.773,0.904,61.6591,13.497,2.0031,0.0242,1,0.0401,0.7844,20.2893,AMBUJACEM,2023-07-25,0,-3.1485
3.2847,67,3.9123,0.7665,58.338,17.2456,1.6681,0.0101,1,0.0153,0.9502,3.5046,AMBUJACEM,2023-11-28,1,38.6092
5.7621,18,2.0218,0.8525,66.4152,11.7771,3.1815,0.1313,1,0.0165,1.2207,25.8764,AMBUJACEM,2024-01-25,0,0.035
11.1256,0,3.4869,0.7478,67.8808,11.3445,2.7579,0.0877,1,0.038,1.3777,26.8772,AMBUJACEM,2024-06-03,0,-9.7771
2.7965,74,3.7456,0.6542,56.2851,8.0195,1.7752,0.0121,1,0.0236,1.0244,4.1501,AMBUJACEM,2025-11-03,0,-7.1997
2.209,109,2.1408,0.672,68.8715,15.7797,1.5622,0.0317,0,-0.0275,1.156,2.6826,ANANDRATHI,2022-10-13,0,-3.1348
4.2618,42,2.7793,0.8024,68.3472,10.0456,3.3461,0.0866,0,-0.0026,1.0265,-0.2491,ANANDRATHI,2024-10-09,0,-4.4483
9.7898,81,4.09,0.7485,69.0596,9.2765,3.1949,0.0891,1,0.0055,1.0066,18.8921,ANANDRATHI,2024-12-05,0,-10.2699
6.9284,4,4.6538,0.8421,64.2051,12.6215,3.355,0.1157,1,0.058,0.8141,-16.801,ANANTRAJ,2017-02-01,0,-3.7689
10.9773,0,5.2604,0.6667,64.2226,11.0629,4.0993,0.0497,1,0.0276,1.2744,36.8421,ANANTRAJ,2017-07-12,0,-12.4832
7.6612,3,3.7231,0.7,59.2906,9.2815,3.6693,0.0412,1,0.0241,0.8384,-4.2976,ANANTRAJ,2017-10-24,0,-9.0399
8.5072,7,2.2319,0.8718,55.6099,14.7165,3.9673,-0.0033,1,0.0339,0.5577,-27.1749,ANANTRAJ,2018-07-24,0,6.8165
14.5575,0,3.0819,0.8116,68.2838,8.236,4.0654,0.0792,1,0.0484,0.6477,-8.6956,ANANTRAJ,2018-07-31,0,-0.8906
13.5369,0,4.3205,0.7816,64.7401,10.9411,5.2357,0.0649,0,-0.0358,0.971,-10.2679,ANANTRAJ,2019-08-29,0,1.7581
14.8865,0,2.2499,1.0,68.9158,13.0881,4.0702,0.076,1,0.1158,0.6338,-51.4247,ANANTRAJ,2020-06-05,1,84.5745
9.1823,8,4.0175,0.8125,67.9354,13.7919,4.2857,0.2042,1,0.0991,2.2906,111.7639,ANANTRAJ,2020-11-18,0,14.3216
8.6858,22,13.6662,0.7859,67.1051,19.3797,3.1288,0.0678,1,0.0069,1.0635,34.6628,ANANTRAJ,2025-09-15,0,5.5258
9.8605,1,5.6105,0.5654,58.8472,17.2299,4.2364,0.0052,0,-0.0165,1.0194,-7.409,ANGELONE,2021-04-16,1,241.8545
8.4168,9,3.2885,0.9268,63.711,10.4767,3.461,0.1286,0,-0.0032,1.5286,56.9979,ANGELONE,2023-10-05,1,80.7533
8.6744,11,3.8982,0.8107,59.4143,12.9971,4.2295,0.0022,1,0.0176,0.6428,-22.4743,ANGELONE,2024-08-19,0,-1.2904
12.2957,0,5.1654,0.9223,67.3451,13.0863,3.1357,0.0658,0,-0.0103,0.9856,17.5651,ANGELONE,2026-01-16,0,-15.6108
5.1627,28,3.725,0.7706,68.4244,12.7529,2.9596,0.0694,1,0.0702,1.2348,3.4726,ANURAS,2021-09-27,0,9.9711
15.8689,0,4.5083,0.8403,63.0598,8.987,4.0769,0.0361,0,-0.0051,0.7596,-15.725,ANURAS,2022-07-13,0,2.4451
4.3976,26,10.1416,0.4506,58.094,11.1997,3.171,0.0307,1,0.0182,0.8722,-0.6616,ANURAS,2022-09-22,0,-9.6348
6.4087,8,3.9626,0.7257,56.5743,18.7156,2.0185,-0.0145,1,0.0039,1.4942,4.5299,ANURAS,2023-08-21,0,-3.8949
4.169,170,6.0126,0.7886,68.4476,16.9935,2.0773,0.0539,1,0.005,0.9435,-1.6319,ANURAS,2024-12-10,0,-6.0238
4.4155,73,1.8144,0.7751,59.3004,10.7297,2.934,0.0197,1,0.0174,1.3168,8.6994,ANURAS,2025-10-15,0,16.7168
6.0555,4,5.036,0.5977,68.4755,13.2083,2.6357,0.1097,1,0.0583,1.1044,14.4193,APARINDS,2017-02-02,0,8.5189
2.7419,76,1.9922,0.7573,59.3105,10.1432,1.9983,0.0228,1,0.0409,0.8719,0.532,APARINDS,2017-11-01,0,-1.384
5.2321,111,8.3006,0.777,64.7594,10.8175,2.9601,0.0609,1,0.0165,0.9635,13.5746,APARINDS,2017-12-20,0,-4.1826
7.4167,8,3.1718,0.74,63.5517,16.9404,2.9604,-0.0051,1,0.0245,0.7246,-19.0481,APARINDS,2020-01-14,0,-11.1504
10.9839,0,9.1028,0.6975,60.415,14.7012,5.9296,0.0538,0,-0.0529,0.818,-13.7849,APARINDS,2020-05-05,0,-6.2127
5.8397,9,4.1249,0.4879,63.2194,10.5877,3.9063,0.0252,1,0.0588,0.9008,8.3737,APARINDS,2020-08-19,0,-4.8995
5.0895,16,10.4521,0.5724,59.2958,16.6565,3.6927,0.0013,1,0.0465,0.8026,-8.0567,APARINDS,2020-11-05,0,12.2357
6.8527,21,3.3925,0.5698,65.4732,9.8351,2.8653,0.0624,1,0.0165,1.4275,21.6073,APARINDS,2021-07-12,0,7.2277
7.7991,16,6.8113,0.673,69.2482,10.5456,3.0322,0.1001,1,0.0511,1.2715,34.4347,APARINDS,2021-10-11,0,-9.5354
4.8175,8,3.7992,0.5636,61.6413,8.2484,3.7967,0.103,1,0.0242,1.3007,22.1827,APARINDS,2022-01-19,0,-11.1426
11.1854,0,2.6436,0.8787,66.515,10.0611,5.3052,0.2585,1,0.0339,1.4213,69.9509,APARINDS,2022-07-25,1,36.6486
10.37,0,4.7456,0.7009,65.0275,8.3381,5.2498,0.1681,1,0.0444,2.3198,72.21,APARINDS,2022-11-15,0,1.6391
6.7856,18,4.1744,0.9876,67.2546,14.9032,4.5176,0.1675,0,-0.0113,1.9775,68.5326,APARINDS,2023-03-31,0,6.3686
7.5629,5,3.194,0.7415,67.1897,9.7783,2.9263,0.1103,1,0.0286,1.8536,93.2442,APARINDS,2023-06-09,0,12.5793
9.1447,6,8.9007,0.8719,67.323,17.8985,3.6918,0.1623,0,-0.0093,0.9993,83.0055,APARINDS,2025-07-29,0,-13.4167
3.2081,17,1.9231,0.21,64.6664,10.3327,2.6892,0.0,0,0.0,1.0,0.0,APLAPOLLO,2016-08-16,0,-7.5063
10.7877,0,3.1067,0.8448,63.6537,20.6688,3.8483,0.0904,1,0.0311,1.1307,32.3531,APLAPOLLO,2019-05-20,0,-4.4391
7.4339,18,1.7943,0.3189,66.3043,14.2195,3.7872,0.0393,1,0.0436,1.0233,-3.4558,APLAPOLLO,2019-09-23,0,14.4144
8.2341,5,2.5415,0.6445,62.5293,11.0823,3.7019,0.0985,1,0.0404,0.9771,0.9416,APLAPOLLO,2019-11-13,1,28.0788
5.1742,8,3.1225,0.6424,67.9249,14.5456,2.7308,0.1248,1,0.0826,1.677,82.3377,APLAPOLLO,2020-11-27,0,1.1637
10.4648,0,2.1832,0.9764,64.7587,12.562,2.9667,0.0388,1,0.0111,0.8169,-12.3499,APLAPOLLO,2024-02-29,0,-6.3035
4.211,36,2.6746,0.7682,63.8542,8.3036,2.9011,0.0509,1,0.0045,0.8795,6.6298,APLAPOLLO,2024-05-16,0,-5.8617
2.6427,33,1.9244,0.8121,62.9798,9.2026,1.8919,0.0566,0,-0.0003,1.0596,-5.5028,APLAPOLLO,2025-10-01,0,-2.6017
3.7939,17,2.4224,0.8788,61.0197,15.6574,1.9591,0.0035,1,0.0336,0.8566,-1.664,APOLLOHOSP,2017-04-26,0,-0.9876
8.2512,35,3.4723,0.7029,69.6044,9.8582,2.7116,0.0619,1,0.0176,0.8217,-9.5027,APOLLOHOSP,2017-11-21,0,1.2608
6.8,33,3.4151,0.9066,61.9207,9.8001,2.748,0.0456,1,0.0457,0.8805,17.7684,APOLLOHOSP,2018-02-01,0,-10.1996
9.0769,8,1.7082,0.8955,56.3215,9.2562,3.1519,0.002,1,0.0192,1.0152,-2.8151,APOLLOHOSP,2018-04-19,0,-8.1444
8.4568,4,2.9888,0.8835,56.6371,11.8863,3.92,-0.0009,1,0.0169,0.8264,-10.6919,APOLLOHOSP,2018-06-15,0,-6.1869
9.1594,8,6.8293,0.8686,67.0667,24.8843,3.1216,0.0781,1,0.0351,0.8613,-0.7154,APOLLOHOSP,2018-08-13,0,0.0772
8.9123,16,5.8683,0.7671,69.3567,11.7258,3.8159,0.1294,0,-0.0143,1.2382,19.1783,APOLLOHOSP,2018-11-15,0,-6.1888
7.7502,34,5.1505,0.8686,66.1692,12.8531,3.968,0.0874,0,-0.0404,1.1371,16.7374,APOLLOHOSP,2019-08-16,0,-4.5645
8.4573,12,1.5613,0.9406,60.4427,9.3354,3.5857,0.0637,1,0.0757,1.1922,-16.1888,APOLLOHOSP,2020-06-12,0,18.5833
6.983,19,2.0173,0.9044,67.9848,10.4536,3.411,0.0938,1,0.0237,1.0205,38.5698,APOLLOHOSP,2020-09-17,0,14.7473
8.2233,7,3.0018,0.762,62.1522,10.2467,4.2079,0.1258,1,0.0863,1.2555,61.645,APOLLOHOSP,2020-11-13,0,21.3187
9.2754,2,1.5698,0.8667,66.777,9.3555,3.4122,0.0969,0,-0.0083,1.2555,42.7091,APOLLOHOSP,2021-05-05,0,-5.589
6.7156,16,1.5061,0.9443,67.811,9.7772,2.1151,0.0934,1,0.0582,1.206,29.4897,APOLLOHOSP,2021-06-03,0,-7.4495
6.2653,32,4.8301,0.8929,63.9461,19.6679,2.46,0.061,1,0.0453,1.2124,24.7597,APOLLOHOSP,2021-06-25,1,43.1155
8.182,24,2.0477,0.872,63.3244,13.1484,2.3042,0.0779,1,0.0324,0.9214,27.6743,APOLLOHOSP,2022-09-20,0,-5.865
4.613,50,1.7757,0.8994,64.9668,8.4352,2.1858,0.0514,1,0.0162,0.9784,23.7284,APOLLOHOSP,2022-10-28,0,-1.9667
7.8961,68,2.7837,0.918,69.0372,8.1298,2.8115,0.0916,1,0.0441,1.1878,24.8152,APOLLOHOSP,2022-11-24,0,-6.7085
4.7655,49,5.8975,0.9241,59.1623,17.4311,2.8932,0.0073,0,-0.0023,1.041,2.1346,APOLLOHOSP,2023-02-15,0,-6.221
5.4361,96,1.5442,0.844,67.3244,8.3302,2.1394,0.0326,1,0.0318,1.0031,-2.6514,APOLLOHOSP,2023-04-28,0,14.7083
5.7662,8,2.6082,0.8876,69.1251,10.8165,1.9333,0.1,1,0.0512,1.1085,17.5062,APOLLOHOSP,2023-07-06,0,-6.6704
6.507,90,2.9483,0.9462,62.319,17.1054,1.979,0.0344,0,-0.0169,1.054,2.3238,APOLLOHOSP,2023-11-03,0,2.8725
8.3549,94,2.174,0.9194,67.3052,8.8241,2.0929,0.0589,0,-0.0087,1.0896,4.1027,APOLLOHOSP,2023-11-09,0,-0.2127
6.1005,26,5.3311,0.9302,67.5663,20.0778,2.2887,0.0773,0,-0.0161,1.0984,17.0453,APOLLOHOSP,2025-08-13,0,-3.4526
3.8484,83,1.7778,0.9625,60.5238,15.4293,1.673,0.0037,1,0.0081,0.9396,-5.7163,APOLLOHOSP,2026-01-06,0,-5.4293
8.4986,108,3.1338,0.434,69.8918,11.2007,2.1399,0.0572,1,0.0054,0.972,0.887,APOLLOHOSP,2026-02-11,0,0.0581
4.8951,44,2.4163,0.9405,69.3361,8.9226,1.7304,0.0632,1,0.0076,1.1044,13.0473,APOLLOHOSP,2026-05-08,0,-2.8586
7.1763,57,3.4503,0.7474,65.8949,9.7175,2.6036,0.052,1,0.0486,0.89,-1.7215,APOLLOTYRE,2017-03-15,0,14.885
6.2733,20,2.1601,0.9125,64.9643,10.9492,2.6015,0.0737,1,0.0326,1.2212,37.9712,APOLLOTYRE,2017-07-25,0,-6.1324
10.9914,0,3.9842,0.9102,67.3705,14.1294,3.3663,0.1255,1,0.0309,1.3703,41.7061,APOLLOTYRE,2017-08-07,0,-14.0246
9.6377,2,2.0398,0.7524,63.8592,10.4414,3.2031,0.0954,1,0.0144,0.8514,-1.1759,APOLLOTYRE,2019-09-20,0,-9.632
13.1626,0,1.6284,0.8986,66.0519,9.2436,4.2039,0.1686,1,0.0938,0.7785,-39.1961,APOLLOTYRE,2020-06-01,0,0.2887
8.1681,15,4.2973,0.8607,64.4127,13.3727,2.5202,0.0527,1,0.0595,0.8809,13.4271,APOLLOTYRE,2021-09-22,0,-6.1879
7.763,13,1.916,0.8933,57.452,10.2961,3.3247,0.0535,1,0.0049,0.9724,-5.8796,APOLLOTYRE,2022-04-26,0,0.9879
9.0949,25,2.2784,0.928,67.9533,8.8106,2.5128,0.0884,1,0.0372,1.4193,60.2718,APOLLOTYRE,2022-11-07,0,-8.7326
6.1993,30,5.0158,0.5662,60.3449,9.6338,2.8252,0.0602,1,0.0444,1.24,57.2636,APOLLOTYRE,2022-11-15,0,11.5901
9.2987,39,3.7648,0.9276,66.6599,9.7935,3.616,0.1046,1,0.0473,1.3031,48.0938,APOLLOTYRE,2022-11-28,0,4.6293
5.4113,12,3.7495,0.9298,64.7818,11.6718,3.0029,0.1028,0,-0.0168,1.5592,37.8924,APOLLOTYRE,2023-01-05,0,-8.4483
6.5306,42,6.0433,0.8977,66.5206,14.1518,2.4076,0.0785,0,-0.0062,1.0598,1.2811,APOLLOTYRE,2023-11-08,0,5.7803
9.1889,50,2.611,0.929,68.4807,8.0752,2.4197,0.0744,1,0.0447,1.0349,-3.6284,APOLLOTYRE,2024-06-25,0,-2.7154
6.2983,40,4.5415,0.8861,59.3514,20.9287,2.9151,0.0319,0,-0.0056,1.0534,18.108,APOLLOTYRE,2025-08-18,0,13.6364
9.9216,50,7.0858,0.8,68.8013,9.6154,2.7419,0.0756,0,-0.0162,1.1597,4.7975,APOLLOTYRE,2025-09-02,0,5.3559
5.9531,28,3.1273,0.7668,67.0102,10.3467,2.2048,0.0698,1,0.0356,1.0363,10.8066,APOLLOTYRE,2025-10-20,0,-2.8324
5.8417,4,3.7062,0.9446,63.2337,9.6691,4.1406,0.0626,1,0.0149,1.0,1.0417,APTUS,2022-01-06,0,-9.3253
7.87,10,4.5319,0.6553,64.3979,8.6006,3.7352,0.076,1,0.0427,1.0,-2.2151,APTUS,2022-01-14,0,-11.4002
8.4901,22,4.8056,0.8819,68.8901,10.9688,4.4716,0.141,1,0.0197,1.0,15.2813,APTUS,2022-02-02,0,-16.6239
11.3327,0,5.6923,0.8407,69.0303,9.5374,3.6405,0.1748,1,0.0948,0.8336,-6.2491,APTUS,2022-08-17,0,-4.8499
6.7645,37,3.4766,0.8006,67.2626,10.3384,2.9876,0.0777,1,0.0042,1.035,10.8836,APTUS,2023-09-27,0,10.2791
4.54,8,3.2422,0.7601,67.4094,12.8687,2.9408,0.1123,1,0.0518,1.1929,30.0264,APTUS,2024-01-11,0,-2.9222
9.1464,10,2.4715,0.7703,63.403,8.4071,3.0343,0.0436,1,0.0096,1.0238,9.7272,APTUS,2024-04-24,0,-10.4435
7.373,50,2.6508,0.6557,63.9663,9.0563,3.513,0.0529,1,0.0269,0.8761,4.8298,APTUS,2024-09-13,0,-0.654
5.2059,14,5.3918,0.8991,61.3892,21.5772,2.426,0.008,1,0.021,0.7303,-12.1186,ARE&M,2017-11-09,0,9.6502
5.502,10,3.2201,0.9322,63.7531,19.1585,2.7528,0.0736,1,0.0607,0.9355,13.6379,ARE&M,2018-01-24,0,-12.092
6.5445,41,2.8595,0.87,67.0205,9.7924,2.1045,0.0576,1,0.015,1.2068,9.402,ARE&M,2018-04-18,0,-4.8616
8.1275,20,3.3159,0.8784,66.3741,10.4908,2.9263,0.0295,1,0.0218,0.9209,-0.1824,ARE&M,2018-07-10,0,-6.5395
7.0771,14,1.8229,0.8839,58.9282,12.7551,3.4757,0.0092,0,-0.0355,0.9325,4.5891,ARE&M,2018-11-02,0,-12.2016
6.1337,52,2.2136,0.8571,66.8236,8.688,2.9568,0.0772,0,-0.0494,0.8561,-7.2011,ARE&M,2019-07-31,0,-10.6513
6.9278,11,7.3793,0.793,63.9144,19.9586,3.0188,0.0763,1,0.0482,1.0973,16.5682,ARE&M,2019-11-11,0,-0.2671
4.027,24,3.0418,0.3858,56.1168,8.2034,2.1859,0.0204,1,0.0146,1.1377,19.4438,ARE&M,2020-01-09,0,0.8386
6.9155,14,1.9375,0.9214,69.526,8.9709,3.0112,0.0976,1,0.0629,1.0354,64.6426,ARE&M,2020-08-10,0,-6.1163
6.6313,69,1.7254,0.7525,67.5719,8.0977,2.7922,0.0591,1,0.0312,1.143,18.0243,ARE&M,2020-10-27,0,13.1522
4.4352,11,1.9661,0.8701,63.4772,9.6122,3.0827,0.1055,1,0.0904,1.0567,29.8924,ARE&M,2021-01-04,0,-4.0067
6.3455,27,2.8095,0.7092,62.7469,8.885,1.8567,0.0312,1,0.0452,0.7975,-8.0471,ARE&M,2022-01-17,0,-6.9706
4.8433,8,4.7095,0.9378,68.6345,14.2984,2.4249,0.1019,1,0.0501,0.8986,-4.2267,ARE&M,2022-09-05,0,-6.7055
3.9026,10,2.1718,0.8435,57.7995,9.0976,1.8896,0.001,1,0.0087,0.8799,6.2661,ARE&M,2022-10-25,0,23.3908
5.8796,59,4.2932,0.8493,66.7785,9.3038,2.1925,0.0538,1,0.0063,1.2307,-7.1586,ARE&M,2023-04-19,0,11.7815
3.2711,19,3.2464,0.9327,66.2715,20.1388,1.3281,0.0144,1,0.0057,1.0127,9.7773,ARE&M,2023-09-05,0,-3.2634
8.3971,5,4.1834,0.7719,69.7344,10.9152,4.6485,0.255,1,0.0275,1.6219,46.3567,ARE&M,2024-05-24,0,-11.7543
3.6195,35,3.141,0.623,60.2898,13.7778,1.8598,0.0046,1,0.0021,0.8607,0.4356,ARE&M,2025-07-21,0,-5.8867
6.5737,48,6.2032,0.2706,57.8285,12.0308,3.0771,0.0345,0,-0.0174,1.0,37.892,ASAHIINDIA,2016-11-08,0,0.0
4.1569,41,1.5285,0.6535,65.017,10.822,2.3169,0.0522,1,0.0354,1.0655,24.4635,ASAHIINDIA,2017-03-31,0,11.4048
7.7007,11,2.8189,0.8758,69.2646,10.171,2.7947,0.0771,1,0.0265,1.1648,29.5222,ASAHIINDIA,2017-07-20,1,40.6662
6.5559,47,2.94,0.8957,68.8315,15.4413,2.4286,0.0644,1,0.0195,0.9403,-0.5419,ASAHIINDIA,2018-04-25,0,-4.8577
6.3004,54,3.9871,0.5994,69.4448,8.679,2.42,0.0795,1,0.0304,0.9424,-1.3153,ASAHIINDIA,2018-05-07,0,-7.6015
3.7143,22,1.9248,0.7347,56.5381,17.391,1.8804,-0.0101,1,0.0066,0.9025,0.8541,ASAHIINDIA,2018-07-04,0,-5.9896
7.6244,12,5.4188,0.7484,57.5275,9.2833,4.0087,0.0133,1,0.0424,0.6932,-11.0605,ASAHIINDIA,2019-09-24,0,-0.175
7.9241,32,4.2087,0.8815,64.7114,9.951,3.4079,0.0539,1,0.0252,0.9241,12.6229,ASAHIINDIA,2019-12-30,0,8.4232
9.8315,41,3.0196,0.8133,64.4961,10.2438,3.8333,0.0819,1,0.0173,1.0001,19.3328,ASAHIINDIA,2020-01-10,0,2.6053
9.1318,12,5.3595,0.6804,61.4122,12.1218,4.398,0.0646,1,0.0625,0.7487,37.6806,ASAHIINDIA,2020-08-06,0,20.0695
9.5641,1,6.3221,0.8304,60.9488,10.5927,3.6602,0.0639,1,0.0369,1.0941,33.0552,ASAHIINDIA,2020-10-23,0,2.6202
6.0755,15,4.5576,0.5633,62.5217,9.1756,3.254,0.0569,1,0.086,1.1675,34.6309,ASAHIINDIA,2020-11-12,0,2.1816
8.156,2,10.7347,0.4762,68.7681,14.0725,3.4623,0.1219,1,0.0042,1.2814,24.4921,ASAHIINDIA,2021-07-30,0,-11.2599
9.4254,13,4.0257,0.7693,68.0813,13.6136,4.0457,0.1272,1,0.0192,1.2997,43.7138,ASAHIINDIA,2022-01-07,0,-11.2446
12.0984,0,6.6182,0.9047,65.9658,16.1163,5.1776,0.1559,0,-0.0512,1.1591,-7.9133,ASAHIINDIA,2022-06-21,0,6.5794
18.0191,0,5.7427,0.8392,66.1004,8.3448,5.8021,0.1994,0,-0.0402,1.1987,0.4483,ASAHIINDIA,2022-06-24,0,-2.0312
9.9693,23,5.3056,0.8608,65.0236,8.6748,3.9909,0.1303,1,0.0648,1.2445,32.8501,ASAHIINDIA,2022-08-24,0,-4.3568
5.66,6,2.1711,0.8655,60.3694,9.9871,2.1218,0.029,1,0.0335,0.8283,-4.9705,ASAHIINDIA,2023-06-14,0,6.5258
6.9164,18,4.4331,0.5653,67.4279,10.5668,3.1581,0.0712,1,0.0476,0.9093,-0.7212,ASAHIINDIA,2023-07-03,0,1.4332
9.4432,10,3.8217,0.906,63.5194,14.0152,3.3367,0.0438,0,-0.0056,0.975,-3.0288,ASAHIINDIA,2025-04-11,0,22.042
10.5484,0,8.5646,0.6323,66.1283,8.4674,4.2651,0.0966,1,0.0311,0.9843,27.2068,ASAHIINDIA,2025-07-01,0,0.5778
7.5935,35,2.2303,0.8917,60.3709,9.6745,3.4831,0.0613,1,0.0069,1.3497,23.8576,ASAHIINDIA,2025-09-15,0,10.6089
12.4332,0,2.14,0.9153,63.5357,11.4404,2.3941,0.0681,0,-0.0083,1.0,0.0,ASHOKLEY,2016-10-28,0,-8.6885
7.4569,30,3.7601,0.7037,64.1486,11.461,2.996,0.0714,1,0.0359,1.0046,8.6002,ASHOKLEY,2017-05-26,0,13.1223
7.4509,4,2.3279,0.8644,68.2706,9.562,2.7127,0.1174,0,-0.0159,1.4109,48.0496,ASHOKLEY,2017-09-29,0,-3.4632
6.899,22,2.5497,0.927,62.5865,9.5117,2.9504,0.0368,1,0.0117,1.1604,20.1071,ASHOKLEY,2018-01-02,0,-2.8497
7.4142,13,1.7838,0.7944,64.0038,8.1683,4.1438,0.0944,0,-0.0074,1.1381,13.833,ASHOKLEY,2018-02-07,0,4.4224
9.6153,3,2.3239,0.8049,63.5949,9.9807,3.461,0.0482,1,0.0272,0.7966,0.806,ASHOKLEY,2019-05-24,0,-9.8146
13.3766,0,2.7965,0.9237,59.1053,24.5804,5.0062,0.0185,1,0.0144,0.7712,-16.1661,ASHOKLEY,2019-09-20,0,12.0523
7.4862,24,1.6733,0.8649,64.8722,8.6529,2.432,0.062,1,0.0241,0.9659,31.5583,ASHOKLEY,2020-01-02,0,-8.6053
7.2485,23,2.3639,0.9281,62.2437,10.7836,3.0907,0.0531,1,0.0251,1.1517,24.0666,ASHOKLEY,2021-05-18,0,-3.4185
6.5126,17,5.5018,0.5727,66.0313,12.9186,2.3774,0.0657,1,0.0042,1.0219,17.3145,ASHOKLEY,2021-07-30,0,-6.7432
7.1723,20,2.3283,0.637,63.5036,9.0127,3.4466,0.0706,1,0.0474,0.9741,10.5898,ASHOKLEY,2021-10-07,0,-0.3708
8.0652,9,1.5745,0.9263,66.5033,8.1553,3.2803,0.126,1,0.0165,1.0915,22.3808,ASHOKLEY,2021-11-15,0,-12.402
8.1285,32,3.1577,0.9118,69.5977,8.5812,2.8681,0.1152,1,0.048,1.3224,26.9522,ASHOKLEY,2022-09-01,0,-5.7816
4.6275,51,1.8762,0.9079,57.8202,10.0321,2.6693,0.0177,0,-0.0042,0.8857,1.3638,ASHOKLEY,2023-01-02,0,-4.9563
5.7846,72,2.0781,0.8984,60.1449,11.4489,2.0339,0.0175,1,0.0096,1.0942,7.0012,ASHOKLEY,2023-11-21,0,-4.7075
7.9835,4,2.8618,0.7755,69.7452,8.3437,2.4208,0.0978,1,0.009,0.9423,10.5331,ASHOKLEY,2024-04-26,0,11.3194
7.3695,17,3.4141,0.818,67.1074,12.5138,2.9316,0.0796,1,0.0525,1.2623,51.5177,ASHOKLEY,2024-07-26,0,-0.7349
10.0231,0,1.9969,0.9073,67.436,9.8093,3.0909,0.0529,0,-0.022,1.0664,3.8837,ASHOKLEY,2024-11-25,0,-8.0851
7.9011,19,3.4264,0.8478,63.1026,15.2845,2.6737,0.0641,1,0.002,1.0424,-8.5087,ASHOKLEY,2025-01-02,0,-7.7631
7.6356,54,6.4603,0.8649,67.7903,16.4072,2.6932,0.0783,0,-0.0056,1.1326,35.7252,ASHOKLEY,2025-08-18,0,13.4639
7.8634,30,3.7641,0.8659,69.0753,11.9915,2.5283,0.0869,1,0.023,1.2386,20.0878,ASHOKLEY,2025-11-13,1,38.7346
4.1439,40,3.0177,0.8289,68.0078,8.6169,1.9119,0.0835,1,0.0582,0.8876,-15.1704,ASIANPAINT,2017-02-22,0,6.4859
5.4619,6,3.0469,0.8119,63.3598,14.4562,1.877,0.0357,1,0.0241,1.039,7.0795,ASIANPAINT,2017-10-24,0,-7.5938
2.5119,23,1.9143,0.8674,58.0855,9.1983,1.787,0.0278,0,-0.0034,1.1025,15.3374,ASIANPAINT,2018-07-02,0,4.0498
3.4994,26,2.123,0.8337,65.2175,8.443,1.9673,0.0436,1,0.0044,1.1295,20.4977,ASIANPAINT,2018-07-05,0,1.9766
7.7914,5,1.8576,0.8369,64.9832,8.9103,2.3517,0.0267,1,0.041,0.9578,5.0009,ASIANPAINT,2019-06-03,0,-7.6687
7.3216,22,3.0466,0.7038,69.9719,17.7398,2.4831,0.1021,1,0.0144,1.1781,25.2762,ASIANPAINT,2019-09-20,0,1.2633
5.8675,74,2.0943,0.9513,65.009,13.3416,1.9517,0.0544,0,-0.0346,1.1852,3.7917,ASIANPAINT,2020-02-03,0,-4.4211
4.5376,30,2.9606,0.8609,61.5214,8.4537,2.7127,0.0693,1,0.0895,1.0923,-0.9999,ASIANPAINT,2020-07-27,0,19.7302
5.4585,39,2.2627,0.8832,64.0865,10.9493,2.7609,0.0686,1,0.0605,1.0252,11.8061,ASIANPAINT,2020-08-07,0,21.395
7.0933,34,2.0803,0.9219,67.4762,12.1843,2.3699,0.0935,1,0.0312,1.0373,33.1444,ASIANPAINT,2020-10-27,0,22.5304
4.5226,28,1.8609,0.8593,62.2138,8.5483,1.4902,0.0143,1,0.0387,1.0472,3.9458,ASIANPAINT,2022-12-07,0,-4.8215
2.9434,33,1.5796,0.7288,56.994,8.6858,1.5783,0.0018,1,0.0228,0.7996,-6.8603,ASIANPAINT,2024-04-04,0,-5.3391
3.8167,50,2.2442,0.8884,65.6921,13.3062,1.583,0.0346,1,0.0168,0.8222,-10.2146,ASIANPAINT,2024-05-02,0,-6.3112
2.9689,97,2.0335,0.8498,65.5407,13.7494,1.5491,0.0423,1,0.0525,0.7933,1.3226,ASIANPAINT,2024-07-10,0,-4.7251
7.3283,66,3.429,0.7057,64.6196,13.0172,1.7522,0.0161,1,0.0313,0.9714,13.02,ASIANPAINT,2025-10-17,0,12.7337
10.3538,0,4.5405,0.6037,69.0651,14.7624,1.9042,0.055,1,0.0126,1.0856,13.6737,ASIANPAINT,2025-11-06,0,8.6148
4.6912,23,1.8219,0.6435,56.7055,13.8065,3.2809,0.0092,1,0.0408,1.0,-0.4051,ASTERDM,2018-08-14,0,-7.7731
7.6691,24,6.2149,0.9298,69.757,13.0516,3.5646,0.0778,1,0.0349,1.0,7.1034,ASTERDM,2018-08-16,0,-10.4945
10.8263,0,2.0253,0.7526,66.9658,8.1193,4.0326,0.2031,1,0.1007,0.8931,17.8047,ASTERDM,2020-07-28,0,-8.6393
6.301,24,4.4667,0.3154,58.1211,9.1653,3.6184,0.0489,1,0.0932,1.0797,17.2083,ASTERDM,2020-11-11,0,8.4309
7.2467,82,8.6368,0.88,61.0955,19.859,3.6244,0.0218,1,0.0013,0.8584,-9.1521,ASTERDM,2021-04-09,0,3.0868
7.7453,7,1.9517,0.7594,61.4642,8.2038,4.4966,0.0901,1,0.0141,0.9289,-5.6495,ASTERDM,2021-05-10,0,6.4286
6.0996,10,7.0885,0.8828,66.2536,16.5253,2.9144,0.0839,1,0.0165,0.8974,15.7417,ASTERDM,2021-07-12,0,-9.8735
7.9637,35,11.5591,0.6502,67.967,12.8035,4.884,0.111,1,0.0449,1.0808,30.6553,ASTERDM,2021-08-17,0,12.2781
7.1607,23,2.7688,0.8858,65.3805,10.8595,3.1323,0.0964,1,0.0324,1.3256,53.4527,ASTERDM,2022-11-02,0,-8.9513
6.6885,50,3.6466,0.6475,59.5226,11.7431,3.4708,0.0059,0,-0.0006,1.0692,-12.3309,ASTERDM,2023-02-16,0,14.3433
9.9963,2,5.572,0.6062,67.6718,8.7125,4.3339,0.126,1,0.0413,1.2296,29.7199,ASTERDM,2023-06-07,0,15.2261
5.406,14,1.8917,0.3917,59.4543,9.3758,3.0475,0.0508,0,-0.0045,1.2283,28.5768,ASTERDM,2023-10-03,0,19.1849
6.9716,29,1.8099,0.6555,67.826,17.0614,3.3923,0.0866,0,-0.0247,1.3003,19.2051,ASTERDM,2023-10-25,0,23.2092
5.026,8,2.8181,0.498,68.162,8.6243,2.7078,0.1259,1,0.0654,1.1869,30.3716,ASTERDM,2024-01-05,0,2.2808
6.5131,15,8.2347,0.1137,65.7536,13.5934,3.4433,0.1152,1,0.0614,1.193,28.2697,ASTERDM,2024-01-16,0,-0.8007
9.2987,38,5.7051,0.7112,68.0384,11.9859,2.9565,0.0546,1,0.051,0.9479,10.8501,ASTERDM,2024-08-01,0,19.9322
6.5234,39,13.2529,0.5935,62.1699,20.705,3.9431,0.0759,0,-0.029,1.0673,24.4546,ASTERDM,2024-10-24,0,11.8679
6.1613,31,1.6577,0.7073,63.6752,10.7108,2.9084,0.0541,0,-0.0162,1.4392,24.4063,ASTERDM,2025-09-02,0,6.0727
8.2718,44,3.0955,0.8178,63.6132,15.5121,2.8641,0.0714,1,0.0178,1.3686,13.5845,ASTERDM,2025-09-19,0,3.6944
6.5554,54,2.617,0.8788,66.9686,8.2193,2.7996,0.0927,1,0.0097,1.2828,24.1332,ASTERDM,2025-10-06,0,-0.3074
5.5212,45,4.1378,0.6947,66.9154,20.7359,3.3474,0.0553,1,0.058,0.8039,-2.0921,ASTRAL,2017-02-01,1,32.1554
4.1991,6,5.0124,0.7045,69.6042,12.8263,2.396,0.1272,1,0.0389,0.9643,7.7953,ASTRAL,2017-03-08,0,15.2855
6.3164,18,1.8751,0.7378,64.2511,14.1463,3.6144,0.1084,1,0.0212,1.2303,52.227,ASTRAL,2017-05-08,0,-9.3687
3.7819,74,3.8779,0.651,61.2413,11.9965,2.581,0.0486,1,0.0277,1.1623,23.7265,ASTRAL,2018-01-09,0,-9.6371
5.7246,106,2.2414,0.4818,58.07,11.2964,4.4286,0.0039,0,-0.0029,1.1375,9.0844,ASTRAL,2018-02-26,0,8.2325
9.4122,107,6.8762,0.7408,69.668,11.5981,4.1809,0.0734,0,-0.0062,1.2211,18.1857,ASTRAL,2018-02-27,0,3.8352
6.8476,28,2.8803,0.8986,67.0792,10.9034,3.3883,0.0933,1,0.0114,1.2425,22.0421,ASTRAL,2018-05-30,0,10.1823
5.566,13,3.011,0.8875,67.1517,8.0098,2.7689,0.1075,1,0.0175,1.1058,1.4256,ASTRAL,2018-12-27,0,-4.7347
8.2051,18,5.7936,0.9196,67.188,19.866,3.2184,0.073,1,0.0311,1.1883,10.9636,ASTRAL,2019-05-20,0,-2.8949
7.4875,126,2.1054,0.8633,59.3542,10.4911,3.0828,0.0294,1,0.0081,0.8937,2.1877,ASTRAL,2024-02-12,0,-0.3884
8.5013,135,3.7051,0.8496,69.0079,10.0037,2.607,0.102,1,0.0248,0.903,7.7898,ASTRAL,2024-02-23,0,-7.5263
8.9189,38,2.1255,0.9404,64.8691,9.1249,2.9521,0.0622,0,-0.0107,1.0165,12.3127,ASTRAL,2024-05-10,0,-4.1572
6.7312,3,3.429,0.7547,67.3079,8.5589,2.927,0.141,0,-0.0635,1.241,19.3236,ASTRAL,2026-03-11,0,-9.8255
12.1644,0,6.4099,0.1373,67.0075,15.6241,4.679,0.0525,1,0.0227,1.1938,-11.7818,ATGL,2019-10-14,0,-3.6273
1.6695,16,4.1103,0.5238,61.3434,8.6884,1.3597,0.0473,1,0.047,1.0559,-8.2541,ATGL,2019-11-28,0,-0.8737
8.2991,20,3.3238,0.6937,68.522,24.3261,3.5415,0.1141,0,-0.0055,1.0901,22.6202,ATGL,2020-02-20,0,-16.6833
9.0903,7,1.8726,0.8619,60.8099,8.2252,4.4387,0.0927,1,0.0605,1.0388,78.7645,ATGL,2020-08-07,0,7.2117
5.344,16,3.1236,0.6681,67.5272,10.9716,3.5547,0.0518,1,0.0195,1.445,78.7667,ATGL,2024-02-26,0,-10.5891
2.6313,22,2.7883,0.5526,56.5293,8.4463,2.8024,-0.0086,1,0.051,0.7795,-3.321,ATGL,2024-08-01,0,-8.7055
9.931,20,10.8872,0.7671,65.7577,18.2791,3.407,0.112,1,0.0568,0.9364,-4.5464,ATGL,2025-05-05,0,-2.2485
6.023,49,11.8318,0.4986,56.0445,22.023,2.2549,-0.012,1,0.0078,0.8721,-3.8595,ATGL,2026-01-01,0,-6.8173
6.6842,18,4.664,0.8521,69.9977,13.5734,2.7826,0.0,1,0.0253,1.0,0.0,ATHERENERG,2025-06-25,1,72.6883
6.4475,31,2.3653,0.5605,67.2355,8.6926,3.5901,0.0784,1,0.0046,1.0,0.0,ATHERENERG,2025-07-14,1,80.4094
9.7368,29,1.6114,0.889,69.521,9.8612,2.4825,0.0754,1,0.0297,1.0734,4.4976,ATUL,2017-01-18,0,-2.9112
6.979,14,3.8729,0.5817,67.2787,8.5177,3.1921,0.1178,1,0.0284,0.9094,1.5491,ATUL,2017-10-17,0,19.9212
8.0951,26,2.1203,0.7707,69.5,11.9286,3.5683,0.1271,1,0.0393,0.9461,6.1572,ATUL,2017-11-03,0,4.4296
5.8884,49,7.9313,0.4993,67.0528,11.4666,2.7149,0.0868,1,0.0306,1.1748,14.366,ATUL,2018-04-27,0,-9.7458
4.1769,101,13.1384,0.6818,66.6863,12.1168,2.2127,0.0218,1,0.0215,0.9416,5.1434,ATUL,2018-07-11,0,6.4508
5.1366,85,2.0411,0.6791,68.3189,12.979,2.4111,0.034,1,0.042,1.0983,2.0158,ATUL,2019-03-27,0,13.201
8.5504,6,2.3756,0.9545,69.624,11.8823,2.7634,0.128,1,0.0428,1.1953,6.5999,ATUL,2019-10-17,0,-4.7295
5.7055,83,3.5788,0.9144,66.8418,12.3221,2.6603,0.0707,1,0.0727,0.9587,12.3278,ATUL,2021-02-12,0,20.8576
4.876,108,3.3718,0.6798,64.3838,9.1083,2.3083,0.0498,0,-0.0016,0.8646,10.7307,ATUL,2021-03-22,1,27.4172
5.0051,32,1.8269,0.9215,66.3209,11.7419,2.2256,0.0435,1,0.0082,1.0048,-8.0451,ATUL,2022-07-11,0,6.1478
6.7595,41,8.4996,0.7584,64.5343,14.4975,2.5125,0.0662,1,0.0404,0.9297,-8.5661,ATUL,2022-07-22,0,4.7238
4.4103,15,2.7635,0.8621,69.7571,11.9933,2.5682,0.0864,1,0.0535,0.9969,11.614,ATUL,2022-09-12,0,-6.499
6.3073,70,1.6043,0.9253,62.7116,11.1452,2.0253,0.012,1,0.0576,0.9441,5.0478,ATUL,2022-12-01,0,-4.3726
7.9853,114,3.2045,0.9481,65.0175,11.5194,2.7311,0.063,1,0.0348,0.9227,3.4249,ATUL,2023-08-01,0,-1.0401
5.2304,40,3.1966,0.8923,60.3327,18.8528,2.3124,0.011,1,0.0291,0.7565,-5.0456,ATUL,2024-04-10,0,-7.2715
4.6239,54,2.6353,0.4448,60.4168,8.1645,2.5018,0.0197,1,0.0085,0.8258,-12.6308,ATUL,2024-05-03,0,-6.7005
9.3351,14,2.4511,0.7478,62.6744,10.9665,3.2919,0.041,1,0.0225,0.8911,-15.7506,ATUL,2025-03-28,0,-22.4878
3.8457,88,4.9832,0.5835,56.1893,10.0826,2.7194,0.0208,1,0.005,0.848,-9.3762,ATUL,2025-12-19,0,-3.5523
8.357,118,4.3081,0.2134,58.7691,10.3035,4.1036,0.05,0,-0.0046,0.9301,0.1997,ATUL,2026-02-03,0,-1.1027
4.3784,27,2.0737,0.8482,64.1031,10.1754,2.9663,0.0497,0,-0.0056,1.0,0.0,AUBANK,2017-10-05,0,10.2642
5.2796,17,3.0813,0.8385,62.149,13.197,2.7828,0.0047,0,-0.0328,1.1007,-0.5192,AUBANK,2018-03-27,0,9.373
6.6645,19,4.6788,0.5386,67.1812,22.4153,2.6397,0.0389,1,0.0432,1.07,6.3407,AUBANK,2018-08-10,0,-3.1734
4.8582,19,1.5208,0.9252,61.7,9.0966,2.7784,0.0142,1,0.0439,0.9026,9.1793,AUBANK,2019-03-13,0,-10.2636
5.9983,91,2.188,0.7542,62.6454,12.5333,2.8271,0.0379,1,0.0406,1.1711,-2.2422,AUBANK,2019-10-22,1,26.1429
8.7584,105,3.0827,0.933,66.9923,9.3298,3.0474,0.0775,1,0.0482,1.0824,4.0819,AUBANK,2019-11-11,1,53.4722
3.9966,22,5.609,0.8188,65.5349,12.2655,2.555,0.0679,0,-0.0005,1.194,23.3619,AUBANK,2020-01-08,0,23.1502
6.5656,16,2.3654,0.8568,61.4597,15.1844,3.4282,0.0609,1,0.0371,1.0306,40.9928,AUBANK,2021-02-01,0,13.0449
6.8801,11,3.0191,0.7393,58.0523,10.42,2.7628,0.0035,1,0.056,0.9768,20.2633,AUBANK,2021-06-11,0,15.9648
7.9223,28,5.3704,0.672,63.3217,12.8685,3.8102,0.1057,1,0.03,1.1281,3.6703,AUBANK,2021-07-06,0,9.7953
7.1536,3,1.7308,0.8762,61.8514,8.7733,3.3849,0.0495,1,0.0448,0.9315,21.1869,AUBANK,2021-10-26,0,-9.9385
10.6433,0,2.1081,0.7569,67.2942,8.5164,3.0316,0.0592,1,0.0705,0.9323,4.9018,AUBANK,2022-08-04,0,0.5773
9.983,12,1.7304,0.8402,62.4471,8.2216,2.793,0.0333,1,0.0339,0.9111,3.2848,AUBANK,2022-11-09,0,-0.3331
4.0488,73,2.6545,0.8895,61.7662,11.1829,2.2484,0.0306,1,0.0146,1.1012,6.1007,AUBANK,2023-09-20,0,-7.8412
7.8232,109,1.7196,0.9054,65.5104,12.0843,2.8038,0.0265,0,-0.0064,0.9644,-5.9816,AUBANK,2023-11-13,0,-0.1829
5.1951,11,2.8532,0.6752,59.2982,10.8075,2.4214,0.0599,1,0.06,0.8741,5.4453,AUBANK,2023-12-20,0,-2.1527
9.1556,1,2.1859,0.726,61.101,14.9632,2.9615,0.0753,1,0.0181,0.7868,-13.2631,AUBANK,2024-04-29,0,-2.0967
6.8063,26,1.9042,0.7053,62.8221,12.8353,3.2581,0.0815,1,0.0087,0.795,-8.7931,AUBANK,2024-06-05,0,-5.8814
4.1296,11,2.8264,0.9192,68.4079,8.649,1.8974,0.1389,1,0.0297,1.187,20.256,AUBANK,2025-06-02,0,6.3379
4.4227,45,3.1194,0.9259,64.3372,15.8636,2.1406,0.0659,0,-0.0103,1.2625,46.5381,AUBANK,2026-01-16,0,-7.4678
5.5452,7,2.6389,0.7107,65.5186,8.4261,2.4933,0.067,1,0.0379,1.2001,18.5149,AUROPHARMA,2017-11-02,0,-8.1824
5.1856,23,2.1143,0.9413,63.4914,10.4016,2.2746,0.0682,1,0.0245,0.754,-19.818,AUROPHARMA,2020-01-14,0,5.4505
8.8049,28,2.1816,0.8951,66.9632,10.4246,3.3383,0.1148,1,0.0654,1.8953,152.7745,AUROPHARMA,2020-07-31,0,-4.046
8.2794,5,4.0407,0.7263,64.6578,13.9209,3.771,0.1071,1,0.0408,0.979,20.1899,AUROPHARMA,2021-01-25,0,-12.874
7.1795,78,1.7696,0.9036,60.9166,9.9525,2.2844,0.0664,1,0.03,0.6802,1.5968,AUROPHARMA,2022-01-10,0,-8.2672
7.543,27,1.8678,0.9358,60.5595,10.2965,2.5848,0.0385,0,-0.0051,0.8886,-8.763,AUROPHARMA,2022-07-13,0,-4.8369
6.6285,13,5.0012,0.8994,68.534,11.7055,3.6463,0.1435,1,0.0468,1.402,50.4869,AUROPHARMA,2023-05-30,1,28.7144
7.7737,2,1.9791,0.9475,68.3907,8.8354,2.1909,0.1107,1,0.0192,1.5123,59.5528,AUROPHARMA,2023-06-23,1,27.0205
8.0236,28,3.7292,0.4603,65.4849,11.0111,2.7857,0.0754,1,0.0006,1.5432,51.5079,AUROPHARMA,2023-09-29,0,-7.3271
9.0062,5,1.6143,0.7894,68.8386,11.1284,2.7092,0.1156,1,0.0675,1.3985,39.6746,AUROPHARMA,2024-01-15,0,-10.2192
7.9495,15,2.2092,0.8847,62.692,9.2184,2.9546,0.0849,0,-0.0084,1.2046,10.2561,AUROPHARMA,2024-05-13,0,-5.0078
8.877,20,1.6106,0.7907,67.8419,8.7589,3.0984,0.1081,1,0.0095,1.0769,11.794,AUROPHARMA,2024-05-21,0,-7.5186
6.422,52,1.7064,0.8548,67.3669,8.1478,2.4935,0.0857,1,0.0576,1.0759,23.8645,AUROPHARMA,2024-07-05,0,13.2542
7.4778,38,1.615,0.8516,63.6784,8.5391,2.3468,0.02,1,0.0249,0.8391,4.9419,AUROPHARMA,2025-07-04,0,-6.7845
6.9442,85,3.7533,0.8463,63.3897,16.8686,2.2236,0.0152,1,0.0038,0.9148,-7.9941,AUROPHARMA,2025-09-11,0,5.2488
4.5889,24,2.7376,0.6971,62.5994,11.1141,2.0565,0.0503,1,0.0226,0.8753,3.9534,AUROPHARMA,2025-10-31,0,2.505
10.4489,0,4.1507,1.0,67.3673,14.1858,3.516,0.0869,1,0.0359,0.6872,-22.5891,AWL,2023-05-22,0,-10.8716
3.6358,25,3.7255,0.8661,58.1204,18.4654,2.0147,-0.0023,1,0.0401,0.6867,-4.3054,AWL,2023-07-25,0,-7.0577
7.0177,31,4.2573,0.6915,60.2837,13.0291,3.3468,0.0185,1,0.0253,0.8712,4.985,AWL,2024-02-19,0,-6.3422
11.1205,0,6.9548,0.8815,68.2551,13.1858,3.7954,0.0863,1,0.0248,0.8987,11.8296,AWL,2024-02-23,0,-11.5281
5.2311,35,3.8807,0.6695,62.0098,8.7993,2.7798,0.043,1,0.0064,0.9913,-3.2236,AWL,2024-05-31,0,-12.1246
5.8693,74,6.7462,0.7743,61.7791,20.4634,2.706,0.0212,1,0.0502,0.8458,3.6235,AWL,2024-07-29,0,-2.6869
6.7267,43,10.1058,0.7266,65.6328,16.4276,2.1303,0.055,1,0.0038,0.9401,7.6929,AWL,2025-07-17,0,-10.4787
5.4198,10,2.5894,0.9173,59.965,9.8392,2.2518,0.0238,0,-0.0106,0.9719,-2.4457,AWL,2025-09-03,0,-3.9507
6.2425,23,9.8156,0.6954,62.7532,15.5408,2.8429,0.0374,1,0.0129,0.9787,1.5356,AWL,2025-09-22,0,-4.8328
8.8591,17,2.2953,0.8971,65.7399,9.6331,3.3009,0.0629,1,0.0012,0.779,-20.3512,AWL,2026-04-22,0,-3.6926
7.7492,10,1.9609,0.8312,62.8696,11.5965,2.3156,0.078,1,0.0577,0.8338,-2.7853,AXISBANK,2017-02-21,0,-4.3254
4.0665,18,2.7635,0.8959,62.2378,13.925,1.7529,0.0236,1,0.018,0.9238,2.6715,AXISBANK,2017-09-14,0,-4.7176
5.0346,26,1.6329,0.813,62.9833,10.4631,2.0354,0.0581,1,0.0208,0.9952,13.9753,AXISBANK,2017-12-29,0,1.285
8.0418,26,2.5023,0.8746,60.6109,9.9902,2.84,0.0153,0,-0.0035,1.0315,-2.3686,AXISBANK,2018-04-10,0,-10.0418
5.6915,17,1.7275,0.6923,62.2333,8.7015,2.4496,0.0685,1,0.0392,1.197,11.6398,AXISBANK,2018-12-19,0,18.5336
8.1713,6,4.2828,0.3673,66.7627,10.7748,2.1978,0.0878,0,-0.0115,1.3331,13.531,AXISBANK,2019-01-30,0,7.8308
6.0852,56,2.0352,0.7291,64.3622,11.9277,2.1792,0.0439,1,0.0311,1.1544,26.1834,AXISBANK,2019-05-20,0,-2.1882
8.8101,19,2.5656,0.8202,62.9809,10.0062,3.278,0.0537,1,0.0436,0.9734,-0.7784,AXISBANK,2019-09-23,0,1.1878
11.1664,0,2.3747,0.7694,66.2627,8.7372,3.8373,0.1654,1,0.1023,0.7182,-23.1898,AXISBANK,2020-07-22,0,-3.3365
8.1343,5,1.5199,0.8779,63.5314,9.6234,4.0449,0.1206,1,0.0371,1.2606,72.1723,AXISBANK,2021-02-01,0,-2.9406
5.1235,75,1.9414,0.8465,64.3677,11.9605,2.0293,0.0457,1,0.0555,0.9258,20.2992,AXISBANK,2021-08-30,0,-2.7392
6.1041,82,3.5065,0.8548,66.3977,15.2237,2.2161,0.0531,1,0.0163,0.9893,0.9404,AXISBANK,2024-04-25,0,-0.2385
6.3057,68,1.7177,0.8312,61.4862,11.756,1.6323,0.0315,0,-0.0113,1.0936,23.6481,AXISBANK,2026-01-14,0,1.804
4.0453,76,3.5991,0.6825,59.4704,14.723,2.1861,0.0361,0,-0.0284,1.206,17.3564,AXISBANK,2026-01-27,0,-1.9117
6.8554,5,1.9606,0.7247,69.9006,9.7403,1.979,0.0,0,0.0,1.0,0.0,BAJAJ-AUTO,2016-08-30,0,-5.1283
4.6582,108,1.9549,0.9354,66.8465,10.3104,1.8233,0.0501,1,0.03,0.949,13.8731,BAJAJ-AUTO,2017-05-11,0,-4.8705
9.958,196,2.3589,0.9223,68.8072,9.1908,2.1409,0.0678,1,0.0169,0.9541,7.4383,BAJAJ-AUTO,2017-09-15,0,3.7002
5.7895,86,1.838,0.9253,63.7911,10.226,2.1474,0.0462,1,0.0066,0.8767,0.1597,BAJAJ-AUTO,2018-07-04,0,-2.5974
5.0638,50,4.4512,0.4884,56.8099,11.6469,2.375,0.0228,0,-0.0038,1.0488,11.494,BAJAJ-AUTO,2019-05-17,0,-8.3816
5.0205,6,1.9389,0.7867,64.2178,8.3486,2.1715,0.0533,0,-0.0287,0.9867,-5.9954,BAJAJ-AUTO,2019-09-06,0,14.7704
6.3668,15,2.6601,0.6921,62.3134,15.5988,2.8375,0.0839,1,0.0144,0.9988,0.9649,BAJAJ-AUTO,2019-09-20,0,9.3332
2.6179,58,5.8243,0.7255,55.6154,10.2408,1.6903,-0.005,0,-0.0079,1.123,14.8475,BAJAJ-AUTO,2020-01-30,0,-4.4822
9.3978,4,1.907,0.9487,68.6547,12.0386,2.7501,0.0876,1,0.0251,1.1248,16.8316,BAJAJ-AUTO,2021-05-18,0,-0.7739
3.9195,76,1.7231,0.8882,63.8878,9.3062,1.6235,0.0326,1,0.0702,0.9155,-1.1527,BAJAJ-AUTO,2021-09-27,0,-4.8114
4.591,87,2.7541,0.8846,63.5495,9.5238,2.1177,0.0499,1,0.0511,0.9246,-3.674,BAJAJ-AUTO,2021-10-12,0,-6.3828
5.2109,12,3.1092,0.9355,65.6181,14.0644,2.4339,0.0823,1,0.0049,1.0601,18.2416,BAJAJ-AUTO,2022-04-26,0,-8.2049
4.4015,40,1.7036,0.5655,67.4951,8.1986,1.6146,0.0564,1,0.0422,1.2723,23.8049,BAJAJ-AUTO,2023-06-30,0,0.2226
5.0705,51,2.9917,0.8214,64.9712,15.7378,1.9349,0.0357,0,-0.0056,0.9364,20.5202,BAJAJ-AUTO,2025-08-18,0,0.593
5.5965,21,2.9398,0.9326,64.8615,8.8462,2.3605,0.0348,1,0.0343,1.2155,12.6665,BAJAJFINSV,2017-07-13,0,13.4724
4.05,146,3.59,0.8786,60.7655,12.2881,2.3431,0.056,1,0.0227,1.0631,9.2127,BAJAJFINSV,2018-05-17,0,5.8203
8.3085,24,2.3935,0.8476,61.9386,13.2089,2.6397,0.058,1,0.0144,1.117,4.2318,BAJAJFINSV,2019-09-20,0,13.0111
6.4185,44,2.554,0.8759,68.6019,8.444,1.4548,0.0635,0,-0.0001,1.3556,36.3774,BAJAJFINSV,2020-01-29,0,-9.7642
8.8179,30,1.9983,0.9025,65.7717,19.7944,3.9376,0.0889,1,0.0371,1.2032,71.0892,BAJAJFINSV,2021-02-01,0,-2.4272
8.4115,13,1.7802,0.6963,62.5348,8.0365,2.8433,0.1153,1,0.0537,1.1244,31.4154,BAJAJFINSV,2021-06-10,1,39.6088
6.8629,34,2.5891,0.899,68.7382,8.6942,2.3129,0.0958,1,0.0178,1.3194,25.266,BAJAJFINSV,2021-07-09,1,38.1028
5.9975,30,3.5873,0.9488,64.6016,9.1053,2.4342,0.0559,1,0.0331,1.1962,55.5172,BAJAJFINSV,2022-11-04,0,-8.3543
5.1946,21,1.7631,0.8742,66.8058,8.838,2.117,0.0614,1,0.0418,0.8132,-9.0332,BAJAJFINSV,2023-05-08,0,10.8341
4.5366,30,4.1624,0.9325,67.2258,16.3542,2.2379,0.0694,1,0.0024,1.1421,12.8289,BAJAJFINSV,2023-10-06,0,-3.5328
7.3516,76,1.5765,0.9178,69.9833,9.2777,1.6413,0.0663,1,0.0695,1.0296,13.3563,BAJAJFINSV,2023-12-14,0,-5.5045
4.0126,146,3.5527,0.6895,61.3495,13.4166,2.2139,0.0303,1,0.0168,0.9384,3.579,BAJAJFINSV,2024-03-28,0,-3.3236
3.1813,219,1.6897,0.9549,69.1141,10.1744,1.4554,0.0447,1,0.0639,0.8615,2.4105,BAJAJFINSV,2024-07-18,0,-4.4964
8.8807,19,5.2041,0.8781,63.8808,25.2509,2.2304,0.029,1,0.002,1.0711,3.7045,BAJAJFINSV,2025-01-02,0,-2.205
11.5052,0,4.4357,0.8873,66.3538,10.3181,2.9055,0.0551,1,0.0055,1.0,0.0,BAJAJHFL,2024-12-05,0,-11.367
8.0371,30,3.3855,0.4317,65.0801,12.2888,2.848,0.0674,0,-0.0032,0.7757,-12.1206,BAJAJHFL,2025-03-19,0,-8.4568
11.6833,0,2.2905,0.8309,63.3293,14.0072,3.7519,0.0972,1,0.0258,0.8831,-1.4993,BAJAJHFL,2025-03-27,0,-4.0304
5.44,14,7.4752,0.8522,67.2938,9.6879,1.9166,0.0376,1,0.0409,1.1179,8.6687,BAJAJHLDNG,2017-01-31,0,2.4727
4.8562,26,1.7956,0.7861,62.4361,9.1819,2.4744,0.0541,1,0.0355,1.2693,43.2501,BAJAJHLDNG,2017-10-26,0,-7.558
3.8928,35,2.7922,0.7765,66.423,12.4941,1.882,0.0411,1,0.0505,1.0387,20.1786,BAJAJHLDNG,2018-08-29,0,-5.4739
7.0746,47,6.9024,0.6736,67.4093,9.7147,2.8833,0.0558,1,0.0238,1.0624,0.8379,BAJAJHLDNG,2019-02-07,0,1.4643
7.2419,65,6.7516,0.6185,63.8711,21.7391,3.3109,0.045,1,0.0436,1.0538,14.9225,BAJAJHLDNG,2019-09-23,0,-1.8812
5.654,28,2.3295,0.8023,68.1296,10.8853,2.222,0.054,0,-0.0346,0.9659,1.788,BAJAJHLDNG,2020-02-03,0,-4.3334
11.8173,0,1.6788,0.913,66.3186,8.6788,4.0555,0.1081,1,0.1089,0.7353,-34.7959,BAJAJHLDNG,2020-06-02,0,19.3333
4.8906,26,3.9202,0.6746,62.1613,9.1577,2.41,0.0342,1,0.0568,0.7737,30.4322,BAJAJHLDNG,2020-08-26,0,-6.7998
6.1568,58,3.7617,0.8197,66.5906,19.885,2.8097,0.0513,1,0.0326,1.1194,8.5338,BAJAJHLDNG,2022-04-01,0,-1.7468
3.1097,34,5.3204,0.4807,64.0635,8.3067,2.1962,0.0575,0,-0.0335,1.1934,-3.2981,BAJAJHLDNG,2023-02-28,0,-8.0008
5.532,64,8.0811,0.4558,64.1832,9.5774,2.5826,0.0476,1,0.0087,0.9197,1.4783,BAJAJHLDNG,2023-04-18,0,1.2716
7.0166,18,3.6967,0.9452,66.1277,13.4456,2.6023,0.0933,1,0.0351,1.0582,19.5826,BAJAJHLDNG,2024-01-19,0,-2.0833
8.1755,55,7.8215,0.6269,68.4931,17.261,2.6326,0.0671,1,0.0376,0.9979,1.3116,BAJAJHLDNG,2024-06-24,0,5.1754
5.694,34,1.6212,0.9087,62.9918,10.398,2.6609,0.032,0,-0.034,1.1921,17.427,BAJAJHLDNG,2024-11-11,0,-3.8241
6.5337,37,2.7347,0.6638,59.5201,8.0245,3.1141,0.0323,0,-0.0547,1.2497,10.2007,BAJAJHLDNG,2024-11-14,0,-3.9127
5.7915,52,2.6713,0.7846,63.6866,9.3735,2.8571,0.0585,1,0.004,1.2667,15.6476,BAJAJHLDNG,2024-12-09,0,-5.8125
8.1045,4,2.8032,0.8319,60.6555,8.2672,3.7439,0.0677,1,0.0701,1.1603,6.6444,BAJAJHLDNG,2025-05-15,0,10.3495
9.0677,10,9.4392,0.9101,59.3774,21.0944,2.8563,0.0346,1,0.0126,1.0901,-4.6092,BAJAJHLDNG,2025-11-06,0,-11.8492
6.4037,50,2.1859,0.7282,64.0505,8.1886,2.4588,0.0455,0,-0.0018,0.8324,-5.8144,BAJAJHLDNG,2026-02-23,0,-9.7536
9.1492,24,3.8556,0.9232,69.1138,9.5778,3.0077,0.1172,0,-0.0038,1.2912,24.2486,BAJFINANCE,2019-05-17,0,5.7524
10.3064,0,2.9051,0.8977,67.7653,16.5901,2.8879,0.1124,1,0.0144,1.3288,26.8861,BAJFINANCE,2019-09-20,0,3.6064
6.3673,70,3.6062,0.8908,69.9301,13.3513,1.7885,0.0719,0,-0.0001,1.3479,29.4433,BAJFINANCE,2020-01-29,0,3.9427
8.8537,13,2.3746,0.9347,65.4275,12.1329,2.7382,0.1421,1,0.0537,1.0695,25.6223,BAJFINANCE,2021-06-10,0,23.5157
5.6514,41,2.6563,0.8367,63.2848,11.8514,2.0294,0.0463,1,0.0654,0.8776,8.278,BAJFINANCE,2024-01-04,0,-5.6749
6.9168,10,2.9689,0.9111,68.5863,16.1218,2.2491,0.0788,1,0.002,1.0221,9.6996,BAJFINANCE,2025-01-02,0,18.8579
5.5861,28,2.2621,0.7231,62.5667,9.2979,2.5958,0.0833,0,-0.0365,1.207,-0.3211,BAJFINANCE,2025-01-28,0,8.9164
3.5162,69,2.3089,0.888,60.4734,14.4529,1.8557,0.0439,1,0.0359,1.369,26.6829,BAJFINANCE,2025-06-06,0,-5.6995
6.0702,11,2.9415,0.6294,63.6202,11.8616,2.3627,0.0293,0,-0.0096,0.9748,3.4332,BAJFINANCE,2025-09-04,0,9.6237
6.3714,7,10.214,0.5817,63.7636,16.0877,3.171,0.0852,1,0.0271,1.7295,33.019,BALKRISIND,2017-01-17,0,19.7496
5.9828,33,1.9195,0.7459,66.7222,9.5698,3.2332,0.0855,1,0.0578,1.5906,13.5838,BALKRISIND,2017-02-23,0,21.2368
7.4031,7,1.7737,0.9459,58.1328,10.9645,2.9247,0.0133,0,-0.0387,1.337,7.6526,BALKRISIND,2018-03-26,0,6.9027
9.5294,11,1.6529,0.8368,62.7592,12.3243,3.6077,0.0557,0,-0.0241,1.2911,11.9038,BALKRISIND,2018-04-03,0,3.6682
8.1373,21,2.2715,0.8819,56.8049,11.1855,3.201,-0.0063,1,0.0066,0.9422,5.9163,BALKRISIND,2018-07-04,0,11.2548
9.8062,12,4.4832,0.9417,68.3497,13.5806,3.3982,0.1488,1,0.0408,1.0398,3.7756,BALKRISIND,2018-08-14,0,-5.5342
8.4166,34,2.6079,0.6864,62.8342,8.3292,3.0594,0.0371,0,-0.0401,0.9448,-21.8501,BALKRISIND,2019-08-09,0,-7.6905
6.6966,60,1.8618,0.7784,66.4535,17.0956,3.0685,0.0842,1,0.0144,0.8649,-4.65,BALKRISIND,2019-09-20,0,-9.3896
11.2081,0,3.5842,0.7289,63.4495,9.8537,4.1915,0.0909,0,-0.0067,1.3195,45.7984,BALKRISIND,2020-09-28,0,5.7262
8.567,11,2.7115,0.8396,68.4226,9.4217,4.2899,0.1082,1,0.0727,1.024,35.2739,BALKRISIND,2021-02-04,0,-13.7553
7.3572,5,1.759,0.8875,68.8588,10.2735,2.3276,0.0671,1,0.0339,1.0285,17.3706,BALKRISIND,2022-07-25,0,-6.9617
4.4568,77,4.6447,0.4817,67.0472,8.6202,2.5016,0.0712,0,-0.0168,0.8724,6.5508,BALKRISIND,2023-01-05,0,-2.1039
3.4424,21,2.5643,0.9182,59.1321,10.6552,2.0041,-0.0044,1,0.0177,1.0474,0.5684,BALKRISIND,2023-04-12,0,12.9026
9.1414,47,2.6885,0.9507,68.5094,14.9436,2.3701,0.1128,1,0.0359,1.1646,5.4425,BALKRISIND,2023-05-22,0,1.0232
5.6697,30,3.3174,0.8822,62.2755,11.0312,2.757,0.0643,1,0.0436,1.0288,27.6571,BALKRISIND,2023-07-26,0,-6.0133
4.3042,65,2.8797,0.8464,65.4498,13.3507,2.1536,0.0424,1,0.027,1.0842,16.3823,BALKRISIND,2023-09-14,0,0.6417
5.4695,142,1.7686,0.7823,58.2128,8.0884,2.4389,0.0247,1,0.052,0.9902,11.145,BALKRISIND,2024-01-09,0,-5.1105
5.1742,14,3.732,0.8008,62.4378,12.1129,1.8819,0.0047,1,0.0264,0.8204,-3.9075,BALKRISIND,2025-07-02,0,1.5798
4.6615,29,8.2273,0.879,64.9226,17.5866,2.7221,0.0529,1,0.0176,0.9459,-11.0108,BALKRISIND,2025-12-02,0,-4.8249
6.8364,72,8.7605,0.4776,68.0836,32.525,3.277,0.0885,0,-0.0046,0.9646,3.3759,BALKRISIND,2026-02-03,0,-7.5529
10.6321,0,2.24,0.9308,62.8344,10.5964,3.5805,0.052,0,-0.0009,1.0,0.0,BALRAMCHIN,2016-10-07,0,-8.5206
8.4237,37,1.9827,0.8509,61.6769,9.0563,3.3448,0.0546,1,0.014,1.3344,31.6461,BALRAMCHIN,2017-04-20,0,-7.3596
6.5984,26,4.3399,0.8366,65.8217,15.578,2.9215,0.0768,1,0.0394,0.9802,12.7855,BALRAMCHIN,2017-07-31,0,0.756
9.3007,28,3.0644,0.9139,69.5769,9.5008,3.1868,0.1192,1,0.037,1.0323,16.1889,BALRAMCHIN,2017-08-02,0,-3.4714
6.1421,28,3.2839,0.7676,65.1145,8.9297,3.025,0.0676,1,0.0629,0.9345,51.4413,BALRAMCHIN,2020-08-10,0,-4.1655
12.1132,0,2.9844,0.7632,68.6867,9.8298,5.2214,0.2542,1,0.0047,1.2266,55.2649,BALRAMCHIN,2021-04-08,1,41.3934
7.3082,9,5.1274,0.6662,67.6052,13.4799,3.6886,0.1154,1,0.0063,1.9371,91.1757,BALRAMCHIN,2021-07-29,0,-6.6569
10.3857,0,4.8421,0.769,58.8545,12.9682,4.5069,0.0305,0,-0.0264,0.9662,-22.0684,BALRAMCHIN,2025-03-12,0,9.1822
6.8713,4,9.8621,0.8462,66.3082,12.7848,3.0209,0.1171,0,-0.0463,0.8792,5.6681,BALRAMCHIN,2026-03-04,0,-11.2064
4.8539,28,4.1573,0.7842,57.1844,14.4088,3.0051,0.0,1,0.0126,1.0,0.0,BANDHANBNK,2018-06-06,1,28.8269
11.6393,0,6.2061,0.8352,69.2728,9.8181,3.5267,0.1628,1,0.0216,1.0,0.0,BANDHANBNK,2018-07-18,0,7.5601
7.9042,3,3.4107,0.5658,64.0267,11.3976,3.8565,0.1202,1,0.0241,0.9858,-26.9203,BANDHANBNK,2018-12-13,0,-0.5972
7.9681,15,1.695,0.7313,64.1789,12.4676,2.9503,0.1193,1,0.0518,0.9184,13.6161,BANDHANBNK,2019-03-28,0,4.7049
8.4211,4,3.0578,0.6518,63.7271,29.0003,3.5596,0.0283,1,0.0144,0.9789,-13.0489,BANDHANBNK,2019-09-20,0,5.0932
10.7557,0,3.8493,0.912,69.1315,15.3983,2.8255,0.0931,1,0.0441,0.7228,3.5199,BANDHANBNK,2021-06-21,0,-8.5525
6.4457,27,2.1717,0.926,60.9573,11.3028,2.8571,0.0527,1,0.0648,0.9206,-9.3209,BANDHANBNK,2022-08-24,0,-8.4866
4.9472,22,2.9714,0.8071,59.2826,13.228,2.9845,0.0473,0,-0.0088,0.8,-19.116,BANDHANBNK,2023-01-23,0,-8.9852
5.9171,35,2.1282,0.9175,65.5084,8.4395,2.6053,0.0947,1,0.0309,1.0251,6.264,BANDHANBNK,2023-09-15,0,-7.124
7.3903,12,1.8032,0.9018,67.1683,8.8718,2.0182,0.0167,1,0.0553,0.7854,8.1863,BANDHANBNK,2023-12-04,0,0.0574
7.4203,6,2.775,0.7522,68.0111,10.2497,3.1101,0.114,1,0.0606,0.9748,9.3925,BANDHANBNK,2024-01-03,0,-7.9675
11.9019,0,6.5711,0.9432,64.4266,17.8478,3.9312,0.1171,1,0.0502,0.8424,22.479,BANDHANBNK,2024-07-29,0,-12.5595
5.4142,30,7.0869,0.6,57.508,12.9568,2.4993,0.0175,0,-0.0338,0.8239,-7.9006,BANDHANBNK,2026-01-23,0,14.2963
9.304,3,2.9756,0.885,59.8232,15.2073,3.8268,0.0237,0,-0.0188,1.0,6.8653,BANKBARODA,2016-11-10,0,-9.5488
12.9718,0,4.9942,0.7468,64.7889,10.2267,4.4607,0.0792,0,-0.0652,1.0,13.2186,BANKBARODA,2016-11-15,0,-16.3339
7.9993,32,1.7324,0.7657,59.355,9.3325,2.5008,0.0233,1,0.0505,1.0317,-2.7911,BANKBARODA,2017-01-25,0,2.6933
11.5353,0,2.4266,0.9226,68.8909,8.0442,2.7139,0.0938,1,0.058,1.1342,5.2936,BANKBARODA,2017-02-01,0,-3.1868
5.8064,9,2.8128,0.7382,56.7742,10.8204,2.6176,0.0167,1,0.0365,0.9912,-3.012,BANKBARODA,2017-03-24,0,5.1307
4.7046,32,1.5685,0.6992,55.7113,11.2004,2.4525,0.0143,1,0.0241,0.7278,-15.0598,BANKBARODA,2017-10-24,0,3.3566
6.2606,26,1.6462,0.9105,61.025,9.8794,3.4776,0.0297,1,0.0623,0.9436,18.8401,BANKBARODA,2018-01-23,0,-10.8374
8.1512,17,2.8659,0.8182,66.1481,11.329,3.1631,0.0558,1,0.0602,0.6451,6.8323,BANKBARODA,2020-08-28,0,-13.5327
7.0392,12,2.2834,0.8571,65.6127,8.4546,4.1043,0.145,1,0.0406,1.2471,12.0613,BANKBARODA,2021-06-28,0,-10.4775
8.2615,7,1.7065,0.8382,58.7228,8.3822,2.3941,0.0156,1,0.0692,0.9018,15.0743,BANKBARODA,2021-09-15,0,13.7107
10.9136,0,3.2387,0.8943,68.6233,9.9005,2.636,0.0732,1,0.0736,0.9226,21.7576,BANKBARODA,2021-09-16,0,6.7475
9.2036,27,2.6591,0.8491,62.692,10.1566,3.3912,0.0646,1,0.0007,1.4155,7.6235,BANKBARODA,2022-07-07,0,22.8153
4.1985,29,2.6134,0.8258,66.7137,8.2392,1.7069,0.0642,1,0.029,1.0308,18.4291,BANKBARODA,2023-06-19,0,1.0956
7.8021,36,2.4244,0.9295,68.6675,9.2442,2.1961,0.0627,1,0.0261,1.1205,17.4153,BANKBARODA,2023-09-13,0,-5.6351
6.125,19,1.9903,0.8041,65.3355,8.5428,1.9937,0.0311,1,0.0553,1.0408,6.3327,BANKBARODA,2023-12-04,1,27.1773
13.8534,0,3.4541,0.9215,69.9192,8.6906,2.1647,0.081,1,0.0258,1.047,-4.3165,BANKBARODA,2025-03-27,0,1.9984
9.704,37,5.0764,0.9261,66.1423,22.3677,3.4693,0.0762,0,-0.0188,1.0,24.2743,BANKINDIA,2016-11-10,0,-12.1399
5.1543,17,3.9884,0.6944,62.866,11.5658,2.8292,0.0706,1,0.0365,1.1067,7.9513,BANKINDIA,2017-03-24,0,23.7694
7.4272,21,3.6565,0.7206,68.0676,8.451,3.3166,0.0787,1,0.0602,0.926,53.207,BANKINDIA,2020-08-28,0,-18.4746
8.9157,26,4.6237,0.725,68.4012,13.8475,2.9985,0.0673,1,0.0867,0.9934,-3.724,BANKINDIA,2020-11-20,0,5.8613
9.2427,5,3.3234,0.8699,68.9051,14.6482,3.2468,0.1537,1,0.0982,0.8609,6.6271,BANKINDIA,2021-01-12,0,-10.9907
7.3163,12,2.5694,0.8111,56.0662,12.09,3.0177,0.0176,0,-0.0196,0.7244,-5.3219,BANKINDIA,2022-01-27,0,-8.0573
7.3216,16,2.3036,0.9434,63.7272,8.7116,3.5374,0.0702,1,0.0197,0.7047,5.7692,BANKINDIA,2022-02-02,0,-11.8455
6.0334,18,2.5911,0.717,65.1763,8.5372,2.759,0.1135,1,0.0575,1.0486,7.7117,BANKINDIA,2022-08-25,0,-5.3173
6.0025,21,3.2288,0.9296,64.7713,11.3064,2.4436,0.0359,1,0.0476,0.8546,2.271,BANKINDIA,2023-07-03,1,39.5767
5.0029,21,2.3429,0.8229,56.8908,12.1231,3.1896,0.0269,1,0.0502,0.8242,-0.3584,BANKINDIA,2024-07-29,0,-7.3686
5.0881,62,2.8369,0.9348,62.0246,13.7387,1.7904,0.0293,1,0.0021,1.1287,4.6344,BANKINDIA,2025-09-10,0,19.4692
8.1639,76,2.5063,0.8966,64.9022,9.6692,2.3424,0.0746,0,-0.0095,1.1409,9.2494,BANKINDIA,2025-09-30,0,13.5295
7.7564,89,2.7909,0.8962,65.4817,12.8009,2.5573,0.0967,1,0.0356,1.0583,8.4939,BANKINDIA,2025-10-20,0,7.5726
8.3382,40,2.2202,0.887,65.778,8.958,2.6255,0.057,0,-0.0113,1.2961,36.3207,BANKINDIA,2026-01-14,0,-2.9502
4.3771,16,1.5768,0.8889,60.2047,9.0438,2.0206,-0.001,0,-0.0284,1.0,-18.1877,BATAINDIA,2016-12-28,0,22.8307
4.8665,34,2.7627,0.8212,68.8312,9.4844,2.2866,0.0879,1,0.0511,0.9698,12.4046,BATAINDIA,2017-03-14,0,1.8446
7.1763,23,4.7052,0.8865,68.7475,12.2159,2.5527,0.0415,1,0.0117,1.0887,15.0205,BATAINDIA,2017-07-04,0,19.5853
5.7019,78,2.4895,0.8743,61.8787,11.931,2.7202,0.0404,0,-0.0387,1.0232,-5.0428,BATAINDIA,2018-03-26,0,-0.0221
9.8673,1,1.5658,0.8753,66.2334,9.3565,2.6232,0.0989,1,0.0193,0.969,9.8945,BATAINDIA,2018-04-20,0,-6.7164
6.1994,41,3.4945,0.9367,67.7454,12.0655,2.6546,0.0547,1,0.0143,1.0719,17.6852,BATAINDIA,2018-06-18,0,24.4648
5.6131,5,1.9774,0.8677,64.4915,8.46,2.6677,0.0887,1,0.0251,1.3291,23.981,BATAINDIA,2018-11-30,0,5.5816
6.0963,29,1.6612,0.8399,65.285,9.1652,2.6375,0.0728,1,0.0115,1.3532,22.2131,BATAINDIA,2019-02-04,0,16.7064
4.7577,49,2.1378,0.9268,65.7441,9.4947,1.7084,0.0324,1,0.0252,1.1957,21.4433,BATAINDIA,2019-12-30,0,-0.5645
6.7621,51,2.2012,0.768,68.5871,9.1493,2.1708,0.0688,1,0.0991,0.7794,11.9471,BATAINDIA,2020-11-18,0,4.5497
5.861,11,1.6076,0.8567,55.1783,10.152,2.1245,-0.0137,0,-0.0031,0.8543,-12.2826,BATAINDIA,2021-05-14,0,18.1582
5.0929,35,1.5217,0.7702,67.7077,10.2851,2.3928,0.0546,1,0.0111,0.9599,12.8809,BATAINDIA,2021-08-02,0,-4.7809
4.7353,77,2.4803,0.7982,62.4668,8.5773,2.7692,0.0659,1,0.0416,1.0959,20.1212,BATAINDIA,2021-10-01,0,9.3538
7.7671,81,2.7664,0.9295,69.9124,12.1308,2.8448,0.1144,1,0.0474,1.1698,25.9502,BATAINDIA,2021-10-07,0,3.121
6.142,74,2.2568,0.9051,65.7423,21.4597,2.7441,0.0516,1,0.0087,0.7843,-6.1152,BATAINDIA,2024-06-05,0,2.5091
8.5601,4,3.4334,0.8876,69.6322,14.3721,1.9597,0.0932,1,0.0533,0.8272,7.3277,BATAINDIA,2024-06-28,0,-3.4203
6.3254,59,1.9861,0.5685,55.0782,12.1243,2.2446,-0.0124,0,-0.0222,0.9693,-9.3967,BATAINDIA,2024-11-26,0,-0.6615
7.7426,6,10.8546,0.3168,60.2269,12.8447,3.0774,-0.0027,1,0.0045,0.7369,-21.1545,BATAINDIA,2026-02-10,0,-8.3075
5.1823,21,1.9743,0.7309,58.6009,8.7208,2.3516,0.0101,1,0.0088,0.7875,-14.1896,BAYERCROP,2017-11-16,0,10.7055
4.4107,21,2.7119,0.6495,63.7129,13.5717,2.6201,0.0327,0,-0.0164,0.7652,-19.2352,BAYERCROP,2019-09-16,0,-1.438
7.5949,21,5.3967,0.1055,66.7452,17.1366,3.7231,0.0865,1,0.0605,1.5058,92.9571,BAYERCROP,2020-08-07,0,-9.3984
9.4502,15,6.5347,0.717,63.4032,11.6984,3.3802,0.0861,1,0.0214,1.3066,43.9837,BAYERCROP,2020-09-18,0,-13.0434
4.4833,50,2.2219,0.929,61.7376,8.3532,2.5403,0.0142,0,-0.0057,0.6959,5.8075,BAYERCROP,2021-03-31,0,7.2786
4.2544,142,3.5459,0.8074,64.4075,9.3043,2.9076,0.0705,1,0.0418,1.0155,16.4736,BAYERCROP,2021-08-13,0,-9.7034
8.4382,9,8.3298,0.3683,65.3185,11.0325,4.1954,0.0566,0,-0.0538,1.1488,-2.2318,BAYERCROP,2022-05-25,0,-2.5753
3.4986,13,9.5673,0.0841,66.4159,10.0936,2.1834,0.0617,1,0.0701,1.1439,16.473,BAYERCROP,2022-08-05,0,-7.1908
3.9439,42,2.9443,0.7441,65.0603,10.7683,1.8393,0.0376,1,0.0447,0.8211,-7.3346,BAYERCROP,2022-12-06,0,-5.5711
2.0339,44,1.6312,0.7958,66.2367,10.6157,1.6223,0.0316,1,0.0394,0.9334,-10.6239,BAYERCROP,2023-05-31,0,-1.9958
8.3995,42,2.19,0.5962,61.1638,9.4087,3.1854,0.0786,1,0.0283,1.2662,18.49,BAYERCROP,2024-01-31,0,-7.5138
5.5189,20,2.6971,0.9052,61.7319,9.1849,2.1997,0.0205,1,0.0316,1.0926,18.6417,BAYERCROP,2024-10-01,0,-5.5679
4.2144,54,2.0994,0.9144,67.8471,11.8498,2.1643,0.0408,1,0.0017,0.7917,-3.9162,BAYERCROP,2026-02-09,0,-4.3791
6.4725,4,1.7509,0.6025,67.7094,9.2154,2.8516,0.1001,1,0.0537,1.42,2.8846,BBTC,2017-01-27,1,63.3832
4.4436,26,8.9727,0.5591,66.4099,18.6741,3.2602,0.0495,1,0.0235,1.568,52.2063,BBTC,2017-06-14,0,-9.8559
2.8467,63,5.3344,0.5486,65.8404,16.8337,2.5352,0.0299,1,0.0309,1.3159,5.842,BBTC,2017-08-07,1,80.0871
5.196,78,2.5568,0.6887,63.3861,14.0066,2.9714,0.0472,1,0.0065,1.2429,2.4476,BBTC,2017-08-30,1,56.6417
7.7814,16,3.1839,0.6412,67.1499,10.1898,3.6995,0.0433,1,0.0195,1.688,83.0241,BBTC,2017-12-22,0,-3.9909
7.9985,17,2.7525,0.8144,67.6101,9.1283,2.8406,0.0749,1,0.0441,1.1906,37.0349,BBTC,2018-08-03,0,4.7552
7.6758,28,3.6248,0.8227,69.4623,11.443,3.2912,0.105,1,0.0475,0.963,29.7526,BBTC,2018-08-21,0,0.5352
3.6084,62,2.1561,0.8482,56.3035,11.2743,2.5259,-0.0087,1,0.0053,0.7874,-4.3724,BBTC,2019-02-25,0,0.6172
5.5056,67,2.5231,0.9149,61.9111,10.7058,2.9937,0.0293,1,0.0154,0.6973,7.718,BBTC,2019-03-05,0,-2.471
8.0332,9,2.4489,0.7461,63.5949,13.3327,2.8533,0.016,1,0.0025,1.1681,46.3695,BBTC,2020-01-07,0,-2.0815
5.2879,8,2.1396,0.8327,55.3189,11.9478,3.2515,-0.013,1,0.086,1.0999,12.4082,BBTC,2020-11-12,0,-3.4785
8.8475,3,4.8103,0.7245,62.6686,11.8081,3.693,0.0758,1,0.0977,1.0202,10.0183,BBTC,2020-12-07,0,-11.4572
10.5845,0,7.4838,0.6824,59.5102,13.226,3.5831,0.0287,1,0.0025,0.9194,-14.6116,BBTC,2022-04-22,0,-4.6846
13.423,0,8.7413,0.6783,65.8434,12.0588,3.9804,0.095,1,0.0049,0.9778,-11.5424,BBTC,2022-04-26,0,-9.467
8.6314,3,3.8627,0.9249,62.9049,12.7558,3.0693,0.0351,0,-0.0093,0.9957,-0.7181,BBTC,2022-07-06,0,-8.2392
5.1387,42,5.3998,0.6898,68.7701,12.566,2.5046,0.0429,1,0.0519,1.003,-5.9148,BBTC,2022-09-14,0,-7.4456
5.8523,78,8.7467,0.5529,59.9286,18.259,2.1101,0.0133,1,0.0372,0.8417,1.4353,BBTC,2022-11-07,0,-0.8657
7.5182,79,4.0433,0.7308,68.1262,8.1976,2.312,0.0524,1,0.0339,0.895,4.8178,BBTC,2022-11-09,0,-3.437
10.6373,0,5.1717,0.5872,65.1742,8.3924,3.0093,0.0436,1,0.0113,0.9782,-9.0294,BBTC,2023-04-17,0,2.3771
3.1971,10,4.4733,0.4491,56.53,8.7665,2.7751,0.0431,1,0.0413,0.9307,6.6431,BBTC,2023-06-07,0,8.7769
6.4367,4,6.1818,0.8617,57.5474,17.0475,2.829,0.0047,1,0.0043,1.0749,5.0307,BBTC,2023-09-04,1,33.5874
8.6869,25,5.4609,0.8284,60.8053,16.7178,3.8292,0.0627,1,0.0692,1.248,48.7121,BBTC,2023-12-26,0,5.0917
8.5461,8,1.9445,0.8927,66.5729,8.602,4.0,0.1606,1,0.049,1.5285,83.5495,BBTC,2024-09-27,0,-9.7345
10.794,0,6.2784,0.8502,59.2736,10.679,3.9025,0.004,1,0.0144,0.7307,-22.6015,BBTC,2025-04-02,0,-3.6292
7.5675,68,2.3159,0.8666,64.3103,10.7718,2.9718,0.0346,1,0.0069,1.0376,12.2796,BBTC,2025-09-15,0,-7.8266
9.1754,18,13.7231,0.5401,64.8918,12.3544,3.4441,0.0741,1,0.0313,0.977,0.8523,BBTC,2025-10-17,0,-6.2402
10.2542,0,3.498,0.7418,67.4021,12.6177,3.6006,0.04,0,-0.0254,0.85,-13.4484,BDL,2018-11-09,0,-11.1204
6.1023,21,6.5819,0.4961,66.8935,17.9264,3.1135,0.0552,1,0.0138,0.7998,-15.2937,BDL,2019-01-08,0,-10.0084
11.2222,0,8.1723,0.9201,68.6982,10.5337,4.3593,0.1535,1,0.0072,1.1296,42.3726,BDL,2019-06-28,0,-10.5194
7.2616,35,2.3966,0.7241,64.4407,8.6532,3.7162,0.0489,1,0.0436,1.0661,12.9622,BDL,2019-09-23,0,-6.8757
11.8722,0,3.9942,0.8011,66.2765,14.3355,5.3361,0.1647,1,0.0629,1.1326,-9.9996,BDL,2020-06-16,1,44.158
7.0994,8,4.395,0.7946,58.845,10.4937,2.6231,0.0206,1,0.086,0.9836,-20.1156,BDL,2020-11-12,0,-0.4618
4.9895,18,9.2167,0.3161,64.4037,9.944,2.9248,0.0466,1,0.0727,0.5913,7.1374,BDL,2021-02-12,0,-3.6506
6.8407,26,5.9493,0.8633,64.7924,12.9705,2.6402,0.0448,1,0.0077,0.9882,10.9993,BDL,2021-05-11,0,10.3902
6.9659,33,3.5038,0.939,68.3417,11.473,2.5907,0.0711,1,0.071,0.9745,13.3589,BDL,2021-10-18,0,-5.7136
10.6828,0,3.7618,0.8884,64.0717,10.2686,3.2114,0.055,1,0.0502,1.6451,36.7037,BDL,2022-07-28,0,6.5806
4.3977,5,2.5411,0.7721,68.3578,10.5758,2.7239,0.093,1,0.0326,1.0548,12.6557,BDL,2023-05-03,0,-4.5644
8.1952,25,1.5792,0.8145,64.7921,9.0735,3.9188,0.1068,1,0.0394,1.1651,20.1335,BDL,2023-05-31,0,-2.7455
11.6707,0,8.4391,0.7609,65.1954,21.7862,4.1639,0.1247,1,0.0432,1.2251,28.526,BDL,2023-07-11,0,-7.5519
7.9146,17,4.0548,0.5718,57.2297,8.2467,3.1166,-0.0108,0,-0.0169,0.9595,-5.8352,BDL,2023-11-03,1,69.378
9.899,2,4.1823,0.8786,63.6729,9.1736,3.0735,0.0625,0,-0.0001,1.6016,51.5976,BDL,2024-04-16,1,75.4469
7.0094,26,5.7622,0.6096,62.6588,12.6346,2.8394,0.0573,1,0.0231,0.8464,-18.3631,BDL,2025-11-14,0,-10.4592
6.2784,5,3.3658,0.8158,56.1929,11.6506,3.3795,-0.0247,0,-0.0453,0.9616,-11.4625,BDL,2026-03-06,0,-10.2712
6.7544,3,1.9455,0.8905,68.7883,8.2341,2.7307,0.1212,1,0.0128,1.0191,2.845,BDL,2026-05-07,0,-8.6839
8.5298,6,4.8348,0.8446,66.7828,13.6554,4.1796,0.0,1,0.0252,1.0,0.0,BELRISE,2025-07-08,1,45.2156
7.3484,23,6.154,0.6513,68.8548,11.5799,2.9503,0.0826,1,0.023,1.0,61.1847,BELRISE,2025-11-13,0,-0.0159
7.6861,13,8.7598,0.3462,60.2362,11.8964,3.857,0.0713,1,0.0117,1.6468,26.0237,BELRISE,2025-12-23,0,-4.688
5.8683,6,3.1012,0.7269,66.5979,8.8762,3.2157,0.1014,0,-0.0453,1.446,31.0996,BELRISE,2026-03-06,0,-10.0144
3.3952,66,3.5461,0.3947,63.8105,13.1188,1.7646,0.0471,0,-0.0083,1.0,0.0,BEL,2016-10-28,0,-5.6556
5.4682,85,2.4124,0.8969,66.2226,13.3535,3.6068,0.0837,0,-0.0475,1.0,9.5807,BEL,2016-11-28,0,-0.3465
9.2601,6,2.259,0.84,69.2429,12.9923,3.1974,0.0847,1,0.0311,0.9455,11.9588,BEL,2019-05-20,0,5.9409
6.1767,20,1.7538,0.8447,59.9682,10.5693,2.7547,0.0088,1,0.0222,0.9219,2.9747,BEL,2020-01-15,0,-9.1981
7.7787,23,1.529,0.884,61.4403,8.3782,4.204,0.1153,1,0.0205,1.0675,59.5478,BEL,2021-03-01,0,-10.267
7.6051,26,1.8661,0.854,63.507,12.4616,2.4145,0.051,1,0.0427,1.0735,13.3039,BEL,2022-01-14,0,-8.9595
8.4806,5,1.9688,0.8764,63.873,9.0619,3.6527,0.0711,0,-0.022,1.26,19.8804,BEL,2022-06-01,0,-8.9162
6.0454,26,1.6082,0.871,62.2777,8.0318,2.6186,0.0507,1,0.0014,1.3527,15.4205,BEL,2022-07-15,1,26.4527
6.3398,29,4.3803,0.7857,63.1487,20.1298,2.6271,0.034,0,-0.0113,0.9669,-8.0423,BEL,2023-03-31,1,27.337
6.7658,47,1.7324,0.8778,66.6304,8.5189,2.1699,0.0821,1,0.0003,1.3119,36.9084,BEL,2023-09-01,0,-3.1255
8.4775,60,2.7286,0.8567,63.3535,10.3175,3.4147,0.0574,0,-0.0226,1.1904,-1.0567,BEL,2024-11-06,0,-10.1777
6.4805,66,2.012,0.9622,64.5511,9.3254,2.0446,0.0255,1,0.0084,1.2935,29.1261,BEL,2025-09-12,0,0.41
4.065,20,3.5367,0.9398,63.1359,11.5043,1.8423,0.0715,1,0.0226,1.2881,1.4703,BEL,2025-10-31,0,-6.5467
5.5092,64,1.9962,0.6962,62.0764,8.1171,1.9368,0.0163,1,0.0112,0.9409,11.2216,BEL,2026-01-05,0,4.0265
4.2264,29,2.6322,0.7932,66.2429,10.7943,2.2609,0.0631,1,0.0354,1.4286,73.4922,BEML,2017-03-31,0,-3.5328
9.4356,5,2.3315,0.8802,68.1398,9.9016,3.5358,0.1747,1,0.053,1.1041,12.9212,BEML,2019-10-29,0,-14.6719
7.87,25,2.1279,0.7707,69.1663,8.3047,3.1072,0.111,1,0.0581,0.7994,60.9259,BEML,2020-08-13,0,-10.7424
4.18,8,3.6158,0.6023,65.9883,8.2453,2.8779,0.0887,1,0.0555,1.5754,51.4064,BEML,2021-06-14,0,-2.4727
10.2368,0,2.3801,0.8506,58.3326,8.5219,3.2217,-0.0133,1,0.01,1.2073,0.026,BEML,2022-03-29,0,1.094
8.8377,12,5.4583,0.7664,66.8699,11.9211,3.3217,0.0996,1,0.0716,0.8037,-5.5102,BEML,2022-08-02,1,28.3652
5.52,15,4.1217,0.8895,65.7693,9.3798,2.984,0.1012,1,0.0465,1.0232,42.5281,BEML,2023-07-21,1,36.4721
10.1851,0,8.2393,0.9108,61.945,21.4779,4.4176,0.1243,0,-0.0084,1.5546,28.4131,BEML,2024-05-13,0,2.748
7.4313,5,5.8974,0.4268,55.7908,8.1942,3.6128,0.0149,0,-0.0043,1.0119,-2.034,BEML,2024-10-16,0,-3.0288
9.2623,17,8.2637,0.8801,66.1701,15.7994,3.1306,0.0612,1,0.0084,1.6318,41.9407,BEML,2025-09-12,0,-6.1519
5.7669,9,2.847,0.8964,68.421,10.3829,2.6274,0.1046,1,0.0432,1.2241,26.5148,BERGEPAINT,2018-08-10,0,-4.3655
7.5833,10,7.583,0.8536,65.8906,26.0756,3.0308,0.0465,1,0.0279,0.9135,1.3812,BERGEPAINT,2019-05-31,0,-8.1761
5.9243,48,1.6664,0.8266,65.3451,11.221,2.1333,0.061,1,0.0245,1.6233,43.4918,BERGEPAINT,2020-01-14,0,1.9359
8.7935,2,3.1948,0.6923,69.8489,8.0287,3.2848,0.1035,1,0.0823,1.2766,-4.9453,BERGEPAINT,2020-06-24,0,7.4626
7.6164,41,2.352,0.8056,68.8292,10.0443,2.8038,0.0875,1,0.0592,1.038,21.4132,BERGEPAINT,2020-08-18,0,15.139
4.2577,92,2.6736,0.8418,65.6306,9.6769,2.7228,0.0807,1,0.0111,1.0612,16.5539,BERGEPAINT,2020-10-29,0,19.6839
3.7853,22,4.0934,0.8928,69.6427,13.0459,1.8918,0.076,1,0.0323,0.9673,17.244,BERGEPAINT,2021-07-07,0,-4.8636
4.7655,76,3.2021,0.5962,59.5711,10.3327,1.7587,0.0172,1,0.0726,0.9396,7.9104,BERGEPAINT,2021-09-24,0,-5.7724
4.4809,127,1.7403,0.8966,59.568,14.9845,2.0242,0.0218,0,-0.0335,0.883,-6.3424,BERGEPAINT,2023-02-28,0,11.9211
4.0347,230,3.1349,0.9395,68.0879,10.761,2.043,0.0524,1,0.0348,1.1615,17.7931,BERGEPAINT,2023-08-01,0,1.0945
6.3988,88,5.7022,0.7848,68.3909,20.021,2.6731,0.0535,1,0.0111,0.9018,6.0016,BERGEPAINT,2024-02-29,0,-8.8588
6.1913,67,2.9534,0.8842,68.6084,10.2154,2.7548,0.0861,0,-0.0189,1.0372,9.4187,BERGEPAINT,2025-04-08,0,-2.3933
7.715,11,8.9588,0.9041,67.5791,25.4507,3.061,0.0,0,0.0,1.0,0.0,BHARATFORG,2016-08-05,0,1.9292
7.5022,21,2.1041,0.8375,66.098,9.1961,3.382,0.0738,0,-0.0219,1.0,30.7504,BHARATFORG,2016-12-08,0,-7.759
4.9798,17,1.6337,0.9363,60.9795,11.5592,2.1212,0.0465,1,0.058,1.2709,7.9463,BHARATFORG,2017-02-01,0,20.9722
5.5275,20,1.9542,0.8699,62.13,9.2866,2.4787,0.06,1,0.0627,1.3365,5.3744,BHARATFORG,2017-02-06,0,12.2156
6.9986,23,2.2498,0.8938,65.0108,9.6375,2.96,0.0848,1,0.0553,1.2193,13.2847,BHARATFORG,2017-02-09,0,10.3294
8.1251,33,1.8825,0.8211,65.0956,10.342,3.0702,0.0789,1,0.0213,1.1985,17.2847,BHARATFORG,2017-04-24,0,-8.2502
6.839,43,2.0575,0.8892,67.8394,8.8454,2.293,0.0751,1,0.0205,1.0578,10.5404,BHARATFORG,2017-09-12,0,-4.8895
6.7635,57,3.3011,0.9378,60.8877,15.694,3.6362,0.0597,1,0.0017,1.2356,29.6327,BHARATFORG,2018-02-08,0,-3.9307
7.8069,3,3.0993,0.4521,57.7305,8.1609,3.4317,-0.0111,0,-0.0355,0.8224,0.3658,BHARATFORG,2018-11-02,0,-9.058
8.6966,11,3.122,0.6079,60.2129,15.6382,3.6909,0.0245,1,0.0144,0.8103,-6.4144,BHARATFORG,2019-09-20,0,-1.6802
12.3125,0,2.5281,0.6724,68.8412,8.6282,3.9295,0.0914,1,0.0436,0.837,0.9517,BHARATFORG,2019-09-23,0,-6.9186
7.7608,2,1.7778,0.7767,65.3828,8.3931,2.4464,0.0923,1,0.0146,1.093,28.7576,BHARATFORG,2020-01-09,0,-7.264
7.6358,15,2.7827,0.9007,67.0283,13.3831,3.2382,0.0476,1,0.0369,1.4594,37.3942,BHARATFORG,2020-10-23,0,1.3149
6.5478,15,8.0499,0.752,62.5452,11.0212,3.2408,0.0748,1,0.0325,1.1869,35.2479,BHARATFORG,2021-08-12,0,-12.33
8.3923,19,1.5505,0.9291,59.841,8.2776,3.4257,0.0357,1,0.0511,1.0782,14.1162,BHARATFORG,2021-10-11,0,-3.4296
5.5045,5,1.7396,0.8414,60.5876,8.3533,3.2047,0.06,1,0.0207,1.0521,10.5314,BHARATFORG,2021-11-08,0,-5.6049
9.4047,16,2.2546,0.9289,61.9317,8.4186,2.5641,0.0188,1,0.0149,0.8349,2.8816,BHARATFORG,2022-01-06,0,-3.4379
5.5484,15,2.2599,0.8952,58.651,13.8118,3.3648,0.0462,1,0.0525,1.198,46.341,BHARATFORG,2024-07-26,0,-8.9787
6.8067,67,3.7775,0.8371,59.3542,15.036,2.6735,0.0053,0,-0.007,1.0307,9.4351,BHARATFORG,2025-09-08,0,-1.5037
6.2045,15,2.7926,0.763,66.1966,10.5116,2.3745,0.0834,1,0.0352,1.1054,-0.2418,BHARATFORG,2025-10-23,0,3.762
7.0819,48,5.5953,0.1075,66.9523,14.8013,3.2062,0.073,0,-0.0046,1.2673,22.5318,BHARATFORG,2026-02-03,0,15.7375
6.8236,50,6.3885,0.8257,66.987,19.8571,2.9271,0.0629,1,0.0294,1.1017,24.4159,BHARTIARTL,2017-05-10,0,14.7078
9.1035,15,6.9291,0.6235,69.3058,14.735,2.7733,0.0606,1,0.0224,1.1427,16.001,BHARTIARTL,2017-10-13,0,11.5028
8.9533,5,1.542,0.8318,62.9977,10.1807,3.3734,0.0408,1,0.0465,0.8609,-8.3572,BHARTIARTL,2018-07-30,0,-6.091
11.2136,0,3.306,0.8836,65.895,15.7384,3.8517,0.03,0,-0.0063,0.9047,-8.0776,BHARTIARTL,2018-11-16,0,-11.4967
6.9463,19,2.2377,0.8838,67.0061,19.7932,2.9498,0.061,1,0.0298,0.9226,14.4461,BHARTIARTL,2019-03-11,0,16.8473
6.3978,22,2.9365,0.7439,61.2192,10.0661,3.7286,0.052,1,0.0329,1.2097,7.9241,BHARTIARTL,2019-09-30,0,-7.4608
6.5588,8,3.3019,0.8679,61.352,15.3511,3.4601,0.0876,1,0.0422,1.1696,11.1567,BHARTIARTL,2019-11-15,1,36.2374
9.46,6,5.148,0.2141,57.1057,8.5388,3.6074,-0.0311,1,0.0167,0.6747,-21.653,BHARTIARTL,2020-10-28,1,29.3277
3.5319,82,2.4265,0.9466,58.2526,12.5473,2.0767,0.0246,1,0.015,0.8406,4.782,BHARTIARTL,2021-07-22,1,25.1534
6.234,86,2.9909,0.9148,65.9507,12.319,2.6275,0.0646,1,0.0029,0.9007,7.2927,BHARTIARTL,2021-07-28,0,19.3982
9.9598,2,2.6991,0.906,69.5657,10.1027,3.1253,0.1696,1,0.0661,1.0104,25.0918,BHARTIARTL,2021-08-31,0,2.6145
3.6049,19,1.6061,0.6898,60.0635,11.1828,3.1724,0.0531,1,0.0192,1.0601,35.3239,BHARTIARTL,2021-11-01,0,-1.0582
7.4988,32,3.5174,0.3939,61.7754,9.2934,2.7047,0.0566,0,-0.0244,1.2407,40.9852,BHARTIARTL,2021-11-22,0,-5.3745
7.4466,14,1.6545,0.9123,65.9715,11.3973,1.7867,0.0308,1,0.0411,1.2185,11.6143,BHARTIARTL,2022-01-12,0,-5.6529
3.3673,249,1.7584,0.8987,68.9208,9.397,1.4899,0.061,1,0.0341,0.9665,3.7649,BHARTIARTL,2023-05-25,0,5.6892
3.6894,14,2.7394,0.7562,66.0868,11.296,2.1718,0.0763,0,-0.0072,1.193,22.5433,BHARTIARTL,2024-04-18,0,2.3316
7.2483,47,1.6652,0.9584,63.8551,11.0503,2.4441,0.0363,1,0.0146,1.1205,15.3798,BHARTIARTL,2024-12-13,0,-4.7558
3.7707,87,2.8003,0.5755,59.8002,10.8912,2.5824,0.0382,0,-0.0082,1.188,-1.2922,BHARTIARTL,2025-02-07,0,-5.7145
3.286,31,2.4152,0.836,69.0947,11.1168,1.6505,0.0492,1,0.0262,1.165,16.6371,BHARTIARTL,2025-06-20,0,0.1466
8.7995,17,2.6748,0.8761,68.4334,10.5537,3.0965,0.1089,1,0.0325,1.0,32.6619,BHARTIHEXA,2024-08-30,0,3.8775
10.1795,0,1.5745,0.7633,62.7571,8.2565,3.5934,0.0477,1,0.0146,1.2896,33.6265,BHARTIHEXA,2024-12-13,0,-9.8596
13.0128,0,6.6577,0.6187,66.9512,10.2639,3.8474,0.087,0,-0.0072,1.3125,37.2697,BHARTIHEXA,2024-12-18,0,-10.9961
9.7563,3,9.4829,0.8375,61.2437,21.5787,5.2151,0.0379,0,-0.0082,1.3232,4.8798,BHARTIHEXA,2025-02-07,0,-13.9374
9.8707,2,1.6443,0.752,61.8058,12.2301,4.9251,0.063,0,-0.0263,1.2991,2.8266,BHARTIHEXA,2025-03-11,0,-14.5299
9.1936,7,5.7141,0.7018,67.605,12.7853,3.6984,0.1268,1,0.0375,1.2462,45.1926,BHARTIHEXA,2025-06-27,0,-10.8161
6.6237,48,4.108,0.8276,56.9383,13.8989,2.8728,0.0086,1,0.0109,1.1052,-0.7305,BHARTIHEXA,2025-10-07,0,-3.4422
11.1469,0,2.1157,0.8735,64.5587,8.9952,2.975,0.0702,1,0.036,1.1088,8.1188,BHARTIHEXA,2025-10-27,0,-8.826
10.7523,0,2.7925,0.7094,66.548,10.318,2.0231,0.0434,1,0.0297,0.9637,-16.8431,BHEL,2017-01-18,1,31.4876
6.5052,10,9.8504,0.3309,61.8323,8.7661,2.3592,0.0169,1,0.018,0.7431,-21.6027,BHEL,2017-09-14,0,-5.1947
4.7069,21,1.7342,0.6711,64.9311,8.9706,2.3009,0.0351,1,0.0208,1.0,14.2989,BHEL,2018-01-01,0,-1.8553
9.0448,3,2.1743,0.9022,56.1372,9.2037,3.7149,-0.0051,1,0.0339,0.6976,-15.6232,BHEL,2018-07-24,0,-1.6768
7.6175,6,4.5159,0.9216,67.9957,14.6978,2.8099,0.1116,1,0.0435,0.7896,-9.0187,BHEL,2018-08-24,0,-10.1791
9.0758,20,2.8108,0.913,67.687,13.8856,3.486,0.0567,1,0.0897,0.822,-18.2529,BHEL,2020-11-23,0,1.7981
8.8173,8,1.6613,0.8485,57.856,10.9404,3.2266,-0.0135,1,0.063,0.9241,2.2026,BHEL,2021-09-14,0,-8.3647
9.1086,6,2.9953,0.8642,62.5104,9.7223,3.5981,0.0598,1,0.0615,1.0105,-16.816,BHEL,2021-09-28,0,6.1987
6.7587,9,2.8884,0.9263,57.8224,15.9712,3.1834,0.0077,1,0.0326,0.8305,-15.4631,BHEL,2022-04-01,0,-5.9761
6.6134,6,2.567,0.8923,69.511,8.5273,2.5801,0.1361,1,0.0935,0.991,-0.6189,BHEL,2022-08-18,0,2.765
7.6118,11,5.0945,0.693,66.007,12.3358,3.1953,0.1502,1,0.0575,1.1333,5.6066,BHEL,2022-08-25,0,0.2845
7.3101,32,3.7839,0.9286,69.8974,12.4687,2.7511,0.1173,1,0.0478,1.0954,29.7278,BHEL,2023-07-05,0,2.1402
7.0472,6,4.416,0.913,57.0281,8.9246,2.453,-0.0235,1,0.0038,1.0733,5.4243,BHEL,2025-09-11,0,0.702
5.8262,35,9.704,0.3926,62.4822,11.6852,3.1089,0.0277,1,0.0063,1.0,-5.3337,BIKAJI,2023-04-19,0,14.7251
7.2286,11,4.5026,0.5213,69.8779,9.7069,3.4771,0.1198,1,0.0546,0.939,22.9924,BIKAJI,2023-07-19,0,2.649
5.1409,16,3.5252,0.8293,65.913,12.437,2.9075,0.1131,1,0.0057,1.2561,36.9699,BIKAJI,2023-09-05,0,-9.7087
6.3075,35,2.4366,0.8322,60.8795,10.5375,2.8384,0.026,0,-0.0076,1.2628,18.9869,BIKAJI,2023-11-06,0,7.9498
4.2834,14,3.6691,0.7575,61.7037,14.5917,2.9145,0.0538,1,0.0045,0.9105,-0.1098,BIKAJI,2024-05-16,1,56.16
5.9206,19,7.8019,0.1315,63.6569,9.5503,3.4411,0.0688,1,0.0275,0.8723,-4.1441,BIKAJI,2024-05-24,1,53.287
4.6526,21,7.7835,0.5191,64.9121,8.6882,3.5122,0.0839,1,0.0368,1.1154,52.6362,BIKAJI,2024-08-02,0,15.3425
8.069,24,2.5976,0.8541,69.7205,10.2542,4.1185,0.1334,1,0.0162,1.2037,60.7537,BIKAJI,2024-08-07,0,6.8799
7.339,11,4.1526,0.8013,65.7693,8.9232,4.2621,0.1553,1,0.0251,1.6315,80.0015,BIKAJI,2024-09-18,0,-9.3259
5.9176,29,6.0343,0.5317,58.1772,13.1785,2.0111,0.023,1,0.0085,1.0027,10.7489,BIKAJI,2025-07-16,0,-3.6839
7.7745,14,3.0843,0.9072,68.0581,10.4773,2.5406,0.1057,1,0.0051,1.4024,13.5694,BIOCON,2017-01-09,0,2.7839
5.8225,39,9.3851,0.7216,61.2781,24.4701,2.8628,0.0518,1,0.0299,1.0798,24.6004,BIOCON,2017-04-25,0,-12.3308
8.5262,14,8.3676,0.8953,67.0674,25.7281,3.2769,0.1045,1,0.0276,0.9108,-1.2564,BIOCON,2017-07-12,0,-4.0089
8.7646,26,4.1801,0.9074,63.031,12.9872,3.0253,0.0671,1,0.0073,0.9207,17.0202,BIOCON,2017-10-10,0,-7.4073
10.4927,0,4.2216,0.7115,69.5263,9.1487,3.8243,0.1521,1,0.0393,1.0481,23.9519,BIOCON,2017-11-03,1,56.3623
4.1534,15,5.3393,0.811,68.3131,11.0547,2.8535,0.1521,1,0.047,1.2891,66.7936,BIOCON,2018-01-19,0,-1.5293
9.4561,21,2.8359,0.793,58.6564,10.986,3.0401,0.0424,1,0.0236,0.9153,-4.299,BIOCON,2018-09-05,0,-1.9282
11.3328,0,3.2089,0.879,68.1021,9.4457,3.2167,0.1064,1,0.0276,0.9823,-0.5264,BIOCON,2018-09-06,0,-7.3931
10.4402,0,1.798,0.8644,67.9233,11.2437,3.9578,0.1804,1,0.0938,1.7865,36.9206,BIOCON,2020-06-01,0,-0.1529
3.4243,68,2.6232,0.9396,65.1976,12.7079,1.5344,0.0223,1,0.0574,0.7739,2.2095,BIOCON,2021-06-08,0,-3.8386
7.7725,7,2.3799,0.9028,59.8969,14.1213,2.1812,0.0054,1,0.0736,0.8062,-1.1544,BIOCON,2021-09-16,0,-9.6321
7.8108,9,2.6955,0.9575,61.5197,13.3616,2.3684,0.0223,1,0.0165,0.7727,-10.3247,BIOCON,2021-11-15,0,-3.5199
7.3158,11,2.3675,0.8132,64.5154,13.7139,3.7086,0.0781,0,-0.0175,0.857,0.2882,BIOCON,2021-12-08,0,-2.111
7.0288,16,3.2861,0.9602,65.0924,11.396,2.8298,0.0446,1,0.0153,1.1499,0.2681,BIOCON,2022-04-21,0,-9.0786
7.8167,12,3.1455,0.9175,67.3223,9.2568,2.6464,0.0896,1,0.0203,1.0745,32.9485,BIOCON,2023-08-08,0,-6.9239
6.005,35,1.8241,0.8527,68.4812,9.8557,1.9563,0.064,1,0.0237,1.0925,15.1168,BIOCON,2023-09-11,0,-7.7966
5.7337,19,1.8044,0.9364,66.6665,14.1527,1.9483,0.0428,1,0.0582,0.9322,-2.5411,BIOCON,2023-12-13,0,3.2585
8.5924,12,1.6725,0.8964,63.1475,12.0607,4.4693,0.1431,1,0.0168,1.2319,20.5179,BIOCON,2024-06-06,0,0.6708
9.8833,13,2.8946,0.864,68.8258,9.506,2.5727,0.0779,1,0.0267,1.221,31.1898,BIOCON,2024-09-04,0,-7.6364
4.7659,29,3.3052,0.9134,65.436,8.8892,2.1018,0.0663,1,0.0377,0.9391,-1.5143,BIOCON,2025-06-11,0,4.9923
8.0701,5,4.4761,0.9875,67.8408,8.6695,4.7136,0.0705,0,-0.0219,1.0,88.034,BLS,2016-12-08,0,-0.3852
4.5145,13,4.7869,0.6733,59.2209,8.0592,3.6211,0.0998,1,0.0208,0.8629,5.8515,BLS,2017-06-21,0,-6.7322
10.2381,0,7.352,0.9602,69.6295,12.7224,4.1499,0.1492,1,0.0117,0.9463,17.5754,BLS,2017-07-04,0,-15.706
8.5823,10,12.3195,0.4817,65.1966,11.4594,4.8746,0.0447,1,0.0165,1.2362,45.1674,BLS,2017-12-20,0,-3.3637
6.2608,18,3.6837,0.6667,66.2203,21.609,3.1537,0.0618,0,-0.0222,0.8314,-33.5619,BLS,2019-09-09,0,-8.5006
10.179,0,9.8377,0.2,69.9429,12.1196,4.8932,0.1273,1,0.0352,0.8067,41.9863,BLS,2021-03-10,0,-15.0425
10.8833,0,5.7657,0.6327,65.096,17.0684,4.2373,0.1587,1,0.0637,2.3,57.2857,BLS,2022-08-30,1,33.2101
12.2469,0,2.7686,0.8544,67.9697,8.7,3.5633,0.0595,1,0.0124,1.2145,1.0428,BLS,2023-04-11,0,-1.669
9.3806,5,2.1134,0.7718,66.0716,8.161,2.9828,0.0905,1,0.0335,1.0255,6.5404,BLS,2023-06-14,1,52.8205
7.1266,24,4.3137,0.8499,66.1258,8.8493,2.9962,0.0541,0,-0.0157,0.8702,-1.1993,BLS,2025-08-05,0,-10.5733
5.1508,63,2.1356,0.687,66.1618,12.4526,2.1616,0.047,1,0.0058,0.9289,1.3206,BLUEDART,2017-12-08,0,2.9324
10.7434,0,2.4188,0.5845,65.1716,9.4739,4.4649,0.0748,1,0.0329,0.7287,-8.6602,BLUEDART,2019-09-30,0,-11.4261
4.672,36,2.6702,0.861,64.3636,11.4145,2.2319,0.0391,1,0.1095,0.8809,-21.2639,BLUEDART,2020-07-21,0,-10.2783
4.6834,17,2.6682,0.8028,64.7915,8.5483,2.5354,0.0792,1,0.0887,1.5035,114.7223,BLUEDART,2020-12-28,0,-4.7945
5.8005,35,5.8936,0.6027,68.0581,15.3866,2.8622,0.0553,1,0.0716,1.4836,39.7474,BLUEDART,2021-01-21,0,-8.9094
6.0752,21,3.2483,0.758,60.605,15.0444,3.3263,0.0647,1,0.0395,1.0481,15.529,BLUEDART,2021-10-27,0,-1.6972
8.7912,24,4.2995,0.8545,68.639,8.3506,3.4749,0.1119,1,0.0192,1.0667,20.2487,BLUEDART,2021-11-01,0,-7.1205
8.0106,31,2.0727,0.8943,67.4175,8.0317,2.7917,0.0326,1,0.0246,1.0385,19.558,BLUEDART,2022-01-05,0,-3.6664
4.9336,30,2.6538,0.9313,62.3257,8.1803,2.6025,0.0342,1,0.0064,0.6865,-14.4803,BLUEDART,2023-04-10,0,-9.1524
5.1021,13,3.1521,0.7867,61.199,10.9605,2.1866,-0.0126,1,0.0229,0.9499,14.8645,BLUEDART,2023-09-12,0,-2.2779
7.3552,35,1.6629,0.9036,62.1027,12.0205,2.0108,0.035,1,0.0103,1.0584,-6.0375,BLUEDART,2023-11-24,0,1.4886
6.5385,9,2.9731,0.7966,56.1495,9.3328,3.7391,-0.0174,0,-0.0082,0.8604,-21.2536,BLUEDART,2025-02-07,0,-13.1064
10.5447,0,14.4421,0.7706,66.7887,16.8426,2.8301,0.0495,1,0.0298,0.8713,-12.4242,BLUEDART,2025-03-25,0,-16.8604
7.4661,7,16.6373,0.8174,67.7611,19.2778,2.4037,0.0437,1,0.0311,0.9533,15.4806,BLUEDART,2025-07-01,0,-5.0332
4.9091,13,12.9131,0.1497,58.8713,10.6478,2.2218,-0.0135,1,0.0078,0.8031,-3.0075,BLUEDART,2026-01-01,0,-5.155
7.3922,8,4.93,0.7035,63.2056,9.1874,4.4121,0.1087,1,0.0438,1.0501,28.1551,BLUEJET,2024-07-23,0,7.721
7.6024,8,3.2592,0.8127,62.6674,9.4999,3.7134,0.1178,1,0.0106,1.3204,32.4623,BLUEJET,2024-09-06,0,-8.5785
7.9514,12,3.1789,1.0,64.2106,13.9176,4.8624,0.1365,0,-0.0276,1.437,22.8221,BLUEJET,2025-01-29,0,15.2048
12.5855,0,4.9198,0.8978,63.4765,9.1754,5.2458,0.0716,1,0.0701,1.4889,45.242,BLUEJET,2025-05-15,0,0.3858
6.3108,18,4.3406,0.7627,62.3036,9.9334,4.1643,0.0872,1,0.0073,1.1213,29.0271,BLUESTARCO,2017-10-10,0,-9.2948
6.342,16,3.3342,0.7527,65.5269,8.7497,3.0774,0.026,0,-0.0252,0.9825,-2.4485,BLUESTARCO,2018-03-05,0,-5.9175
5.2074,21,2.0407,0.4901,58.3937,12.4713,2.9942,-0.0128,1,0.0215,0.8292,-9.5825,BLUESTARCO,2018-07-11,0,-4.3151
11.2081,0,2.3531,0.8786,65.4067,11.0208,4.3233,0.0621,0,-0.0244,1.3325,14.7427,BLUESTARCO,2019-08-27,0,2.1513
8.4018,13,2.2054,0.6055,66.7194,16.7506,3.818,0.0971,1,0.0144,1.1915,6.6605,BLUESTARCO,2019-09-20,0,0.8223
4.3229,51,2.2084,0.6958,67.3432,13.0599,2.232,0.0415,1,0.0167,1.1021,20.1815,BLUESTARCO,2019-12-31,0,-4.7254
4.5226,33,3.611,0.8351,61.2031,17.4813,2.6107,0.0139,1,0.0625,0.669,-4.3363,BLUESTARCO,2020-08-06,0,16.3653
5.8007,35,1.897,0.6545,63.1483,8.4975,2.7667,0.0299,1,0.0629,0.6867,5.4098,BLUESTARCO,2020-08-10,0,14.557
5.0459,65,3.1096,0.6551,60.7303,10.4964,2.6706,0.031,0,-0.0327,1.298,15.9786,BLUESTARCO,2023-02-01,0,11.2763
6.1873,49,3.5314,0.861,68.3281,15.3157,2.1846,0.0417,1,0.0117,0.9685,9.0934,BLUESTARCO,2023-09-07,0,8.7013
8.3527,2,7.884,0.5227,63.3372,14.6898,3.8807,0.0923,1,0.0576,1.6088,32.5392,BLUESTARCO,2024-07-05,0,-9.3349
7.5368,16,3.2867,0.7333,67.1876,13.264,3.2715,0.1048,0,-0.0056,0.8938,-1.9008,BLUESTARCO,2025-08-18,0,-2.253
9.793,10,1.6937,0.6149,69.5577,9.1575,3.0131,0.1265,1,0.058,0.9275,-0.2022,BOSCHLTD,2017-02-01,0,0.2958
6.6774,28,1.6084,0.931,61.4285,9.2418,2.2051,0.0092,1,0.0284,0.8726,-5.9958,BOSCHLTD,2017-10-16,0,-5.9883
7.7634,19,2.0469,0.8828,58.2752,8.0684,3.7831,0.0312,1,0.0436,0.8004,-13.2396,BOSCHLTD,2019-09-23,0,-12.7289
7.1742,4,2.7305,0.8653,65.3934,11.4867,2.9419,0.0946,1,0.041,0.8683,-0.3481,BOSCHLTD,2019-11-21,0,-4.2379
8.3348,9,3.7881,0.8972,69.3217,11.4486,3.5434,0.1732,1,0.0613,1.0887,53.7266,BOSCHLTD,2020-08-12,0,-9.4514
7.65,15,5.0252,0.7867,64.395,17.6566,3.748,0.052,1,0.0976,0.9314,-1.2911,BOSCHLTD,2020-11-24,0,-6.2396
7.7721,14,1.9589,0.8064,67.5559,8.695,3.179,0.1001,1,0.0793,0.7681,8.1914,BOSCHLTD,2021-01-07,0,4.2387
11.3918,0,6.1161,0.9,69.0299,8.7655,2.6365,0.1041,0,-0.0292,1.0151,-2.9609,BOSCHLTD,2022-06-29,0,7.8656
5.5183,86,3.9309,0.761,67.3679,10.5833,2.299,0.0352,0,-0.0023,0.9904,12.5424,BOSCHLTD,2023-02-15,0,6.3562
7.0467,100,2.4306,0.8737,69.213,9.4695,2.3006,0.0815,0,-0.0054,1.0855,17.4654,BOSCHLTD,2023-03-08,0,0.0887
5.1704,8,2.7595,0.7544,60.613,12.1282,2.0815,0.0064,1,0.0233,1.0361,17.2436,BOSCHLTD,2024-09-05,0,6.6463
5.2362,43,2.2752,0.8271,57.8337,11.873,2.4249,0.0006,0,-0.0187,1.2299,8.9044,BPCL,2016-12-29,0,5.5102
6.1359,11,2.3179,0.8877,64.5466,11.8393,2.1649,0.0359,1,0.0304,1.058,8.6206,BPCL,2017-04-07,0,1.8007
11.1244,0,1.9646,0.8882,69.0497,11.037,2.5099,0.0693,1,0.0355,0.9956,20.0291,BPCL,2017-10-26,0,-9.2853
5.0518,14,2.4696,0.869,64.7351,8.3049,2.6933,0.135,1,0.0457,1.3806,50.6917,BPCL,2019-11-20,0,-11.4253
6.8495,68,2.5398,0.7913,62.5285,9.1675,3.1094,0.0423,0,-0.0031,1.3748,7.8461,BPCL,2020-02-05,0,-10.4331
4.55,13,2.2858,0.8857,59.7187,12.691,3.0651,0.0409,1,0.0248,1.0252,25.16,BPCL,2020-09-10,0,-11.1879
6.864,8,1.7374,0.8643,56.3083,10.7363,2.9289,-0.0226,1,0.0465,0.8894,-3.6433,BPCL,2020-11-05,0,-0.1182
8.3494,22,1.7306,0.8527,62.1759,8.2211,2.2356,0.0715,1,0.0002,0.9322,1.0382,BPCL,2022-04-20,0,-6.8646
7.3759,34,1.5481,0.9049,67.1719,8.306,2.2364,0.082,1,0.0893,0.9123,-8.9737,BPCL,2022-08-16,0,-6.0805
3.9022,30,2.8256,0.9127,65.3034,10.513,1.7267,0.0409,1,0.0441,0.8683,5.2004,BPCL,2022-11-24,0,2.0576
6.1411,17,1.9932,0.8936,62.4746,8.9672,3.2937,0.041,1,0.0168,1.6507,41.3474,BPCL,2024-05-02,0,-5.4477
9.1915,38,1.8777,0.4093,62.7769,11.446,3.057,0.0918,1,0.038,1.4457,40.8798,BPCL,2024-06-03,0,-9.6813
8.9787,16,3.294,0.8675,67.8253,13.3654,2.5981,0.0877,1,0.049,1.0623,17.7221,BPCL,2024-09-27,0,-8.6872
4.9172,24,3.4264,0.9542,67.003,9.4087,2.1759,0.0895,1,0.0377,1.0986,31.9305,BPCL,2025-06-11,0,-7.7156
6.543,49,2.0614,0.9333,66.043,13.0055,2.1602,0.0497,0,-0.0089,1.1905,9.6282,BPCL,2025-09-29,0,9.9678
6.0596,26,2.1402,0.8824,68.0147,10.7632,2.1317,0.0676,1,0.0074,1.1713,22.516,BPCL,2025-12-31,0,-6.8025
5.3678,43,3.9908,0.559,65.9742,8.8236,3.0477,0.0733,1,0.0183,1.0,0.0,BRIGADE,2016-09-23,0,-12.4247
4.6882,34,2.0222,0.8305,60.486,8.3801,1.4381,0.025,1,0.0268,0.9526,-8.6994,BRIGADE,2017-01-23,1,54.3671
7.935,53,9.1898,0.4907,65.2566,9.5607,3.669,0.0875,1,0.0561,0.9934,-3.0743,BRIGADE,2017-02-20,1,48.6564
9.5072,11,9.715,0.451,66.7359,15.1809,3.9337,0.0484,1,0.0195,1.001,-5.9208,BRIGADE,2018-04-25,0,-12.1714
7.6826,4,6.6907,0.4253,56.0757,13.8703,4.594,0.0125,0,-0.0635,0.8061,-13.7216,BRIGADE,2018-10-15,0,-12.6
6.8981,29,3.0012,0.5502,58.2673,8.9517,3.4529,0.0063,1,0.0213,1.0214,15.5321,BRIGADE,2019-03-06,0,7.6471
9.4988,30,4.0471,0.875,68.1675,9.9001,3.651,0.0635,1,0.0212,1.1054,28.8811,BRIGADE,2019-03-07,0,1.4367
11.0335,0,1.5161,0.9082,65.2919,8.1014,4.2374,0.0691,1,0.0272,1.2309,19.4882,BRIGADE,2019-05-24,0,6.7886
5.8533,11,3.716,0.6941,63.1387,8.0895,3.315,0.0809,1,0.0119,1.1796,27.6762,BRIGADE,2019-06-27,0,13.3539
5.6347,49,3.9915,0.6735,69.5297,12.2228,3.2659,0.1112,0,-0.014,1.2541,23.4097,BRIGADE,2020-01-31,0,-3.27
5.7731,63,3.642,0.5009,62.1683,11.3876,4.7377,0.0732,0,-0.0055,1.1947,26.2317,BRIGADE,2020-02-20,0,-10.8087
6.2245,14,3.414,0.6975,63.5292,12.6523,3.757,0.086,1,0.0629,0.6893,16.877,BRIGADE,2020-08-10,0,4.1484
5.9221,30,2.5063,0.8273,61.6636,8.0642,3.0703,0.0394,1,0.0064,0.9309,0.5015,BRIGADE,2023-04-10,0,12.9293
4.6211,7,1.7551,0.804,67.7779,8.8945,3.2191,0.1156,1,0.0394,1.1533,25.4124,BRIGADE,2023-05-31,0,5.5623
5.3473,57,1.7671,0.7541,57.5841,12.2936,3.5184,0.0412,1,0.0167,1.1081,30.3924,BRIGADE,2023-08-10,0,-2.3776
5.9037,73,4.2319,0.6238,68.1909,13.1059,2.8646,0.0864,1,0.0043,1.1877,27.0901,BRIGADE,2023-09-04,0,-7.9979
10.0994,0,4.1375,0.8612,69.9166,12.8077,4.0867,0.148,1,0.0067,1.5192,29.0606,BRIGADE,2024-05-06,0,9.6811
4.1569,27,2.2385,0.99,59.2493,14.3982,1.8703,0.0033,1,0.0242,1.0438,-13.3364,BRITANNIA,2017-01-11,0,3.2453
4.048,116,1.5405,0.8542,56.9186,9.4066,2.6956,0.0124,0,-0.0023,1.084,9.9186,BRITANNIA,2018-02-12,0,13.0524
3.2497,72,1.639,0.9337,67.4662,12.2822,2.0424,0.0703,1,0.0484,1.358,35.7458,BRITANNIA,2018-07-31,0,-0.8805
9.3102,56,3.0197,0.8024,60.1529,13.93,3.3312,0.0057,0,-0.0244,0.8977,-9.4778,BRITANNIA,2019-08-27,0,15.0161
5.1574,57,1.8367,0.7973,66.8639,10.5331,1.6907,0.0377,1,0.0106,1.0948,19.3636,BRITANNIA,2020-01-24,0,-4.4595
4.2146,14,5.5858,0.7417,60.6385,10.7292,1.9577,0.0089,1,0.0826,0.8358,-2.8864,BRITANNIA,2020-11-27,0,-3.4007
5.2495,22,1.5736,0.9411,67.0123,10.974,2.0335,0.0386,1,0.0946,0.8317,0.0927,BRITANNIA,2020-12-10,0,-4.5441
4.7518,91,1.5439,0.9569,61.0884,9.9215,1.9334,0.02,0,-0.0016,0.7668,1.5976,BRITANNIA,2021-03-22,0,1.4617
3.3889,23,7.3289,0.2139,56.8192,10.1648,3.3892,0.0277,0,-0.0241,0.9759,-3.4315,BRITANNIA,2022-05-04,0,-1.3534
3.952,38,2.3628,0.8464,56.9312,10.0666,2.0497,0.0096,1,0.0249,1.1853,16.8401,BRITANNIA,2022-09-21,0,20.3241
3.9981,44,4.9189,0.8985,66.8188,14.2927,1.9963,0.0477,0,-0.0324,1.189,20.448,BRITANNIA,2023-02-02,0,-4.0522
4.7319,77,5.6965,0.6433,67.7234,25.7453,2.045,0.0424,1,0.0067,0.9516,3.0613,BRITANNIA,2024-05-06,0,12.853
4.2297,5,2.4431,0.6892,65.1901,9.2767,2.2514,0.0728,0,-0.0234,1.0268,5.2038,BRITANNIA,2024-06-04,0,11.8967
4.9863,31,3.5974,0.101,56.423,9.3439,2.1333,0.0073,1,0.0126,1.0753,4.5351,BRITANNIA,2025-11-06,0,-3.9883
3.2333,98,1.9862,0.2493,57.8175,9.6604,2.4393,0.0126,1,0.0054,1.0499,0.8799,BRITANNIA,2026-02-11,0,-3.2871
7.5877,23,2.3783,0.8786,68.989,9.4318,1.8015,0.0,1,0.0268,1.0,0.0,BSE,2017-04-10,0,2.3188
4.223,16,6.9628,0.6514,68.4128,17.9942,2.0074,0.0823,1,0.0361,1.0,0.0,BSE,2017-05-16,0,-2.0532
3.7145,11,1.7657,0.7716,58.4144,10.112,1.8201,-0.0041,1,0.0129,0.9881,4.3737,BSE,2017-09-11,0,-5.7527
6.9202,97,2.2578,0.718,64.3884,8.6927,2.4663,0.0266,1,0.0304,0.8135,-1.3283,BSE,2018-01-12,0,-5.4064
2.1378,22,2.166,0.6847,61.7168,16.8583,1.284,0.0299,1,0.0124,0.8532,-11.5682,BSE,2018-05-25,0,-0.0072
4.492,9,4.8348,0.9191,61.5667,28.0728,1.9845,-0.0016,1,0.0054,0.9299,-1.6555,BSE,2018-09-17,0,-7.8381
5.8046,83,2.4139,0.9576,65.4604,17.1492,2.1217,0.0323,1,0.0154,0.8795,-1.0008,BSE,2019-03-05,0,0.782
2.616,62,3.6409,0.66,69.1819,12.7223,1.2753,0.0336,1,0.0119,0.9847,11.4424,BSE,2019-06-27,0,-2.9626
5.5928,23,3.5191,0.6923,67.6018,13.3341,2.1497,0.0244,1,0.0241,0.8217,10.1159,BSE,2020-01-02,0,0.6024
4.928,4,2.7175,0.6124,61.9901,9.3558,2.3888,0.0688,1,0.0009,1.0289,-3.629,BSE,2020-02-06,0,-4.7011
7.7203,25,6.7725,0.8478,68.5383,13.242,2.946,0.104,1,0.0436,1.1804,53.3367,BSE,2020-09-02,0,-6.0173
11.2681,0,4.8527,0.87,67.1386,11.3209,3.6776,0.057,1,0.0867,1.0499,16.3701,BSE,2020-11-20,0,6.0832
6.4736,9,4.3125,0.8662,66.23,12.7658,3.4432,0.1724,1,0.0275,1.3986,63.4843,BSE,2021-07-02,0,16.2594
10.431,0,4.3292,0.7653,68.3807,10.1719,3.5857,0.1261,1,0.0508,1.8725,45.966,BSE,2021-10-08,0,-5.7056
11.6416,0,3.1022,0.9134,67.8743,9.8909,3.7954,0.0857,1,0.0251,2.8558,100.0602,BSE,2024-02-01,0,-12.8671
10.3826,0,3.5437,0.9163,68.1249,15.4164,4.3982,0.1841,1,0.0055,1.796,112.2533,BSE,2024-12-05,0,-4.2678
7.9352,2,3.5951,0.8534,69.0493,13.8609,3.1091,0.1652,1,0.0115,1.155,-3.5055,BSE,2025-11-07,0,0.977
7.7962,27,1.6224,0.4948,57.547,10.0959,3.701,0.0443,0,-0.0046,1.1422,34.8035,BSE,2026-02-03,0,-3.0967
4.2152,32,1.6133,0.8496,57.765,10.7068,2.4772,0.0339,1,0.007,1.0,0.0,BSOFT,2016-09-28,0,-9.3088
4.4005,62,2.4419,0.8207,59.465,10.9104,2.4197,0.0175,1,0.0578,0.9853,7.4261,BSOFT,2017-02-23,0,-7.4893
7.4346,8,3.9711,0.887,58.5982,13.5506,3.1157,0.0142,1,0.0205,0.8384,-3.4707,BSOFT,2017-09-12,1,31.4959
9.0214,24,3.0293,0.78,65.4773,8.3037,3.2626,0.0889,0,-0.0056,0.9571,11.8624,BSOFT,2017-10-05,1,25.332
6.8001,6,3.5487,0.7854,67.7773,8.5969,2.9814,0.1318,1,0.004,1.538,31.3212,BSOFT,2018-05-24,0,-6.8741
8.2712,30,2.487,0.9177,66.3934,10.593,3.4034,0.0811,1,0.0392,0.8088,-24.6091,BSOFT,2018-12-19,0,-9.8281
7.2872,5,2.824,0.6667,59.9406,10.3438,3.635,0.0244,1,0.0897,1.9257,79.9392,BSOFT,2020-11-23,0,24.5385
9.5629,9,3.0089,0.8367,61.7111,10.1811,3.8688,0.0473,1,0.0826,1.9282,89.0141,BSOFT,2020-11-27,0,18.8564
5.7603,55,2.4418,0.7694,63.3123,13.9291,3.2573,0.0629,1,0.0595,1.501,70.8561,BSOFT,2021-09-22,0,-9.7507
7.2494,28,2.3907,0.8867,57.8697,9.3485,3.1096,0.0255,1,0.0441,0.7489,-14.2318,BSOFT,2022-11-24,0,2.4881
8.0024,18,2.1151,0.9087,66.0666,8.4807,2.7315,0.0531,1,0.0418,1.0513,-3.9652,BSOFT,2023-05-04,1,46.1036
4.7785,13,2.7353,0.7835,66.102,8.5748,2.5517,0.117,1,0.0253,1.1927,22.7091,BSOFT,2023-06-27,1,38.3471
6.8716,24,2.793,0.7514,63.1242,8.2797,2.8116,0.08,1,0.0389,1.1491,31.4805,BSOFT,2023-07-13,1,33.9142
6.4535,8,3.0374,0.9248,67.4809,12.7314,2.7312,0.1257,1,0.0569,0.9137,-7.7195,BSOFT,2024-07-12,0,-8.5177
8.0463,16,2.5376,0.9127,65.2093,10.4911,2.9149,0.086,1,0.0253,0.7276,-15.72,BSOFT,2025-06-25,0,-8.4563
8.2699,4,14.4088,0.6962,62.0573,17.3212,2.5768,0.0311,1,0.0352,0.9038,-8.1954,BSOFT,2025-10-23,0,11.9548
6.7774,10,3.9875,0.9137,64.9862,10.0851,2.7808,0.0973,1,0.0176,0.9758,0.7973,BSOFT,2025-12-02,0,3.0118
9.1054,25,1.526,0.7992,61.8068,8.1439,3.8177,0.0617,0,-0.0046,1.0815,20.9329,BSOFT,2026-02-03,0,-6.9167
5.038,16,3.1136,0.8939,58.97,17.6636,2.2109,-0.0207,1,0.0094,1.1474,5.4586,CAMS,2021-11-16,0,-6.9037
8.9835,6,2.3222,0.8419,66.1119,8.3248,2.0802,0.0585,1,0.0501,0.9367,1.6934,CAMS,2022-09-09,0,-2.304
2.9938,69,2.9323,0.6047,61.6307,16.8569,1.6707,0.0263,0,-0.0147,1.0174,-10.8551,CAMS,2023-03-03,0,-4.7735
3.295,27,1.7179,0.6702,58.4073,10.1103,1.8941,0.005,1,0.0359,0.9142,-3.423,CAMS,2023-05-22,0,17.6269
5.8076,81,2.3585,0.4217,65.1211,10.9597,2.3055,0.0602,1,0.0227,0.9503,11.4661,CAMS,2023-08-07,0,-0.849
6.3698,34,2.5285,0.7474,67.5186,13.8073,2.452,0.051,1,0.0283,1.1354,11.987,CAMS,2024-01-31,0,-1.6627
7.2763,49,2.3709,0.7144,64.7129,10.8274,3.3374,0.0787,1,0.0199,1.039,24.8204,CAMS,2024-02-21,0,-5.0224
10.444,0,4.288,0.8468,60.7952,8.153,4.7974,0.0914,1,0.0218,1.1261,12.9351,CAMS,2024-04-02,0,-4.6537
9.8918,21,2.5504,0.9002,69.7567,8.4338,3.1234,0.1549,1,0.0589,1.3359,33.6025,CAMS,2024-07-09,0,0.0683
13.0872,0,1.9738,0.9334,65.4366,17.0336,3.5087,0.0375,0,-0.0032,0.9435,-17.3203,CAMS,2025-03-19,0,-12.9418
5.9527,19,2.0902,0.8939,62.3523,8.8674,1.9556,0.0242,1,0.0177,1.0491,10.1403,CAMS,2025-09-17,0,-3.3146
5.3065,56,2.1086,0.6714,58.254,8.5909,2.5936,0.0294,1,0.0239,1.0473,-5.2507,CAMS,2025-11-12,0,-5.8354
4.3359,23,3.276,0.4741,60.0403,9.3594,2.8531,0.0226,1,0.0588,0.6222,15.0871,CANBK,2020-08-19,0,-5.9333
8.0019,17,2.7251,0.7158,66.3004,8.1035,2.6257,0.0371,1,0.0854,0.8298,-8.1983,CANBK,2020-11-10,0,10.557
9.5819,28,3.7127,0.3676,62.9474,8.4009,2.9534,0.0618,1,0.0785,0.8003,-7.2115,CANBK,2020-11-25,0,10.9576
9.4513,9,1.7787,0.936,59.3605,9.8413,2.7055,0.0049,0,-0.0147,1.2492,7.3892,CANBK,2023-03-03,0,-6.3374
5.1844,36,3.4876,0.8692,68.2983,13.9116,2.0863,0.0699,1,0.0476,0.9825,12.2624,CANBK,2023-07-03,0,17.2279
6.0655,15,3.1563,0.7368,58.9642,12.6447,3.035,0.0714,0,-0.0276,1.205,25.3663,CANBK,2023-10-27,0,9.1256
9.5551,26,1.606,0.9358,69.4665,9.3353,2.6359,0.0978,0,-0.0064,1.3114,25.7423,CANBK,2023-11-13,0,2.1716
8.8671,9,1.8225,0.9176,63.3308,8.5663,2.4936,0.0224,1,0.0298,0.916,-10.0296,CANBK,2025-03-24,0,-1.3015
6.2902,11,3.4924,0.7544,65.0587,9.089,3.0678,0.1194,1,0.0511,1.23,13.3052,CANFINHOME,2017-03-14,0,23.2193
9.8336,5,3.0758,0.7859,67.5524,8.0362,3.7977,0.129,1,0.0339,1.4675,68.0633,CANFINHOME,2017-06-07,0,3.3044
8.128,22,3.6784,0.9201,62.555,12.275,3.7762,0.0554,1,0.0152,0.7217,-11.6504,CANFINHOME,2017-12-21,0,-10.7255
9.675,25,2.0878,0.8367,64.4961,8.0606,3.4674,0.0523,1,0.0443,0.8236,-28.973,CANFINHOME,2018-07-27,0,-12.4736
9.4945,4,3.1755,0.7763,56.9996,8.6905,5.655,0.0142,0,-0.0023,0.8831,13.4841,CANFINHOME,2019-02-21,0,20.3975
10.5938,0,2.0811,0.8027,63.8177,14.9175,4.539,0.0885,1,0.0311,1.1518,26.4151,CANFINHOME,2019-05-20,0,6.5035
8.0098,34,5.8368,0.8083,66.0665,8.7268,3.486,0.0824,1,0.0603,1.3242,20.6153,CANFINHOME,2019-11-04,0,-11.6149
7.1821,56,4.5959,0.8474,63.8991,9.8412,3.2785,0.0635,1,0.0254,1.1949,12.1688,CANFINHOME,2019-12-05,0,-9.1486
6.9084,55,2.6268,0.6852,65.0057,8.53,3.3315,0.07,1,0.0736,1.0022,36.4866,CANFINHOME,2021-01-19,0,-10.6231
10.0349,0,3.9291,0.8617,66.0259,9.3831,3.8603,0.087,1,0.0317,1.0902,16.7512,CANFINHOME,2021-03-09,0,-2.3047
4.8884,33,5.5876,0.9133,66.7393,17.0748,1.9685,0.0511,1,0.0227,0.9949,16.305,CANFINHOME,2021-07-13,0,-7.385
7.9433,41,4.1206,0.8253,62.3381,10.7893,2.8922,0.0568,1,0.0121,1.0075,-6.3113,CANFINHOME,2021-07-26,0,-10.0929
9.0567,2,3.582,0.5806,55.9196,10.8408,4.6997,0.0486,0,-0.0191,1.0447,3.0453,CANFINHOME,2022-01-28,0,-10.0988
10.0791,0,2.9532,0.9417,66.5049,8.6,4.6979,0.1356,1,0.0197,1.1036,-1.7253,CANFINHOME,2022-02-02,0,-16.1793
5.5901,20,2.2137,0.9016,60.609,9.7046,2.4135,0.0411,1,0.0452,1.0419,15.7914,CANFINHOME,2022-11-25,0,-4.1145
6.1853,66,1.7189,0.9211,58.9862,9.2053,3.1388,0.049,0,-0.0309,0.9297,3.0231,CANFINHOME,2023-01-31,0,-4.7369
5.8577,68,3.8824,0.9164,67.9785,9.2267,2.1998,0.0707,1,0.0345,1.0547,-2.1117,CANFINHOME,2023-12-01,0,-6.1882
6.2447,5,2.7777,0.862,64.6144,11.2323,2.9095,0.0652,1,0.0291,1.0277,18.6788,CANFINHOME,2024-09-12,0,-7.6626
7.7962,2,2.8538,0.8078,64.406,8.7606,3.4152,0.0949,1,0.0206,0.8638,-17.3843,CANFINHOME,2025-04-16,0,13.0442
8.0914,45,5.5644,0.7269,68.9029,10.3364,2.5139,0.0925,1,0.0356,1.0677,3.8392,CANFINHOME,2025-10-20,0,5.2198
9.8251,13,3.5602,0.6955,68.7468,9.1572,3.5106,0.1433,0,0.0,1.0,0.0,CAPLIPOINT,2016-09-06,0,-5.8337
7.4655,2,2.0471,0.7777,66.3687,12.4957,3.9783,0.1303,1,0.0053,1.0,0.0,CAPLIPOINT,2016-10-03,0,17.8571
5.1334,17,1.8882,0.6011,59.4368,11.1098,2.8193,0.0011,1,0.0407,1.471,16.4455,CAPLIPOINT,2017-04-03,1,36.5461
3.7955,39,2.9673,0.4381,55.2276,10.5421,2.9374,0.0169,1,0.0212,0.9534,16.796,CAPLIPOINT,2017-05-08,1,49.6212
5.4356,61,5.1538,0.8639,68.7454,29.0616,2.6284,0.0345,1,0.0166,0.8986,1.4632,CAPLIPOINT,2018-01-04,0,-7.6344
5.903,23,10.8909,0.669,67.4258,28.5284,2.2945,0.0299,1,0.0092,1.002,-5.689,CAPLIPOINT,2019-01-11,0,-8.4855
10.304,0,4.5003,0.8967,63.3488,15.7597,3.5581,0.0416,1,0.0579,1.1335,7.4915,CAPLIPOINT,2019-10-31,0,-13.5558
11.9856,0,8.591,1.0,63.7086,30.7919,4.8503,0.0832,0,-0.0031,0.7311,-23.2687,CAPLIPOINT,2020-02-05,0,-15.4662
8.7832,9,3.0642,0.6216,59.0597,8.5355,3.262,0.0009,1,0.0977,1.1069,26.095,CAPLIPOINT,2020-12-07,0,-9.5694
9.4956,10,2.92,0.7902,61.6845,14.0272,3.488,0.0378,1,0.0548,0.8598,-1.2588,CAPLIPOINT,2022-04-04,0,-9.1733
7.7095,3,5.392,0.8752,65.0799,9.4272,2.4008,0.062,1,0.0303,1.0278,5.6199,CAPLIPOINT,2022-07-20,0,-5.7917
5.5957,30,6.2412,0.894,67.7631,20.6479,2.3337,0.0483,1,0.0412,0.9486,9.696,CAPLIPOINT,2022-11-14,0,-7.5226
9.7929,6,3.784,0.8284,67.3049,20.9871,3.0842,0.0405,1,0.0063,0.9304,-11.1155,CAPLIPOINT,2023-04-19,0,20.8227
12.2461,0,4.3026,0.8501,67.6373,9.6834,3.6605,0.1255,1,0.0603,1.0289,-14.8352,CAPLIPOINT,2025-05-19,0,-6.8965
6.7727,49,4.8409,0.6575,66.0722,10.1235,3.6701,0.0954,1,0.0084,1.0,0.0,CARBORUNIV,2016-10-04,0,-11.2794
8.1747,11,5.092,0.8361,62.6424,9.1052,2.5947,0.0388,1,0.0242,1.1138,-2.3621,CARBORUNIV,2017-01-11,0,13.2849
4.2388,53,6.2165,0.8439,63.0664,20.2199,2.4899,0.0491,1,0.0486,0.9772,1.8203,CARBORUNIV,2017-03-15,0,6.4087
7.818,60,3.7361,0.6685,68.0987,9.2676,2.8232,0.0788,1,0.0365,1.0045,11.9085,CARBORUNIV,2017-03-24,0,1.9546
5.3511,48,2.579,0.7279,63.4124,8.5162,2.7914,0.0469,1,0.018,1.2002,23.2051,CARBORUNIV,2017-09-14,0,-8.2692
7.9483,16,6.4909,0.9367,66.6874,8.5958,2.3173,0.0926,1,0.0012,1.0168,2.806,CARBORUNIV,2018-09-11,0,-8.4679
3.8956,82,5.2804,0.7275,60.1275,9.5286,2.144,0.0146,0,-0.0015,1.061,-1.0643,CARBORUNIV,2019-02-27,0,-0.0785
6.0543,83,3.6134,0.8746,68.4938,8.3663,2.0174,0.0492,0,-0.0027,1.0918,1.3481,CARBORUNIV,2019-02-28,0,-1.9424
13.2744,0,4.7205,0.7,67.9214,8.3822,4.0187,0.0923,1,0.0436,0.8592,-6.0335,CARBORUNIV,2019-09-23,0,-2.5602
6.9833,25,4.0708,0.7139,69.5691,8.7511,3.0117,0.1017,1,0.0265,1.4022,21.8093,CARBORUNIV,2021-07-01,1,35.0133
13.9494,0,2.3693,0.901,69.4599,9.8667,3.5999,0.1383,1,0.0323,1.4821,38.7681,CARBORUNIV,2021-07-07,1,33.1489
6.3365,19,1.96,0.9028,63.8708,10.9079,3.9364,0.0878,0,-0.0197,1.4975,37.3298,CARBORUNIV,2021-12-29,0,-7.8374
9.367,39,6.6968,0.6745,65.0648,20.7352,3.7534,0.0483,0,-0.0301,0.8846,-9.8879,CARBORUNIV,2022-06-27,0,14.1676
6.7505,15,5.5015,0.7664,65.9621,10.5268,2.7946,0.0905,1,0.0501,1.0356,15.4924,CARBORUNIV,2022-09-09,0,-5.7014
6.7011,58,5.2586,0.9113,67.0548,9.7018,3.2731,0.0944,0,-0.0137,1.095,13.7286,CARBORUNIV,2023-01-04,0,-0.0939
11.006,0,3.2926,0.8297,65.4347,9.1143,3.1235,0.1108,0,-0.0137,1.1901,13.9835,CARBORUNIV,2023-02-10,0,-8.6911
7.474,42,3.6678,0.8313,65.2302,14.4414,2.9181,0.0547,1,0.0066,1.1603,23.8876,CARBORUNIV,2023-04-20,0,12.6724
6.5943,7,7.7628,0.2956,55.4632,8.774,3.2931,0.0173,1,0.0024,1.0834,4.4609,CARBORUNIV,2023-09-22,0,-8.3979
6.4994,7,4.6261,0.7937,66.7013,19.4894,2.8183,0.0289,1,0.011,0.9037,-1.9024,CARBORUNIV,2023-11-22,0,-5.7465
6.0238,11,4.3265,0.5881,57.6426,11.9835,3.1012,0.0293,1,0.0232,0.9055,-2.3921,CARBORUNIV,2024-01-24,0,-9.7027
5.2062,36,4.5683,0.6958,61.125,9.4954,2.7331,0.0152,1,0.0311,0.7352,-1.5645,CARBORUNIV,2025-07-01,0,-6.5189
7.6035,32,3.4519,0.8788,68.9406,25.7503,3.0669,0.0615,1,0.0195,1.3199,11.6856,CARTRADE,2024-02-26,0,-9.2104
10.9198,0,1.9074,0.8112,67.1266,8.7683,2.7381,0.052,1,0.0389,1.1417,23.1571,CARTRADE,2024-07-24,0,-3.0795
10.0676,0,1.6134,0.0801,65.4402,9.4526,4.4339,0.1065,0,-0.0032,1.9266,41.7088,CARTRADE,2025-03-19,0,-14.8117
9.9065,1,3.5378,0.7404,59.1905,11.916,3.8648,0.0394,1,0.0313,1.0143,10.7912,CARTRADE,2025-06-30,1,37.2833
5.9191,13,1.5949,0.8529,66.3631,8.2513,3.0963,0.0825,1,0.036,1.4557,56.8621,CARTRADE,2025-10-27,0,1.1237
5.2299,19,1.7269,0.9,64.7538,8.4695,2.0686,0.0615,1,0.0512,0.9919,-2.2246,CASTROLIND,2017-01-30,0,-2.4432
7.0133,33,2.2495,0.869,68.6865,10.1763,2.2703,0.095,1,0.0508,1.0256,-10.1837,CASTROLIND,2017-02-17,0,-6.5231
7.4047,10,2.5864,0.6945,64.0451,10.7513,1.9636,0.0224,1,0.032,0.8054,-1.8078,CASTROLIND,2017-10-25,0,0.29
6.5425,17,1.7383,0.9143,59.1309,9.4391,3.132,0.004,1,0.0017,0.9566,9.1699,CASTROLIND,2018-02-08,0,3.5367
8.5856,5,2.1781,0.9087,55.7545,10.7772,3.547,-0.0274,1,0.0193,0.8858,-0.9749,CASTROLIND,2018-06-07,0,-12.4753
7.645,41,2.1201,0.8922,62.909,11.9193,3.2065,0.0431,1,0.0443,0.9467,-12.7729,CASTROLIND,2018-07-27,0,-10.8116
5.8142,58,2.3205,0.8333,64.356,10.6729,2.1181,0.0553,1,0.0028,1.0022,0.3482,CASTROLIND,2019-01-14,0,-3.6432
6.8063,17,2.1667,0.8062,64.0926,8.298,2.3585,0.0156,1,0.0216,1.0628,14.4813,CASTROLIND,2020-01-17,0,0.9907
6.757,11,7.3997,0.3203,60.4781,18.3138,3.0867,0.0092,1,0.0167,0.7534,-6.4841,CASTROLIND,2020-10-28,0,10.3839
6.4401,39,2.6726,0.8092,63.5944,9.2503,2.7118,0.0676,1,0.0205,0.9158,23.9128,CASTROLIND,2021-03-01,0,-9.0306
8.4957,22,2.419,0.491,67.8373,8.5152,2.9986,0.0506,0,-0.0024,0.9817,9.567,CASTROLIND,2021-05-12,0,5.7517
7.1692,54,3.388,0.6053,65.8331,8.876,1.891,0.032,1,0.0736,0.9879,14.7566,CASTROLIND,2021-09-16,0,-5.7013
5.9261,72,4.4174,0.7091,68.7106,10.6647,2.6683,0.0775,1,0.0511,1.0012,12.4403,CASTROLIND,2021-10-12,0,-9.1644
3.864,29,2.144,0.8936,60.7941,8.3203,1.5535,0.0072,1,0.0452,0.7912,-5.113,CASTROLIND,2022-01-17,0,-5.8661
9.3191,3,1.6063,0.7292,67.9883,9.5563,2.1922,0.0692,1,0.0244,1.0307,10.2527,CASTROLIND,2022-07-26,0,0.8206
3.7576,34,4.2069,0.6396,69.9899,11.1833,1.8577,0.0714,1,0.0535,1.0656,17.4328,CASTROLIND,2022-09-12,0,-6.7823
2.2852,104,4.0154,0.7353,60.2301,15.5042,1.3874,0.0237,1,0.0289,0.9114,0.059,CASTROLIND,2023-06-12,1,36.4475
4.1693,31,3.6337,0.68,59.5278,9.1836,2.0208,0.0119,1,0.0103,1.175,8.6186,CASTROLIND,2023-11-24,1,43.6928
7.4086,44,6.3923,0.7712,69.2352,19.4486,2.6741,0.071,1,0.0695,1.1281,7.5972,CASTROLIND,2023-12-14,1,26.2771
6.954,27,8.1451,0.8192,65.2,14.6588,2.2122,0.0532,1,0.0385,1.1252,24.4555,CASTROLIND,2025-05-29,0,-5.6341
5.3905,2,3.0918,0.8781,67.1666,11.3014,2.8525,0.0,0,0.0,1.0,0.0,CCL,2016-07-25,0,-0.2685
9.2082,24,2.9081,0.9083,66.3501,9.591,4.0773,0.0727,0,-0.036,1.0,12.5658,CCL,2016-12-01,1,26.729
6.9157,38,10.4598,0.2581,68.4181,15.3587,2.9502,0.0629,1,0.0067,0.7753,-11.1531,CCL,2017-09-08,0,-2.8427
2.7748,10,3.6646,0.808,63.9715,9.7571,2.0397,0.071,1,0.0004,0.9964,1.3421,CCL,2018-12-11,0,-8.1927
4.9243,25,14.3853,0.6438,64.4934,13.0773,3.8565,0.0523,0,-0.0001,0.7954,-15.102,CCL,2020-01-29,0,3.9373
8.8734,18,2.8271,0.8416,61.6444,15.3488,3.4222,0.0801,1,0.0561,1.2031,1.1876,CCL,2020-05-28,0,15.0225
8.9438,11,4.0931,0.8973,69.7663,10.5365,3.7349,0.1629,1,0.0275,1.287,62.9197,CCL,2021-07-02,0,-2.9525
8.399,24,4.3263,0.8477,63.5843,12.5032,3.9192,0.1021,0,-0.0295,1.1719,9.016,CCL,2021-12-27,0,-5.5411
10.3159,0,3.9486,0.4165,66.5692,8.6701,4.8753,0.142,0,-0.005,0.9768,22.4509,CCL,2022-01-31,0,-13.3685
6.4047,12,2.8929,0.7987,62.9283,11.8907,3.0949,0.0452,0,-0.0301,1.0325,-17.4575,CCL,2022-06-27,1,40.1283
8.0481,20,9.5563,0.7954,63.4678,17.9809,3.2521,0.1199,1,0.062,0.9665,8.8647,CCL,2022-08-22,0,5.9904
6.3949,29,1.965,0.7363,64.9324,9.5763,2.5579,0.0412,1,0.0372,1.3528,37.1964,CCL,2022-11-07,0,-5.293
8.3443,64,7.5271,0.8358,65.6313,13.6444,3.4827,0.1047,0,-0.0048,1.2989,29.0672,CCL,2022-12-27,0,-0.9352
4.745,144,6.1923,0.602,66.8574,9.099,2.4098,0.0571,1,0.0177,1.2169,12.5255,CCL,2023-04-26,0,12.4372
4.215,79,3.7805,0.8094,68.1078,13.2126,1.9062,0.0458,1,0.0326,0.9956,0.3303,CCL,2024-01-29,0,-5.4355
5.9487,37,3.9378,0.7727,61.669,13.7245,2.5159,0.0295,1,0.026,0.8236,-5.5425,CCL,2024-05-27,0,19.3761
6.3757,46,1.9242,0.6381,61.4254,13.0314,3.2788,0.0397,1,0.0365,0.8009,-4.4752,CCL,2024-06-07,1,34.1059
10.102,0,15.6846,0.5192,64.1975,13.2762,3.4169,0.0317,0,-0.0226,1.1345,22.1054,CCL,2024-11-06,0,1.2881
6.8326,23,4.5326,0.4521,58.6055,8.9143,4.043,0.011,0,-0.0056,0.9674,-24.4419,CCL,2025-04-11,1,29.8791
8.6481,3,6.7101,0.4396,61.2553,8.3733,4.0359,0.0674,0,-0.0018,1.145,24.364,CCL,2026-02-23,0,7.0937
5.8586,21,2.1343,0.7105,63.3939,10.1529,3.5156,0.0909,0,-0.0791,1.3589,5.3456,CCL,2026-03-20,0,1.4332
7.4242,52,4.1181,0.8136,64.9439,8.6422,2.6033,0.055,1,0.0279,0.7774,13.2155,CDSL,2018-01-11,0,-9.7995
8.459,41,6.8609,0.7774,60.5364,20.1408,3.1437,0.0285,1,0.0114,0.8115,-17.8826,CDSL,2018-05-30,0,-9.9074
7.4556,8,1.9961,0.8026,65.8332,10.049,2.4952,0.0318,1,0.0154,0.9219,-2.9437,CDSL,2019-03-05,0,-3.8719
5.51,18,1.5873,0.8786,65.6932,9.6548,2.9308,0.0216,0,-0.0222,0.9096,-12.7584,CDSL,2019-09-09,0,9.9248
6.8618,17,8.1352,0.7489,67.2177,14.2398,3.0655,0.1212,1,0.0567,0.9654,2.9339,CDSL,2019-10-30,0,17.2962
8.7051,16,5.0662,0.8979,64.3249,11.1791,3.7268,0.1033,0,-0.0097,1.4361,0.9784,CDSL,2020-05-20,1,50.5385
9.3236,39,3.0026,0.9051,67.3925,8.3802,3.4815,0.1044,1,0.0872,1.5686,47.6763,CDSL,2020-12-03,0,-7.3044
11.5885,0,5.2476,0.5885,68.1952,8.09,3.2812,0.0937,1,0.0801,1.1558,19.6692,CDSL,2021-02-15,1,52.3643
4.5251,25,3.4356,0.8246,61.0621,9.1019,2.5454,0.0375,1,0.0729,0.7717,-21.0843,CDSL,2022-08-01,0,10.0107
6.9978,33,2.8685,0.8044,65.2491,8.289,3.1027,0.0703,1,0.0832,0.7866,-20.371,CDSL,2022-08-12,0,5.3794
7.3797,44,4.2635,0.611,65.8523,11.9933,3.1568,0.0937,1,0.0637,0.8573,-13.7023,CDSL,2022-08-30,0,3.1074
3.0192,20,2.741,0.7134,56.7413,12.4533,1.9303,-0.0086,1,0.0412,1.0048,15.1463,CDSL,2022-11-14,0,-4.9923
8.0876,18,4.5119,0.8614,67.4502,8.9078,3.9166,0.1351,0,-0.0254,1.4178,41.6359,CDSL,2023-10-31,0,21.859
8.8341,33,5.9288,0.7289,64.9102,10.5745,3.4566,0.0564,1,0.0279,1.4425,49.2454,CDSL,2024-02-07,0,-9.9204
8.8937,7,2.0179,0.8915,57.6258,10.0098,3.8555,0.0117,0,-0.0228,0.8942,-18.2136,CDSL,2026-04-08,0,-2.6406
5.308,10,2.9308,0.8281,66.2715,10.3461,2.9708,0.0,0,0.0,1.0,0.0,CEATLTD,2016-08-05,1,34.6557
8.2636,29,3.8049,0.9463,68.4432,12.0092,2.7699,0.0,0,0.0,1.0,0.0,CEATLTD,2016-09-02,1,28.1302
8.046,41,2.5902,0.8842,62.9592,14.4345,2.6431,0.0446,1,0.0511,1.1685,1.6374,CEATLTD,2017-03-14,1,53.5656
3.7727,26,2.6592,0.843,65.824,8.2035,1.9205,0.0529,1,0.037,1.409,46.6574,CEATLTD,2017-08-02,0,-7.3882
5.6683,44,2.692,0.9068,66.4464,17.7233,2.2715,0.043,1,0.038,0.9626,1.0923,CEATLTD,2017-11-06,0,-5.176
10.1243,0,2.0799,0.9023,59.385,8.0021,3.3702,0.0175,0,-0.0143,0.9153,-10.4427,CEATLTD,2018-04-05,0,-8.9047
6.8214,11,5.3753,0.7893,60.7064,17.5782,3.1475,0.03,1,0.0236,0.7179,-14.399,CEATLTD,2018-07-20,0,-1.0827
6.7242,12,1.5297,0.7901,67.4277,12.6031,3.7548,0.1037,1,0.0436,0.8289,-0.6256,CEATLTD,2019-09-23,0,-4.9368
6.2744,15,4.5637,0.779,66.9062,9.7543,3.0609,0.0862,1,0.0579,0.9274,12.5158,CEATLTD,2019-10-31,0,-10.7152
4.9769,58,2.374,0.7385,68.5591,10.4443,2.2619,0.0621,1,0.0241,1.0918,16.613,CEATLTD,2020-01-02,0,-7.4827
5.8249,87,3.558,0.7271,59.6259,12.7186,2.7754,0.0365,1,0.0058,1.0776,6.7278,CEATLTD,2020-02-12,0,-8.0241
4.4097,7,4.0665,0.6644,67.8278,9.0268,2.4527,0.1363,1,0.1056,1.107,-8.7804,CEATLTD,2020-07-06,0,-7.7933
5.0198,36,7.7254,0.7574,69.1843,15.9845,1.9758,0.0674,1,0.0236,1.0898,-13.4138,CEATLTD,2021-07-14,0,-6.662
6.2677,83,3.1702,0.8034,61.9716,12.3192,2.4555,0.0314,1,0.0595,0.7379,7.2442,CEATLTD,2021-09-22,0,-4.8243
9.8932,12,8.2952,0.7745,62.2758,31.7498,3.1582,0.0068,0,-0.02,0.8376,-6.3729,CEATLTD,2021-12-28,0,-14.2857
9.3579,4,5.7193,0.8142,67.9709,19.5193,2.7841,0.0205,0,-0.0093,0.9648,3.6929,CEATLTD,2022-07-06,1,55.9772
7.4804,55,9.5645,0.8,68.5634,22.9865,3.4097,0.0845,1,0.0318,1.0195,-17.5561,CEATLTD,2023-04-28,1,65.6123
3.6869,52,11.3481,0.1533,55.3496,13.4972,3.1823,-0.0115,1,0.0098,1.3624,12.2623,CEATLTD,2023-10-17,0,12.1726
4.8579,14,2.9176,0.8752,63.6844,10.472,2.6197,0.0967,1,0.0296,0.9638,12.5349,CEATLTD,2024-01-18,0,3.8313
8.8406,32,2.4188,0.9158,62.4606,9.49,3.2047,0.0502,1,0.0046,1.1839,54.3337,CEATLTD,2025-07-14,0,-10.4466
6.2885,10,3.4568,0.8929,57.3971,10.5155,3.1108,-0.0119,0,-0.0162,1.2118,10.1616,CEATLTD,2025-09-02,0,13.2026
8.823,16,1.5637,0.9021,61.933,11.6511,3.4084,0.0286,1,0.011,1.0147,-7.9981,CEMPRO,2017-09-05,0,22.5265
5.6791,36,5.1084,0.8698,66.4173,10.0273,3.0958,0.079,1,0.0317,0.8649,3.3333,CEMPRO,2017-10-31,0,0.821
6.8338,15,2.3054,0.8197,61.308,9.4616,3.1441,0.0527,1,0.0315,0.9177,-18.1369,CEMPRO,2018-05-09,0,-12.2432
12.5976,0,4.4337,0.7263,63.4455,9.9837,5.5496,0.1461,1,0.1089,0.7398,-32.9412,CEMPRO,2020-06-02,0,3.9156
10.6233,0,4.2353,0.5656,61.1296,8.0974,3.7568,0.0606,1,0.0153,0.8607,-9.6875,CEMPRO,2022-04-21,0,-11.1715
11.4678,0,8.7148,0.6348,62.2647,14.2448,4.692,0.0335,0,-0.0279,0.8975,-11.6943,CEMPRO,2022-06-08,1,73.3634
8.8928,3,2.8042,0.8701,65.8201,11.452,3.5827,0.1088,1,0.0331,1.8951,98.2855,CEMPRO,2022-11-04,0,-10.5
7.9851,3,6.4141,0.4476,69.2349,9.8992,3.6878,0.1175,1,0.0203,1.7113,87.7652,CEMPRO,2023-08-08,0,9.6311
8.5272,20,4.5413,0.763,69.8802,8.3524,4.0002,0.1695,1,0.053,1.7063,49.1157,CEMPRO,2024-01-10,0,-3.3817
10.1758,0,4.3998,0.6727,65.99,11.0373,4.1561,0.1317,1,0.0296,1.6223,31.7175,CEMPRO,2024-01-18,0,-4.7172
9.8346,3,7.2665,0.5966,58.5219,12.1695,5.1716,0.1053,1,0.0076,1.5346,70.7874,CEMPRO,2024-08-08,0,-9.0064
3.7743,12,3.2444,0.6364,57.1521,15.8467,3.4665,0.0,0,0.0,1.0,0.0,CENTRALBK,2016-08-16,0,-8.4278
2.4694,31,4.0798,0.6974,67.236,16.5383,1.6627,0.0316,1,0.0583,0.8746,-13.2597,CENTRALBK,2017-02-02,0,-3.9784
3.5748,14,1.5681,0.6389,66.4968,9.8742,2.2416,0.0918,1,0.0259,1.0787,27.4203,CENTRALBK,2017-04-28,0,-4.3152
15.4738,0,3.7617,0.7167,67.5195,20.5921,4.3037,0.1043,1,0.032,0.8093,-10.4309,CENTRALBK,2017-10-25,0,-15.4902
10.8496,0,10.9732,0.6371,65.7192,17.1752,4.3996,0.0597,0,-0.0359,0.7185,-9.1184,CENTRALBK,2018-03-09,0,-7.62
12.1124,0,3.1033,0.8723,66.6976,10.0408,2.618,0.0923,1,0.0392,0.4383,-51.9565,CENTRALBK,2018-12-19,0,-1.6567
10.6793,0,5.5969,0.8367,66.8901,15.7511,3.2943,0.028,1,0.0736,1.0259,41.4634,CENTRALBK,2021-09-16,0,-10.7143
5.1987,17,3.6154,0.7857,63.0405,10.1628,3.0246,0.0591,1,0.0087,1.0744,22.9412,CENTRALBK,2022-10-25,1,45.2843
8.03,23,3.5212,0.875,66.5226,12.7979,3.4053,0.0726,1,0.03,1.0977,26.0997,CENTRALBK,2022-11-03,1,41.9213
11.0009,0,3.3232,0.8529,63.841,8.3081,3.744,0.0422,1,0.0113,1.3272,5.4902,CENTRALBK,2023-04-17,0,0.9041
6.4982,16,5.9595,0.7,68.9637,12.355,2.3686,0.0643,1,0.031,0.7525,4.8913,CENTRALBK,2023-06-20,1,52.6316
8.277,11,5.3793,0.9429,63.8039,17.7813,2.9503,0.0358,1,0.0553,1.5555,55.0562,CENTRALBK,2023-12-04,1,29.5268
5.5071,20,2.3901,0.9341,57.8368,15.3367,2.9648,0.0114,1,0.0443,0.9055,1.9537,CENTRALBK,2024-09-23,0,-10.5288
9.8583,8,2.6506,0.7805,60.2199,8.4591,2.8047,0.0229,1,0.033,0.6774,-25.4594,CENTRALBK,2025-05-30,0,-5.9507
4.565,84,4.1294,0.7683,59.3789,11.9605,2.7429,0.0577,1,0.0356,0.9503,-2.4611,CENTRALBK,2025-10-20,0,-5.5498
5.1707,135,2.0452,0.904,65.201,9.8709,1.7705,0.0224,1,0.0145,0.9589,8.7925,CENTRALBK,2026-01-02,0,-5.8641
6.2197,94,1.6495,0.8721,64.3432,12.4955,2.7859,0.0403,0,-0.0191,1.0,2.5668,CESC,2016-12-09,1,34.7534
3.9747,23,3.1359,0.8902,57.8069,13.1008,2.1684,0.004,1,0.0326,1.1637,10.0809,CESC,2017-07-14,0,0.4808
5.7807,33,3.9293,0.8763,65.2983,11.4319,2.2886,0.0468,1,0.0344,1.0992,11.9706,CESC,2017-07-28,0,-1.9804
4.6674,65,2.8129,0.8517,64.4297,14.4177,2.3667,0.038,1,0.0152,1.1013,14.6055,CESC,2017-12-21,0,-0.0188
6.1217,11,1.8086,0.8753,57.9302,11.0982,3.0686,-0.004,1,0.0443,0.8856,5.6681,CESC,2018-07-27,0,-3.9336
3.962,18,1.9852,0.7161,56.6875,8.2966,2.7099,-0.0025,1,0.0365,0.8052,-14.7712,CESC,2018-12-20,0,-9.5242
5.654,51,1.7631,0.9184,67.3482,13.0121,2.6835,0.0643,1,0.0239,0.8997,-10.3269,CESC,2019-02-06,0,-3.1714
5.6687,7,2.0505,0.9282,66.5542,10.1835,2.3589,0.0884,1,0.009,1.0853,10.8753,CESC,2019-06-25,0,-6.4992
10.3201,0,1.8789,0.8535,65.4503,9.6386,3.1033,0.0891,1,0.0144,1.1651,24.7036,CESC,2019-09-20,0,-12.4859
4.2774,37,2.4713,0.716,62.685,9.6485,2.3111,0.0372,1,0.0216,0.9185,0.7453,CESC,2020-01-17,0,-8.3625
8.4083,11,3.1099,0.8387,67.819,8.6353,3.098,0.0953,1,0.0927,1.0582,-1.5547,CESC,2020-07-08,0,-12.0999
10.4747,0,4.4763,0.7906,65.8156,8.1406,3.0392,0.0527,1,0.0471,0.9899,26.0692,CESC,2020-08-20,0,-4.0846
6.4657,28,3.265,0.7622,65.5722,8.0796,2.5362,0.063,1,0.0872,0.7805,9.0349,CESC,2020-12-03,0,-8.9391
9.0556,59,2.3851,0.8879,62.5622,8.3148,3.3286,0.0695,1,0.0063,0.9682,17.5372,CESC,2021-05-07,0,20.2553
7.7017,20,2.0368,0.8312,63.8103,9.101,2.7215,0.0312,1,0.049,0.924,-5.3846,CESC,2022-04-05,0,-4.2378
5.1197,41,2.3319,0.8864,66.7552,9.4323,2.791,0.0984,1,0.0427,0.9691,-1.8648,CESC,2022-09-07,0,-9.6331
6.2535,107,2.8936,0.7288,65.8604,9.6729,1.8344,0.0315,1,0.0338,0.8824,0.3819,CESC,2022-12-13,0,-3.7453
5.2347,152,2.5805,0.8077,68.6957,11.0434,1.998,0.0249,0,-0.0023,0.9565,-2.7027,CESC,2023-02-15,0,-5.8291
4.6621,212,3.7401,0.5325,63.7412,10.5508,2.3959,0.0441,1,0.0273,1.0393,-1.3845,CESC,2023-05-18,0,8.3795
5.4605,260,4.0569,0.4091,68.6568,8.4833,1.8091,0.0549,1,0.0436,1.0018,9.1429,CESC,2023-07-26,0,10.5989
5.0727,15,3.2176,0.9091,63.3767,10.2536,2.5276,0.0778,1,0.0098,1.2141,29.4406,CESC,2023-10-17,0,-8.6667
8.897,7,4.2612,0.6492,64.648,8.9826,4.1335,0.1192,1,0.023,1.2913,33.2978,CESC,2024-08-21,0,-2.0382
9.5899,2,1.619,0.7448,63.4811,10.5318,3.3106,0.0552,0,-0.0032,0.8759,-18.2073,CESC,2025-03-19,0,-6.6604
6.2946,12,3.4674,0.9258,64.841,11.4208,2.7299,0.0781,1,0.0174,1.0342,4.831,CESC,2025-10-15,0,-1.3093
8.3314,15,2.8151,0.9093,63.9807,9.2563,2.9719,0.0914,1,0.0356,1.0512,4.3212,CESC,2025-10-20,0,-3.2444
8.7356,10,1.8851,0.6227,64.3972,8.7621,4.9182,0.1718,1,0.0187,1.4965,72.4425,CGCL,2018-12-12,0,-8.5625
11.0519,0,1.5561,0.8485,69.6526,16.5196,3.9329,0.1159,1,0.0439,1.2921,26.0135,CGCL,2019-03-13,0,5.8825
10.3773,0,1.5903,0.8529,65.1148,23.9834,4.1106,0.0745,0,-0.0462,1.3043,0.5805,CGCL,2019-09-03,0,13.4454
6.317,5,1.5208,0.8567,64.8523,10.7943,4.3053,0.1587,1,0.0214,0.9346,57.0603,CGCL,2020-09-18,0,22.9167
7.3664,11,2.0621,0.8359,67.0121,16.5351,3.9382,0.0718,1,0.0051,1.2467,53.7873,CGCL,2021-03-30,1,37.571
8.4596,123,11.9442,0.7913,59.1101,27.5134,3.9403,0.0408,0,-0.0402,0.9401,4.0482,CGCL,2021-12-22,0,20.3328
7.9952,151,2.6453,0.6635,68.8668,10.6066,3.7152,0.0971,1,0.0084,0.9454,13.2815,CGCL,2022-02-01,1,26.9153
15.9038,0,2.6521,1.0,62.5663,23.8721,3.2245,0.0145,1,0.0253,0.3115,-60.8593,CGCL,2024-03-05,0,-14.8844
9.8318,12,17.3003,0.64,62.4339,17.2759,3.9211,0.0396,0,-0.0319,1.0335,-5.6533,CGCL,2025-01-24,0,-12.8631
9.0668,2,5.0076,0.8598,60.7309,13.4232,4.2462,0.1067,0,-0.0129,1.0149,12.8509,CGCL,2025-08-04,0,6.7104
5.383,56,2.5015,0.8166,66.3671,8.3739,2.3401,0.0583,1,0.0352,1.1263,16.7373,CGCL,2025-10-23,0,-6.1634
9.8648,1,4.2392,0.9234,67.84,8.3373,3.0283,0.1232,1,0.0004,1.0033,9.8551,CGCL,2026-05-04,0,-6.1212
6.2915,4,1.6094,0.85,65.9055,11.4196,3.4202,0.0,0,0.0,1.0,0.0,CGPOWER,2016-07-27,0,2.2593
10.5827,0,2.8815,0.7333,57.5186,8.0935,2.5641,-0.0419,1,0.0277,0.8867,-22.7491,CGPOWER,2017-01-12,0,-0.4927
9.4439,2,1.846,0.7692,65.4996,8.8837,2.6008,0.0435,1,0.0537,0.9218,-17.0988,CGPOWER,2017-01-27,0,-3.7528
8.6122,11,1.7009,0.8861,64.1194,8.6913,3.1077,0.1031,1,0.0542,0.8776,-4.4805,CGPOWER,2017-03-16,0,11.2753
5.3277,16,4.4073,0.9351,68.2136,23.1409,3.079,0.1059,1,0.0206,0.9805,49.195,CGPOWER,2017-05-09,0,-2.3045
9.9362,4,2.3148,0.823,61.2693,10.6409,2.9758,0.042,1,0.011,1.1284,9.4811,CGPOWER,2017-09-05,0,-5.7535
7.534,16,2.0348,0.8372,69.1275,10.052,3.2539,0.0656,1,0.0409,1.0038,1.5836,CGPOWER,2017-11-01,0,4.9255
11.7554,0,3.6909,0.9028,64.6895,10.3111,4.7592,0.141,1,0.017,0.846,-26.4805,CGPOWER,2018-12-21,0,-6.9749
10.3991,0,4.54,0.9039,66.6521,16.421,3.0341,0.072,0,-0.0113,1.2908,28.7303,CGPOWER,2023-01-09,0,7.3752
5.7957,50,5.6892,0.1178,61.6822,9.5428,3.7773,0.0355,1,0.0267,0.9926,22.5955,CGPOWER,2024-03-01,1,25.5877
4.3254,60,4.5613,0.827,60.5775,15.564,2.0679,0.0309,0,-0.0229,1.0661,7.5934,CGPOWER,2025-08-29,0,4.7282
6.9798,35,3.1156,0.6208,60.7456,9.5836,5.3068,0.0596,1,0.0279,1.0,0.0,CHALET,2019-05-31,0,-13.7133
4.9294,24,1.5187,0.5851,62.5063,9.4293,3.9879,0.0362,0,-0.0543,1.0,-4.0554,CHALET,2019-08-13,0,-6.0294
9.4729,27,2.8909,0.6705,66.9427,16.5924,5.4685,0.1196,1,0.0404,1.0592,12.502,CHALET,2019-11-13,0,-14.5291
8.6738,37,4.1189,0.7544,63.1116,10.05,3.6796,0.0625,0,-0.0016,1.0371,12.2583,CHALET,2020-02-11,0,-13.1226
7.6128,20,3.5106,0.589,62.7257,8.9972,3.5872,0.0296,1,0.0358,0.8964,31.2296,CHALET,2021-03-04,0,-13.7905
9.4172,8,3.8275,0.6977,64.0249,11.2722,3.4304,0.0268,1,0.0251,0.9237,-16.3782,CHALET,2021-05-18,0,13.6193
5.0527,11,8.1829,0.589,65.5296,12.0871,3.4699,0.1351,1,0.0328,0.9143,9.8005,CHALET,2021-07-05,0,-9.5919
10.4904,0,11.0697,0.5126,66.2449,11.3928,3.9092,0.0604,1,0.0667,0.8812,32.4555,CHALET,2021-09-09,1,28.9089
8.9881,10,5.0562,0.546,66.8376,8.0553,5.4019,0.2114,1,0.0207,1.4984,46.141,CHALET,2021-11-08,0,-8.8992
12.8165,0,2.9288,0.8978,68.7449,13.3063,5.8138,0.2003,1,0.0045,1.6625,17.0812,CHALET,2022-03-22,0,-5.3186
7.91,18,3.437,0.8589,62.6258,9.9574,4.388,0.0661,0,-0.022,1.3675,33.8055,CHALET,2022-06-01,0,0.234
6.0775,10,9.4042,0.6565,61.2158,11.1703,2.8663,0.0296,0,-0.0085,1.012,2.3503,CHALET,2023-01-24,0,3.6662
8.6798,13,2.1479,0.9018,66.7829,9.4587,3.5134,0.1333,1,0.0225,1.267,41.0776,CHALET,2023-08-09,0,6.7681
4.8038,25,7.2272,0.8157,63.1867,9.96,2.9014,0.054,1,0.0587,1.2599,25.6851,CHALET,2023-12-12,0,20.4538
6.1184,16,2.6171,0.9202,62.9247,17.0015,3.873,0.084,1,0.07,0.9808,-12.0463,CHALET,2025-05-12,0,-3.2171
6.8114,31,4.7173,0.6863,59.7761,9.1279,2.8947,0.0265,1,0.0038,1.0122,19.416,CHALET,2025-07-17,0,-6.3546
7.8039,47,2.517,0.722,59.3301,10.9051,3.2116,0.0251,0,-0.0046,0.9695,-12.5312,CHALET,2026-02-03,0,-10.4867
6.8727,9,5.0638,0.7746,62.2202,23.4724,3.2324,0.0178,0,-0.0052,1.0,0.0,CHAMBLFERT,2016-10-19,0,-15.0157
9.7487,8,3.6306,0.8241,69.1424,18.3922,3.8933,0.1137,1,0.014,1.5095,26.511,CHAMBLFERT,2017-04-20,0,15.3444
11.9987,0,3.0999,0.8362,65.9279,11.9746,4.8255,0.1058,0,-0.0029,1.0657,17.4078,CHAMBLFERT,2018-02-26,0,-1.1098
8.015,12,3.5246,0.7798,60.7292,17.0113,2.9746,0.0104,1,0.0414,0.8905,-8.6227,CHAMBLFERT,2018-08-17,0,-2.2674
12.8881,0,8.5913,0.2956,68.3154,8.5712,3.8621,0.0919,1,0.0564,0.8643,-14.2489,CHAMBLFERT,2018-08-28,0,-9.7243
4.0161,19,3.9281,0.6807,63.4693,12.3699,2.8306,0.0194,0,-0.0143,0.9262,0.0884,CHAMBLFERT,2018-11-22,0,-8.7908
5.7082,17,2.9858,0.8628,66.0654,9.6505,2.6495,0.0691,1,0.0121,1.2961,34.5679,CHAMBLFERT,2021-07-26,0,8.8799
8.0468,21,8.6025,0.6538,65.2285,21.4466,3.4756,0.0865,1,0.0726,1.2648,22.9809,CHAMBLFERT,2021-09-24,0,0.2619
8.1795,8,3.1659,0.8702,65.9463,12.3371,3.2725,0.1365,1,0.0573,0.8975,-23.061,CHAMBLFERT,2022-08-26,0,-1.7222
7.7133,38,1.9346,0.8632,65.0598,8.094,2.8719,0.0617,0,-0.0062,0.9634,11.6961,CHAMBLFERT,2023-11-08,0,9.054
6.0067,34,4.3118,0.705,57.6652,9.0959,2.7786,0.013,1,0.0295,1.1761,40.1519,CHAMBLFERT,2024-03-07,0,-9.5039
11.0272,0,5.7808,0.9433,67.714,9.2739,3.5634,0.0964,0,-0.0082,1.1011,2.6119,CHAMBLFERT,2025-02-07,0,17.3237
7.6357,36,4.1119,0.9407,59.4785,16.1757,3.3478,0.0367,0,-0.0157,1.1109,-6.7498,CHAMBLFERT,2025-08-05,0,-9.2486
5.807,42,3.8747,0.7871,66.0568,10.8807,2.8501,0.0629,1,0.0206,1.4208,54.8148,CHENNPETRO,2017-05-09,0,-6.3241
4.5903,26,2.4195,0.9115,63.3767,13.2683,2.314,0.0312,1,0.0277,1.1958,-1.3048,CHENNPETRO,2018-01-09,0,-5.2525
11.5897,0,4.2253,0.7064,67.4697,9.585,3.5263,0.0841,1,0.0465,0.7541,-7.1554,CHENNPETRO,2018-07-30,0,-3.1765
8.2428,28,2.3777,0.8369,64.1055,8.8603,3.6141,0.0924,1,0.0349,0.9992,-6.6301,CHENNPETRO,2018-12-18,0,-10.3532
9.058,16,3.17,0.8054,62.9033,14.8944,3.0251,0.0301,1,0.0411,0.7146,4.9929,CHENNPETRO,2022-01-12,0,-9.2359
11.6764,0,4.4519,0.9514,67.9242,12.4899,3.1967,0.1031,0,-0.0028,1.7409,63.9854,CHENNPETRO,2023-08-29,0,22.8334
4.9419,14,6.6927,0.4979,63.0832,10.4738,3.1946,0.0745,1,0.0589,1.2798,11.0188,CHENNPETRO,2024-07-09,0,-0.0535
6.0369,4,3.2766,0.901,56.25,13.9343,2.9671,-0.0031,0,-0.0148,1.2887,10.1399,CHENNPETRO,2025-09-01,0,7.1843
13.6988,0,4.0455,0.9181,67.9286,9.616,5.0726,0.1931,1,0.0294,1.3613,40.8531,CHENNPETRO,2025-10-30,0,9.7439
8.4162,7,3.9689,0.8216,66.9696,8.6398,3.1027,0.1146,0,-0.0208,1.4504,23.9866,CHENNPETRO,2026-02-27,0,-5.8398
9.5782,9,5.5514,0.8863,68.9645,9.117,3.7572,0.1543,0,-0.0463,1.4377,33.8913,CHENNPETRO,2026-03-04,0,-14.0638
7.9933,7,2.4105,0.6633,60.1345,8.6476,3.1136,0.0051,0,-0.0222,1.1852,21.2778,CHOICEIN,2023-01-11,0,-6.4324
5.9599,37,3.3493,0.472,63.6799,18.8122,3.9415,0.0469,0,-0.0288,1.2224,0.2739,CHOICEIN,2023-03-22,1,39.7359
3.6535,22,2.0392,0.7019,66.1319,9.0515,2.5175,0.053,1,0.0818,1.0378,25.4918,CHOICEIN,2023-12-28,0,14.3653
5.7496,19,2.1925,0.8031,67.593,8.3673,2.9494,0.0901,1,0.0489,1.3156,59.8936,CHOICEIN,2024-07-30,0,9.0662
5.5509,8,1.5589,0.8424,57.3488,14.467,2.757,-0.0016,0,-0.0032,1.1996,-5.4804,CHOICEIN,2025-03-19,1,39.0783
4.6996,22,2.5289,0.9067,69.906,18.9004,2.2141,0.0763,1,0.0249,1.2511,49.1773,CHOICEIN,2025-07-04,0,6.0811
5.7391,30,2.4844,0.9003,66.1462,13.0207,2.7296,0.0726,1,0.0085,1.3542,59.4834,CHOICEIN,2025-07-16,0,3.5518
4.4658,42,3.0378,0.944,61.8145,8.6622,1.8485,0.0396,1,0.0226,1.2701,18.8015,CHOICEIN,2025-10-31,0,-5.8188
6.6072,14,2.0923,0.9285,63.9562,9.997,2.9377,0.0878,1,0.0343,1.0245,22.5935,CHOLAFIN,2017-07-13,0,-6.5617
7.802,15,5.5463,0.4629,64.8646,10.6567,3.4854,0.0746,1,0.0409,1.0011,9.8753,CHOLAFIN,2017-11-01,0,7.8611
7.3412,30,2.3529,0.5664,57.0118,8.9892,3.0566,-0.0034,1,0.0104,0.8748,-4.6449,CHOLAFIN,2019-02-01,0,13.2666
8.4595,17,3.8697,0.6583,65.1708,20.1858,3.834,0.0909,1,0.0144,1.0742,12.3648,CHOLAFIN,2019-09-20,0,3.7288
9.9906,4,1.554,0.875,64.1,10.1277,4.1274,0.1455,1,0.0581,0.7159,57.6128,CHOLAFIN,2020-08-13,1,35.211
11.7616,0,1.7507,0.9426,63.7055,10.2907,4.6915,0.1536,1,0.0592,0.7372,53.7645,CHOLAFIN,2020-08-18,1,31.579
10.0719,0,4.4696,0.7805,67.7588,12.4695,4.2896,0.1323,1,0.0081,1.4501,32.6778,CHOLAFIN,2020-10-30,1,27.4594
7.4406,17,1.7953,0.798,63.374,11.4696,4.4151,0.1344,1,0.0017,1.7241,60.9345,CHOLAFIN,2021-04-07,0,-10.6653
8.0122,2,4.8556,0.7798,61.1019,13.7304,3.2587,0.0895,1,0.0374,1.2733,34.9981,CHOLAFIN,2022-04-08,0,-9.8387
7.4304,12,2.0582,0.9164,62.8321,11.4923,3.6013,0.0969,1,0.0049,1.3472,37.9326,CHOLAFIN,2022-04-26,0,-11.2869
6.0445,15,1.5418,0.9266,58.7122,9.9648,3.1889,0.0438,1,0.0157,1.285,8.9107,CHOLAFIN,2022-07-18,0,12.1152
9.0802,12,4.2464,0.4329,62.4916,12.7395,2.9489,0.0456,0,-0.0327,1.0057,-4.3744,CHOLAFIN,2023-02-01,0,-1.6306
11.5905,0,2.2892,0.8035,69.1885,8.7394,2.4628,0.0566,1,0.0155,1.375,32.717,CHOLAFIN,2023-09-08,0,-1.646
8.0119,12,1.7741,0.9327,58.5752,9.3461,2.7616,-0.013,1,0.005,0.9291,-5.6685,CHOLAFIN,2024-12-10,0,-7.6812
7.7449,11,1.6963,0.9729,60.0683,8.6231,4.3816,0.0635,0,-0.0181,1.0288,-17.3423,CHOLAFIN,2025-02-03,0,4.9808
8.605,3,2.5432,0.8872,64.2122,8.8578,3.3479,0.1167,0,-0.0336,1.1074,0.0907,CHOLAFIN,2025-02-27,0,-1.4148
7.9991,77,2.9059,0.9298,64.9788,9.5582,2.2393,0.0545,1,0.0139,0.9729,4.6388,CHOLAFIN,2025-09-16,0,10.0743
2.9215,43,1.9662,0.7291,64.8487,15.3603,2.0131,0.0388,1,0.058,1.0841,1.1139,CHOLAHLDNG,2017-02-01,0,12.4921
9.4772,46,5.0843,0.816,67.8447,10.6709,3.5271,0.0885,1,0.0149,1.0975,21.5416,CHOLAHLDNG,2017-07-07,0,5.76
5.392,9,1.7255,0.4926,64.9346,8.5256,3.2258,0.0985,1,0.0017,1.178,24.9961,CHOLAHLDNG,2017-08-14,0,-1.953
5.1812,20,3.6395,0.4558,61.5319,8.5237,3.0926,0.0011,1,0.0222,0.7332,-19.5795,CHOLAHLDNG,2018-11-29,0,-6.9577
7.027,10,2.3938,0.8208,67.7545,11.7654,4.2869,0.1483,1,0.0613,0.7089,25.4828,CHOLAHLDNG,2020-08-12,0,2.2348
5.4116,47,3.1222,0.7889,65.6402,9.5082,2.8136,0.0466,1,0.0298,1.1839,3.9301,CHOLAHLDNG,2021-05-21,0,2.4918
7.1226,49,5.3676,0.4312,67.2963,12.2415,3.8115,0.079,1,0.0736,0.994,23.322,CHOLAHLDNG,2021-09-16,0,-3.2033
8.0721,9,2.9517,0.6174,58.2914,12.1994,3.8337,0.0045,1,0.0374,0.9245,-7.2354,CHOLAHLDNG,2022-04-08,0,-8.9298
6.7126,169,2.0366,0.66,62.0353,12.759,2.8397,0.0122,0,-0.0185,0.8268,-9.0318,CHOLAHLDNG,2023-01-13,0,-4.9752
11.3818,0,3.1556,0.8346,65.0414,9.6815,3.1681,0.0385,1,0.0183,0.9105,0.4679,CHOLAHLDNG,2023-04-13,1,58.3088
4.1894,19,2.5331,0.6506,69.3326,11.3872,3.042,0.0921,1,0.0374,1.5264,77.8832,CHOLAHLDNG,2023-07-31,0,7.4641
5.1852,29,1.924,0.8432,66.7619,12.319,2.8773,0.0448,1,0.0232,1.0825,-1.2013,CHOLAHLDNG,2024-01-24,0,-1.6809
5.5675,11,1.6887,0.4995,61.2506,8.2269,4.0624,0.1139,1,0.0167,1.1976,40.7963,CHOLAHLDNG,2024-08-09,0,18.9038
5.1819,19,2.7584,0.6894,60.0573,8.0429,4.5331,0.0616,0,-0.0348,1.0608,-21.2611,CHOLAHLDNG,2025-02-25,0,-10.8718
6.8011,13,3.7887,0.8099,64.2043,11.0805,2.8036,0.0813,1,0.0304,0.9478,0.9112,CHOLAHLDNG,2025-10-24,0,-8.4343
7.0488,33,7.6527,0.636,67.8634,10.78,3.4351,0.0637,1,0.0443,1.0,0.0,CIEINDIA,2016-09-08,0,-5.3126
7.1541,5,3.3005,0.7404,69.1982,12.4387,3.1416,0.1065,1,0.0084,1.0,0.0,CIEINDIA,2016-10-04,0,-11.4029
3.5216,82,9.9781,0.2663,60.0658,10.1414,2.8205,0.0241,1,0.0212,1.0476,2.291,CIEINDIA,2017-09-19,0,-7.3848
6.3658,130,4.809,0.7679,65.1082,12.9832,2.6777,0.0656,1,0.0189,1.0071,3.2783,CIEINDIA,2017-11-28,0,-11.8467
7.683,149,3.1826,0.5376,69.0763,8.4259,3.4112,0.0675,1,0.0225,1.0196,9.7654,CIEINDIA,2017-12-26,0,-10.3086
9.0929,12,2.9899,0.7424,62.6275,13.7416,3.4938,0.0508,1,0.0192,0.9652,-1.9422,CIEINDIA,2018-04-19,0,8.1008
7.3176,21,3.0914,0.6907,65.8388,9.5368,3.9816,0.1171,1,0.0966,1.2519,31.3394,CIEINDIA,2020-11-17,0,3.1645
6.8044,6,3.2571,0.7283,59.3542,11.6899,4.3326,0.0547,1,0.0822,1.1342,24.3321,CIEINDIA,2021-02-08,0,0.3057
10.357,0,6.7841,0.6548,61.5936,8.8981,3.6338,0.0182,1,0.0044,0.9978,14.2343,CIEINDIA,2021-04-28,1,40.1345
10.0734,0,2.1664,0.7837,69.8786,8.2612,3.9635,0.1817,1,0.0248,1.3824,36.3266,CIEINDIA,2021-07-16,0,-4.9442
10.0606,0,3.7046,0.8034,62.1621,15.9027,4.3079,0.0086,1,0.049,0.7776,-26.1732,CIEINDIA,2022-04-05,0,-2.5369
6.728,32,8.9957,0.8916,67.8768,22.0591,3.0831,0.0589,1,0.0196,1.3438,18.2757,CIEINDIA,2022-12-15,0,-5.4222
9.7678,10,8.0411,0.6065,58.6429,14.4334,2.9898,0.015,1,0.0177,1.2416,33.3564,CIEINDIA,2023-04-26,1,34.6399
9.7577,1,4.5823,0.744,65.1115,10.2405,2.8461,0.0727,1,0.0084,0.922,1.4056,CIEINDIA,2024-04-23,0,18.1197
7.1322,16,4.3473,0.6803,61.2077,12.7849,2.5567,0.0094,1,0.005,0.8556,-13.6557,CIEINDIA,2024-12-10,0,-8.3379
6.1561,32,5.0514,0.6176,65.3875,10.175,2.4737,0.0276,1,0.0177,0.9932,-0.1783,CIEINDIA,2025-09-17,0,-4.5292
7.858,60,9.9688,0.5831,62.7968,28.4259,3.2189,0.0176,1,0.0074,0.9325,5.2958,CIEINDIA,2025-12-31,0,4.5707
5.4459,17,4.9156,0.9282,69.1531,17.5397,2.6418,0.0,0,0.0,1.0,0.0,CIPLA,2016-08-16,0,4.6113
3.2653,25,2.5133,0.8156,59.2075,13.4114,2.1583,0.0267,0,-0.0383,1.0,12.0985,CIPLA,2016-12-23,0,2.4944
3.8229,54,2.9677,0.8842,66.6606,11.4853,2.3054,0.0582,1,0.0572,1.1638,-0.5968,CIPLA,2017-02-03,0,-5.3166
4.9258,63,2.7692,0.9123,64.4082,10.2862,2.0219,0.0501,1,0.0172,0.8904,4.3945,CIPLA,2017-09-21,0,1.1387
6.2729,202,2.6898,0.918,60.7329,17.5796,2.4489,0.0141,1,0.0133,0.9408,-2.1986,CIPLA,2018-04-16,0,-2.0272
4.7539,46,4.0918,0.7242,61.6055,14.7148,2.6311,0.035,1,0.0239,0.8635,-20.489,CIPLA,2019-02-06,0,-2.7481
3.4629,87,2.0993,0.747,63.5245,11.7847,1.9437,0.0264,1,0.0417,0.7853,6.045,CIPLA,2019-04-10,0,0.485
5.4264,49,3.1289,0.764,63.0113,13.4046,2.0552,0.0345,1,0.0929,0.8959,7.9606,CIPLA,2020-12-14,0,1.5381
3.1125,132,1.5314,0.9429,59.2589,9.3121,2.0207,0.006,1,0.0165,0.8821,-3.2189,CIPLA,2021-11-15,0,-6.3728
5.4918,140,6.9163,0.8905,64.0408,18.3874,2.5972,0.0437,0,-0.0462,0.9292,-0.1609,CIPLA,2021-11-26,0,-9.4204
5.3883,90,1.5942,0.9096,66.7178,15.0611,2.2099,0.0816,1,0.0324,1.0041,19.2079,CIPLA,2022-09-20,0,1.0127
4.1556,35,2.8079,0.7475,68.1711,17.7449,1.9796,0.0526,1,0.0525,1.0288,7.4535,CIPLA,2024-07-26,0,0.939
3.4025,59,3.3914,0.7497,64.4819,13.3495,1.629,0.0335,0,-0.0087,0.9972,5.9492,CIPLA,2025-07-25,0,-3.7737
5.7401,8,2.5987,0.9691,63.987,17.919,1.9592,0.016,0,-0.006,0.8761,-12.391,CIPLA,2026-04-23,0,-0.1683
9.8912,5,3.0479,0.8222,68.425,9.6301,4.2212,0.1765,1,0.0175,1.0,82.3934,CLEAN,2022-01-04,0,-13.0217
9.1001,52,4.7042,0.843,59.5574,24.2444,2.9393,0.0069,0,-0.0324,0.8738,-19.9708,CLEAN,2023-02-02,0,-9.1399
4.5403,39,3.7068,0.7976,66.7672,11.6155,2.2471,0.0213,1,0.0203,0.8471,7.5893,CLEAN,2023-08-08,0,0.1668
5.2143,65,6.5859,0.8832,68.9835,17.3954,2.1611,0.0506,1,0.0345,0.9334,9.9601,CLEAN,2023-12-01,0,-1.0468
5.9786,34,3.4752,0.9444,67.6179,12.5059,1.9323,0.0539,1,0.0124,0.8664,-10.9383,CLEAN,2024-05-22,0,-6.2327
6.0419,12,2.2564,0.8628,69.4432,8.7972,3.4711,0.1136,1,0.0489,0.9376,21.6566,CLEAN,2024-07-30,0,-6.839
11.797,0,3.2188,0.8642,69.7429,8.2778,2.9606,0.0959,1,0.0393,0.9878,-5.9261,CLEAN,2025-05-22,0,1.2408
5.9334,74,1.5762,0.763,61.0587,16.0543,2.9776,0.0267,0,-0.0188,1.0,6.3518,COALINDIA,2016-11-10,0,-10.9777
8.6508,117,2.6982,0.9299,65.0848,15.1419,2.154,0.0394,1,0.0242,0.9806,-5.319,COALINDIA,2017-01-11,0,-2.4858
5.9128,247,2.5673,0.9322,61.137,8.4842,2.0161,0.0135,1,0.0298,0.7669,-11.8299,COALINDIA,2017-07-21,0,-6.4316
5.5309,53,3.9967,0.7935,58.8889,8.7757,2.6093,0.0015,0,-0.0027,0.8588,-14.551,COALINDIA,2019-02-28,0,7.4064
4.8744,20,2.6283,0.7849,62.4243,9.213,2.0089,0.0214,1,0.0489,0.8921,-2.9611,COALINDIA,2020-08-17,0,-4.0578
5.914,10,2.9833,0.7961,55.9858,11.2264,2.4481,-0.015,0,-0.0102,1.0317,-5.4143,COALINDIA,2021-04-30,0,10.7932
6.3691,20,3.322,0.9274,60.1025,14.9493,2.6492,0.0237,1,0.0069,1.019,23.8366,COALINDIA,2022-01-03,0,-1.0801
5.0154,9,3.2256,0.9198,63.7113,11.8854,2.8512,0.09,1,0.0004,1.2004,-3.4761,COALINDIA,2022-02-09,0,-8.6893
3.891,66,2.5117,0.9231,67.5278,20.0651,1.6241,0.0382,1,0.0348,0.9877,10.7349,COALINDIA,2023-08-01,1,33.6511
2.6619,88,1.853,0.947,64.7609,11.8446,1.2833,0.0398,1,0.0003,0.9964,4.6909,COALINDIA,2023-09-01,1,53.8023
5.6307,18,4.8494,0.9545,67.5879,10.7291,2.4509,0.069,1,0.0085,1.38,38.0892,COALINDIA,2024-05-03,0,-2.3069
3.5493,105,1.5931,0.7368,64.8846,9.5407,1.4832,0.037,0,-0.0106,0.9717,1.9711,COALINDIA,2025-09-03,0,-1.7841
7.473,6,1.7569,0.922,67.8058,11.074,2.5045,0.1108,0,-0.0215,1.215,14.0917,COALINDIA,2026-01-28,0,-6.0897
8.7347,21,7.8756,0.7984,69.3817,31.5448,2.7704,0.0,1,0.0073,1.0,0.0,COCHINSHIP,2017-10-10,0,-6.0526
3.7568,49,5.3161,0.6203,58.6346,25.419,1.8925,0.0056,1,0.0279,1.0,3.9601,COCHINSHIP,2018-01-11,0,-6.9919
9.657,90,2.9706,0.6625,67.6553,8.0354,2.2831,0.0436,1,0.0154,0.9486,-0.5797,COCHINSHIP,2019-03-05,0,-1.5814
6.43,88,2.0332,0.879,65.8231,14.2629,2.5697,0.0424,1,0.0375,0.9564,-4.8255,COCHINSHIP,2019-10-24,0,7.1139
8.6651,19,2.3469,0.7437,68.511,10.012,3.1168,0.1148,1,0.0499,1.1141,40.3276,COCHINSHIP,2020-08-21,0,-8.9246
9.92,21,6.7024,0.725,67.7419,16.8285,3.3037,0.099,1,0.0351,1.2014,33.0474,COCHINSHIP,2020-10-22,0,-7.2296
8.2694,4,3.5171,0.6913,67.9634,11.0325,2.6068,0.0907,1,0.0953,0.9786,14.7872,COCHINSHIP,2020-12-16,0,-9.4923
8.0831,10,9.4347,0.6906,64.7633,17.8238,3.2908,0.0676,1,0.0236,0.8845,22.3552,COCHINSHIP,2021-02-23,0,-1.0283
5.5252,14,3.4202,0.6736,65.8641,10.7915,2.546,0.0736,1,0.0595,0.9366,10.8382,COCHINSHIP,2021-06-07,0,-5.2187
3.7822,74,5.2043,0.7967,63.6125,15.8627,1.9491,0.0345,1,0.0511,0.8393,-1.9404,COCHINSHIP,2021-10-12,0,-6.7474
6.4248,128,3.6513,0.8213,63.6935,10.3202,1.9837,0.0235,0,-0.0189,0.8665,3.5175,COCHINSHIP,2021-12-30,0,-6.1863
7.5523,15,2.5421,0.6789,65.2935,13.2075,2.5447,0.0256,1,0.0548,0.8922,-9.6794,COCHINSHIP,2022-04-04,0,-3.6734
5.1388,48,2.9102,0.8968,68.231,9.0435,1.5792,0.0452,1,0.0632,0.9969,10.9133,COCHINSHIP,2022-07-29,1,66.1594
10.5949,0,4.0064,0.8624,65.622,18.5236,4.1434,0.0674,0,-0.0032,0.9416,-3.8582,COCHINSHIP,2025-03-19,0,-16.2178
6.32,19,3.4404,0.6543,63.3019,12.8828,2.6652,0.0146,1,0.0183,1.0,0.0,COFORGE,2016-09-23,0,-6.8947
3.8919,121,2.0672,0.8942,61.5121,11.8323,2.3736,0.0308,1,0.0354,0.9458,8.7505,COFORGE,2017-03-31,1,31.5946
5.636,125,2.1987,0.9429,62.4343,11.8451,2.5576,0.049,1,0.0304,0.9909,4.7923,COFORGE,2017-04-07,1,28.1538
5.8572,137,5.081,0.636,68.4081,10.8277,3.3428,0.0819,1,0.0336,0.9976,7.8307,COFORGE,2017-04-26,0,16.0239
4.6087,11,3.3037,0.6334,63.7376,8.2806,3.2772,0.0976,1,0.0255,1.1734,41.4464,COFORGE,2017-07-11,0,-8.9232
6.867,21,2.5487,0.9355,69.9919,11.4925,2.3992,0.0616,1,0.0198,1.1765,3.5424,COFORGE,2017-09-20,0,13.5549
9.7889,10,1.9974,0.9079,68.2611,8.7808,2.8441,0.1325,1,0.0193,1.5681,58.0443,COFORGE,2018-04-20,0,0.6983
8.3256,43,2.6207,0.8736,69.837,14.6106,4.0,0.1084,1,0.0339,1.5677,23.2656,COFORGE,2018-07-24,0,5.2351
6.5392,22,11.0706,0.7464,65.7385,17.4815,3.0039,0.0829,1,0.0307,1.1797,34.3072,COFORGE,2019-12-17,0,10.9885
10.0174,0,4.151,0.5276,64.9368,8.2386,4.0669,0.0962,1,0.1055,1.1035,-17.7865,COFORGE,2020-07-07,1,54.318
7.1421,15,6.688,0.9345,66.8089,16.9885,3.4281,0.1317,1,0.0246,1.2242,53.3596,COFORGE,2020-09-11,0,14.0675
7.6864,19,4.5559,0.8321,61.5479,10.2583,4.1487,0.0511,1,0.0352,1.0629,23.9544,COFORGE,2021-03-10,1,43.3836
4.9776,32,6.1994,0.2919,62.8043,8.9696,2.6504,0.0408,0,-0.014,1.0506,14.1193,COFORGE,2023-01-20,0,-1.8919
9.2477,18,5.8031,0.8726,63.2623,21.3208,3.376,0.1224,0,-0.0273,1.3392,44.134,COFORGE,2024-10-23,0,18.6614
7.1985,4,3.9204,0.7306,57.7963,8.3586,4.5275,0.0,0,-0.0259,1.0,0.0,COHANCE,2020-05-12,1,105.5032
12.0846,0,1.6658,0.884,67.358,9.9479,3.404,0.0527,1,0.0976,1.7434,18.4996,COHANCE,2020-11-24,1,31.6897
4.4193,33,1.6823,0.9009,59.8867,8.54,4.3126,0.0311,0,-0.0057,0.977,51.0986,COHANCE,2021-03-31,0,-0.157
7.6057,46,4.3022,0.6559,67.8364,10.1727,4.1322,0.0781,0,-0.029,1.2513,28.8903,COHANCE,2021-04-22,0,-6.3936
5.9959,18,2.1476,0.8478,65.2087,8.318,2.4484,0.0201,1,0.0156,0.9421,4.2511,COHANCE,2021-07-23,0,7.0599
4.7762,29,1.8976,0.931,63.5536,8.9589,2.9765,0.038,1,0.0474,0.959,8.6706,COHANCE,2021-10-07,0,-8.5839
7.5941,46,5.2088,0.7051,67.1147,9.8203,3.2527,0.0669,1,0.0411,0.9906,2.5967,COHANCE,2022-01-12,0,-6.2486
8.3422,45,4.1505,0.5107,65.3568,9.5242,3.5583,0.0664,1,0.0637,0.8932,-14.1246,COHANCE,2022-08-30,0,-9.5885
12.4962,0,1.7432,0.8606,66.3024,11.9293,3.9778,0.059,1,0.0437,0.8007,4.3856,COHANCE,2022-11-16,0,3.8568
1.5616,134,2.8295,0.8373,68.6524,13.0348,1.0806,0.0252,1,0.0342,1.0041,-0.7263,COHANCE,2023-06-16,0,5.2265
9.037,8,13.0618,0.5871,57.0909,21.3145,3.4814,0.006,1,0.0267,1.1705,19.4256,COHANCE,2024-03-01,0,-14.8048
7.6955,44,2.8915,0.5751,64.536,10.2052,3.5258,0.0571,1,0.0341,0.8981,-0.5181,COHANCE,2024-06-10,1,66.302
11.3826,0,7.1183,0.7918,64.5485,16.0521,3.5385,0.0433,0,-0.007,0.7774,-10.9181,COHANCE,2025-09-08,0,-10.2431
6.7483,70,5.1148,0.2032,58.6844,8.7675,2.6923,0.0249,0,-0.0306,1.0,0.0,COLPAL,2016-11-04,0,-7.536
4.5749,15,2.6041,0.6948,69.2437,8.3034,1.9924,0.0859,1,0.0114,1.0572,12.9555,COLPAL,2017-04-21,0,-6.5205
6.6225,47,1.7915,0.9259,65.469,9.3193,2.7021,0.0548,1,0.0339,0.9787,18.9666,COLPAL,2017-06-07,0,-1.3458
2.2443,212,1.5193,0.6904,67.9599,8.9381,1.4722,0.0518,1,0.0346,1.0318,5.6399,COLPAL,2018-04-30,0,4.3855
5.2617,132,4.6769,0.7367,66.0114,9.2221,2.2079,0.0487,0,-0.0102,0.8598,-1.5694,COLPAL,2019-07-18,1,28.0862
3.9021,160,2.3137,0.8565,69.8548,10.175,1.9742,0.0689,0,-0.0358,1.0085,3.2025,COLPAL,2019-08-29,0,18.3905
4.9699,32,2.1864,0.8877,64.2661,8.6457,2.1606,0.0577,1,0.0946,1.1115,9.3358,COLPAL,2020-07-13,0,-6.2824
5.4122,107,2.9061,0.9518,67.3819,12.0632,2.81,0.0888,1,0.0312,0.8869,12.0062,COLPAL,2020-10-27,0,2.1524
5.0631,241,2.3827,0.6022,63.0426,10.7412,1.6818,0.0116,0,-0.0031,0.8795,0.5434,COLPAL,2021-05-14,0,8.4036
4.842,83,2.0065,0.9373,62.2733,8.5677,2.2267,0.0378,0,-0.0417,0.9291,-1.7492,COLPAL,2022-03-10,0,-0.1422
3.1617,199,5.7508,0.8491,64.3508,15.0037,2.0598,0.0473,1,0.04,1.1091,8.2031,COLPAL,2022-08-29,0,-4.3156
4.9969,29,1.6353,0.8161,68.7755,11.2416,1.8903,0.0526,1,0.0016,1.1961,28.0751,COLPAL,2023-09-26,0,19.2947
4.7301,57,2.656,0.9326,66.797,12.4486,2.4184,0.0632,1,0.0119,1.2059,29.8797,COLPAL,2024-03-14,0,-1.3531
8.5914,110,2.1451,0.5776,69.7742,9.136,2.4479,0.0939,1,0.0087,1.2068,20.226,COLPAL,2024-06-05,0,22.2071
5.8864,24,4.0069,0.6998,57.3399,8.8043,2.4746,0.0166,0,-0.0228,0.9907,-19.9691,COLPAL,2025-01-09,0,-9.3015
3.8076,88,3.4423,0.7204,64.6627,14.1411,1.7004,0.0222,0,-0.0145,0.9025,-8.2264,COLPAL,2026-01-19,0,-1.1205
10.6302,0,4.2291,0.8959,64.454,11.4396,2.8775,0.0265,0,-0.0025,0.9951,0.1951,COLPAL,2026-04-17,0,-3.4007
8.183,22,1.6781,0.6841,59.4115,17.768,4.0234,0.0525,1,0.0295,1.3716,31.6126,CONCORDBIO,2024-03-07,0,-0.6921
8.3263,6,12.3857,0.5305,60.9883,10.6393,4.5885,0.0517,1,0.0306,1.0499,8.2556,CONCORDBIO,2024-08-29,0,13.3979
7.2718,4,4.4376,0.7561,61.5539,9.0068,3.5065,0.0139,0,-0.0586,1.3272,17.8294,CONCORDBIO,2024-11-21,0,0.881
10.3214,0,3.1469,0.8881,60.8956,12.854,3.6585,0.0253,1,0.0371,0.7763,-29.7199,CONCORDBIO,2025-05-28,0,11.6927
7.4995,8,2.7079,0.6751,60.86,10.4461,4.0905,0.0238,1,0.0002,0.824,-16.6177,CONCORDBIO,2026-04-29,0,-7.4553
4.663,71,2.203,0.7507,66.3413,15.6887,3.125,0.053,1,0.0118,1.056,16.9804,CONCOR,2017-08-16,0,3.8646
7.0323,9,1.9351,0.6757,67.8065,8.0325,2.7865,0.0914,1,0.03,0.9919,3.2546,CONCOR,2018-05-08,0,-7.8088
8.191,6,2.3184,0.5781,64.8904,9.8817,2.5575,0.0141,1,0.0439,1.0389,3.0671,CONCOR,2019-03-13,0,-2.942
10.5676,0,1.7846,0.7349,67.0507,11.6163,3.5023,0.0855,1,0.0144,1.1086,17.8173,CONCOR,2019-09-20,0,-6.2669
6.0001,70,3.3201,0.8854,62.5619,11.1283,2.5754,0.0513,0,-0.0031,1.0764,-0.9497,CONCOR,2020-02-05,0,-11.2053
5.6536,4,2.6566,0.5957,66.7693,8.0392,3.6904,0.1278,1,0.0916,0.8983,-6.3263,CONCOR,2020-07-17,0,-10.3538
7.8276,24,4.8332,0.6548,65.5263,10.2286,3.6956,0.0699,1,0.0077,1.213,56.0509,CONCOR,2021-05-11,0,5.6912
10.2627,0,6.1793,0.8834,63.5905,11.0787,4.8212,0.1031,1,0.031,1.3212,47.0555,CONCOR,2021-05-24,0,0.7242
9.4134,53,2.6527,0.9247,69.9225,11.4785,2.9049,0.0908,1,0.0688,1.1203,32.487,CONCOR,2021-09-02,0,-10.3521
6.8041,26,9.5685,0.6218,61.1183,16.7959,3.3741,0.0769,1,0.0427,1.1427,10.6811,CONCOR,2022-09-07,0,-6.8794
9.4649,4,4.1208,0.8807,66.4493,11.7381,3.0891,0.0877,1,0.001,1.1692,18.1113,CONCOR,2022-10-19,0,-4.2826
8.2154,21,6.9271,0.9213,62.4866,10.5004,2.8586,0.0755,1,0.066,0.6856,-6.9624,CONCOR,2025-05-16,0,2.2088
3.5988,45,1.6997,0.891,63.7955,9.645,1.5431,0.0251,1,0.0372,0.965,-4.6138,CONCOR,2025-10-29,0,-5.1697
3.3384,85,1.9023,0.8218,58.5811,9.384,1.8142,0.0039,1,0.0051,0.8528,-1.6685,CONCOR,2025-12-26,0,-4.1265
8.4554,111,1.6978,0.4419,61.9051,11.4333,2.7021,0.0345,0,-0.0046,0.8931,-2.4247,CONCOR,2026-02-03,0,-8.5073
7.5499,4,4.7027,0.7912,64.5112,9.5526,3.5655,0.0469,0,-0.0009,1.0,0.0,COROMANDEL,2016-10-07,0,-9.1409
4.5122,29,1.9037,0.7306,61.7657,9.2087,3.3911,0.0557,1,0.0128,1.159,21.0766,COROMANDEL,2017-12-18,0,-1.6974
6.9634,12,3.2459,0.7699,66.1217,10.38,3.1705,0.1111,1,0.0887,0.8525,10.1491,COROMANDEL,2020-12-28,0,-7.3365
5.6273,20,3.1309,0.8898,60.1285,13.4723,3.1229,0.0604,1,0.0042,1.0014,23.6336,COROMANDEL,2021-07-30,0,-10.7799
6.4315,23,1.5718,0.7765,65.144,8.3012,3.068,0.0431,1,0.0414,0.9801,6.3818,COROMANDEL,2021-10-06,0,-9.4965
9.2126,87,2.8755,0.8843,67.7902,10.0996,3.16,0.0902,1,0.0015,1.0473,10.0973,COROMANDEL,2022-03-17,0,13.6108
8.8624,48,3.638,0.9112,68.1317,10.8797,3.0398,0.1162,1,0.0337,1.4971,26.0856,COROMANDEL,2022-07-27,0,-7.5342
4.7806,138,3.7503,0.931,62.6022,18.6076,2.0573,0.0149,1,0.0395,0.9237,-9.2297,COROMANDEL,2022-12-08,0,-6.9349
3.6956,41,2.7464,0.8293,64.8787,9.51,1.8374,0.0513,0,-0.0081,0.8972,-4.7395,COROMANDEL,2023-03-06,0,-6.1657
6.0083,9,2.4549,0.8218,69.1374,9.723,1.8657,0.0741,1,0.0418,1.0058,5.8755,COROMANDEL,2023-05-04,0,-6.3533
6.8102,70,2.508,0.9278,67.0513,10.8598,2.7485,0.0847,1,0.0374,1.1042,20.6589,COROMANDEL,2023-07-31,0,6.5753
8.0053,5,4.3073,0.8401,64.8788,15.2341,3.0902,0.0759,1,0.009,0.8938,-4.645,COROMANDEL,2024-04-26,1,26.2359
5.6781,22,2.3025,0.6594,58.701,12.8676,3.8898,0.0469,1,0.0375,1.2251,32.1238,COROMANDEL,2025-06-27,0,-1.6388
5.2101,12,2.4595,0.4748,57.6659,12.5312,3.5001,0.051,1,0.005,0.9886,-2.5454,COROMANDEL,2025-12-19,0,-8.4271
10.1269,0,6.7359,0.9394,67.6646,12.0023,3.4521,0.1201,1,0.0115,1.0,0.0,CPPLUS,2025-11-07,0,-9.4717
6.3388,24,2.4562,0.4794,60.5083,10.8024,3.2991,0.0389,1,0.0688,1.0,56.7166,CRAFTSMAN,2021-09-02,0,10.1431
9.8771,12,4.9208,0.7448,62.5309,12.7691,4.5766,0.0411,1,0.0045,1.1204,-15.1796,CRAFTSMAN,2022-03-22,0,-1.7197
6.3998,6,9.5717,0.4243,62.8367,11.1472,4.5195,0.0934,0,-0.0086,1.3365,29.2878,CRAFTSMAN,2022-12-30,0,-9.1253
7.0477,2,3.4246,0.8626,63.1937,12.6305,3.3627,0.0873,1,0.0096,0.8897,-10.9752,CRAFTSMAN,2024-04-24,0,-10.1669
8.6191,37,5.6837,0.8813,68.9836,12.9164,2.9414,0.0802,1,0.0391,0.8163,7.9718,CRAFTSMAN,2024-06-14,1,25.9104
9.5654,18,5.1557,0.7217,68.0211,17.1909,3.7471,0.0742,0,-0.0072,1.1254,7.3891,CRAFTSMAN,2024-12-18,0,-13.7511
10.7319,0,5.3575,0.6426,60.2364,13.9265,3.771,-0.0245,0,-0.0501,0.8755,-18.064,CRAFTSMAN,2025-02-28,0,-15.5483
3.736,79,3.2496,0.8716,66.9274,12.692,2.7,0.0734,1,0.0051,1.3242,4.0392,CRAFTSMAN,2025-12-26,0,-3.8079
6.8434,82,7.1752,0.7799,67.6631,12.7828,3.3487,0.1123,1,0.0074,1.3196,11.5714,CRAFTSMAN,2025-12-31,0,-4.6053
7.946,31,3.5406,0.5827,67.7647,13.1158,3.624,0.082,0,-0.0281,1.3664,8.6122,CREDITACC,2019-08-30,1,47.0956
7.4485,32,6.1569,0.2698,64.094,11.5625,4.0221,0.0665,0,-0.0148,0.9524,-4.3878,CREDITACC,2023-02-08,0,-7.909
7.7066,6,2.6372,0.3756,66.7114,8.5668,3.1222,0.0934,1,0.0411,1.417,45.4372,CREDITACC,2023-07-24,0,-4.3209
8.4623,5,2.5656,0.5506,56.4111,8.1428,3.9763,-0.0076,1,0.0228,0.9862,-14.6983,CREDITACC,2024-04-04,0,-6.9205
3.8578,10,3.6398,0.7761,56.4067,10.5874,2.2375,0.0003,1,0.0291,0.8016,-13.8656,CREDITACC,2024-09-12,0,-8.1333
8.9635,2,6.1828,0.8382,66.4823,10.4201,3.9681,0.1219,1,0.0064,1.2892,45.7273,CREDITACC,2025-07-23,0,-10.4755
7.431,22,15.2141,0.5281,58.4904,19.5884,3.7891,0.0346,0,-0.0305,1.0562,4.3826,CREDITACC,2026-01-21,0,-9.0979
10.7508,0,5.8463,0.6562,67.8239,9.3335,3.9951,0.1055,0,-0.0251,1.0604,12.1615,CREDITACC,2026-01-22,0,-13.2787
6.0506,7,2.1578,0.901,60.7731,20.7548,2.5124,0.0,0,0.0,1.0,0.0,CRISIL,2016-08-01,0,2.1609
4.1779,25,7.1361,0.3075,57.378,8.6901,2.6277,0.0,0,0.0,1.0,0.0,CRISIL,2016-08-26,0,1.8766
7.0007,32,2.1014,0.6426,62.1092,9.4629,3.1465,0.0661,1,0.0823,1.0406,-6.8168,CRISIL,2020-06-24,0,5.7048
5.6989,63,2.287,0.8641,64.3179,9.2653,2.7411,0.0507,1,0.0364,1.0213,28.6307,CRISIL,2020-10-19,0,3.8246
9.5343,66,3.1187,0.862,67.8259,9.245,3.0013,0.0835,1,0.0351,1.0937,35.8483,CRISIL,2020-10-22,0,-0.4397
4.0796,64,2.8188,0.6862,68.1998,12.6805,2.5872,0.0497,1,0.0801,0.8623,17.0713,CRISIL,2021-02-15,0,-8.2326
8.826,40,11.1733,0.7226,68.548,17.7565,3.7524,0.1004,1,0.0055,1.3496,22.4236,CRISIL,2021-11-11,0,-6.9021
9.6651,66,2.6596,0.8731,64.7465,8.2079,4.1939,0.0757,0,-0.0074,1.0704,2.7291,CRISIL,2022-03-21,0,-0.423
10.9117,0,4.2648,0.7495,67.2471,9.0673,4.9359,0.186,1,0.0083,1.3514,19.2761,CRISIL,2022-04-28,0,-11.865
5.3572,118,3.9463,0.7898,64.9228,15.6025,2.4488,0.0289,0,-0.0032,0.8159,-8.0956,CRISIL,2022-12-29,0,3.8743
5.5524,29,1.9499,0.9109,69.2114,8.7749,2.5706,0.1001,0,-0.0298,1.0101,9.9038,CRISIL,2023-02-27,0,-6.3572
4.1329,16,1.6874,0.8653,66.0113,8.059,2.0839,0.0947,1,0.0428,1.2343,23.4841,CRISIL,2023-05-26,0,9.428
3.9273,77,3.3016,0.6997,67.7659,15.1217,1.9672,0.0469,1,0.0045,1.0724,7.3802,CRISIL,2023-10-10,0,0.335
6.3449,32,2.9547,0.8326,63.5733,9.5162,2.2559,0.0446,1,0.0573,0.9076,-0.7943,CRISIL,2024-07-01,0,-7.0327
7.7894,42,3.7577,0.6512,64.1478,9.2587,2.9583,0.0644,1,0.0588,0.9778,-6.5567,CRISIL,2024-07-15,0,-9.4584
7.9351,16,6.456,0.7986,69.284,8.7202,2.8429,0.1302,1,0.0146,1.3299,38.3583,CRISIL,2024-12-13,0,-7.1437
6.9344,45,4.6676,0.8548,63.4476,11.0557,2.4933,0.0284,1,0.0081,0.7898,-8.0691,CRISIL,2026-01-06,0,-4.2712
11.5301,0,4.3783,0.8297,64.2195,9.1299,3.4679,0.0199,0,-0.0025,0.9946,-1.91,CRISIL,2026-04-17,0,-7.7277
5.8633,3,2.0391,0.6512,69.8165,10.1152,3.7427,0.1904,1,0.0578,1.1681,10.121,CROMPTON,2017-02-23,0,7.4609
6.5678,48,1.6337,0.8385,63.6718,9.4274,2.7715,0.0541,1,0.0217,1.1019,-10.055,CROMPTON,2018-05-04,0,-9.4043
8.2715,4,2.3742,0.102,62.2107,9.3347,3.8294,0.0649,1,0.0593,0.9863,12.6833,CROMPTON,2019-04-01,0,-6.5105
6.578,62,2.9435,0.5,58.6375,12.0975,3.9434,0.0559,1,0.0212,0.9454,31.9055,CROMPTON,2020-09-14,1,25.299
10.7264,0,6.4618,0.1793,69.8388,10.3244,3.4919,0.1279,1,0.0369,1.1175,32.9558,CROMPTON,2020-10-23,1,29.4675
7.6246,17,1.8606,0.8515,67.0883,11.5531,2.9402,0.1108,1,0.0575,1.0603,9.5168,CROMPTON,2022-08-25,0,-8.0782
4.8293,135,2.4778,0.8043,67.7028,13.1379,2.5617,0.0714,1,0.0774,0.9382,7.0408,CROMPTON,2023-12-29,0,-3.5135
7.962,25,1.8443,0.7853,64.9987,9.6177,3.4537,0.0884,1,0.0394,1.076,32.8664,CUB,2017-07-31,0,-11.0966
5.2915,55,5.5319,0.6465,69.1791,22.1806,3.2577,0.0797,1,0.0218,1.1618,11.5942,CUB,2018-05-31,0,6.103
3.0639,83,2.2164,0.1804,62.1178,8.9076,2.2412,0.0232,1,0.0218,1.0547,9.2134,CUB,2018-07-10,0,7.2226
7.3275,38,3.2546,0.7969,66.936,14.6696,2.8028,0.0804,1,0.0144,1.1513,7.035,CUB,2019-09-20,0,-4.2069
5.2544,23,2.6553,0.8985,68.514,8.8242,2.0805,0.0804,1,0.0222,1.1156,23.9286,CUB,2020-01-15,0,-6.2234
7.6521,20,3.6549,0.8578,64.1107,13.1486,2.6465,0.0224,1,0.0609,0.8264,-3.0511,CUB,2021-09-01,0,-7.2381
6.6772,7,1.9445,0.8803,56.0013,8.7742,2.5901,-0.016,1,0.0066,0.6776,-30.4802,CUB,2023-04-20,0,-1.8787
10.7841,0,5.9047,0.2317,64.0234,9.3779,3.0064,0.0508,1,0.0235,0.7392,-31.2162,CUB,2023-04-27,0,-6.4645
8.7853,11,4.3724,0.561,62.1015,12.5011,3.2219,0.084,1,0.0502,1.0256,33.4543,CUB,2024-07-29,0,-4.4103
10.3762,0,1.7918,0.6399,66.436,9.9169,3.4316,0.0,0,0.0,1.0,0.0,CUMMINSIND,2016-08-08,0,-3.7429
9.8775,38,3.6631,0.8976,68.7306,14.8738,3.0916,0.0662,1,0.0441,0.8204,0.307,CUMMINSIND,2018-08-03,0,-1.1507
9.1615,11,6.3378,0.4277,63.498,17.8389,4.3741,0.0488,0,-0.0541,1.0188,11.8119,CUMMINSIND,2018-10-31,0,7.2732
8.5071,38,3.2781,0.9091,64.9996,17.8903,2.6318,0.0511,1,0.0311,0.8688,-8.5269,CUMMINSIND,2019-05-20,0,-5.3519
7.5257,78,1.5077,0.9067,60.4653,9.8594,2.2205,0.0318,1,0.0241,0.7284,-1.871,CUMMINSIND,2020-01-02,0,-3.8533
7.0733,94,2.4357,0.6957,59.8586,11.512,2.7448,0.0605,1,0.0106,0.7752,2.365,CUMMINSIND,2020-01-24,0,-7.3333
7.3634,21,3.6874,0.8552,63.8307,10.3893,3.1419,0.0505,1,0.086,1.0403,18.266,CUMMINSIND,2020-11-12,1,63.0271
7.2363,60,1.8633,0.7655,60.2872,8.5405,2.4648,0.0311,1,0.0453,1.2745,10.8821,CUMMINSIND,2021-06-25,0,13.5702
7.6063,63,4.0882,0.8722,66.511,10.8719,2.7031,0.0788,1,0.0311,1.4074,17.3746,CUMMINSIND,2021-06-30,0,8.933
5.0176,86,3.1395,0.9123,67.0766,14.1425,2.4506,0.0793,1,0.0255,1.1642,1.7163,CUMMINSIND,2021-08-03,0,7.205
9.0109,2,2.2006,0.8758,68.0238,11.8537,3.4486,0.1455,1,0.0822,1.3353,9.8195,CUMMINSIND,2022-08-11,0,8.9209
6.6469,54,3.0832,0.9456,65.8121,10.3524,2.9322,0.0773,1,0.0428,1.2753,20.6257,CUMMINSIND,2023-05-26,0,6.0373
4.1661,48,4.2577,0.7035,62.42,14.3907,2.0705,0.0303,0,-0.0062,1.0217,-6.8954,CUMMINSIND,2023-11-08,0,4.4444
9.8485,24,5.0755,0.8155,67.0121,12.0512,2.8237,0.0852,1,0.0385,0.8974,10.442,CUMMINSIND,2025-05-29,0,24.424
7.5318,5,2.547,0.9311,65.0194,10.2301,3.2302,0.0228,0,-0.0074,1.1788,10.4227,CUMMINSIND,2026-02-05,0,6.1323
3.4587,92,4.6448,0.1476,60.6789,17.9434,2.5522,0.032,1,0.0419,0.9625,-0.6766,CYIENT,2017-04-05,0,2.237
6.6635,105,1.7322,0.3499,60.6289,9.3929,4.1555,0.0423,1,0.0224,1.022,7.278,CYIENT,2017-10-13,0,7.0623
4.7591,23,2.1333,0.7938,61.9101,15.4114,2.7667,0.0157,1,0.034,0.7627,-4.2949,CYIENT,2019-12-18,0,9.4367
10.7945,0,2.4653,0.8061,65.9877,12.4272,2.9408,0.0774,1,0.0169,0.7876,3.1075,CYIENT,2020-01-01,0,5.7758
8.9274,10,2.9691,0.8306,66.2889,11.4405,3.7359,0.1371,1,0.0657,1.3709,44.1551,CYIENT,2021-10-14,0,-8.2332
6.5604,8,1.8155,0.8544,63.6886,9.6116,3.1636,0.0154,1,0.0069,1.0966,13.1644,CYIENT,2022-01-03,0,-9.8439
7.8811,41,1.8512,0.8057,64.5391,8.7257,2.6395,0.0554,1,0.0632,0.9143,-11.4546,CYIENT,2022-07-29,0,-1.9743
7.1471,25,6.5904,0.9078,68.5231,8.4755,2.447,0.0882,0,-0.024,1.0335,7.1766,CYIENT,2023-01-12,0,19.6764
4.5658,17,6.4582,0.8719,67.6192,15.3372,2.8305,0.0879,0,-0.0386,1.2907,23.796,CYIENT,2023-03-24,1,46.7156
5.522,20,2.6423,0.8485,61.2572,9.1371,3.0216,0.0589,1,0.0227,1.6554,62.2125,CYIENT,2023-08-02,0,8.5542
10.8029,0,3.3592,0.8967,68.2831,9.1023,2.5467,0.0891,1,0.0052,1.3299,31.9389,CYIENT,2023-11-20,0,12.8847
8.0893,19,1.8212,0.7832,66.5501,8.6287,3.3124,0.0593,1,0.0228,1.1182,19.3904,CYIENT,2024-04-04,0,-10.8323
8.4819,12,3.2474,0.9117,64.3471,12.834,3.1356,0.0256,1,0.0365,0.8382,-9.2075,CYIENT,2024-06-07,0,-8.1239
6.5349,64,4.3271,0.8146,62.9442,11.0362,2.0271,0.0287,0,-0.0108,1.0,0.0,DABUR,2016-10-26,0,-5.5798
4.3942,171,1.6578,0.9495,69.6612,11.1335,2.1611,0.0825,1,0.0309,1.0387,16.6854,DABUR,2017-08-07,0,-6.3125
4.1763,228,3.5511,0.8517,69.718,11.0987,1.9968,0.0624,1,0.0317,1.0564,16.3492,DABUR,2017-10-31,0,-3.3327
4.423,21,4.5561,0.7833,62.7217,8.0086,2.3917,0.0462,1,0.005,1.1891,-4.6467,DABUR,2019-01-31,0,-5.9733
9.5088,2,1.6482,0.6156,60.4732,10.1375,2.5462,-0.0038,1,0.0272,0.9041,-4.1667,DABUR,2019-05-24,0,-3.6507
6.9568,23,1.8495,0.901,69.7783,9.795,1.9748,0.0778,0,-0.0038,0.9385,-2.9791,DABUR,2019-07-16,0,3.1074
7.7947,96,5.0594,0.9273,66.1042,12.5873,2.3105,0.0703,1,0.0565,1.246,23.0314,DABUR,2019-11-05,0,0.1802
3.7006,143,2.2842,0.9246,66.0099,8.2058,1.5847,0.0359,1,0.0226,1.1118,8.4132,DABUR,2020-01-13,0,0.288
7.1223,46,2.2214,0.9308,68.7857,8.5744,2.6969,0.1021,1,0.0654,1.1448,22.6095,DABUR,2020-07-31,0,-7.5546
5.4336,275,2.5064,0.9211,68.725,11.2719,1.8646,0.0736,1,0.0265,0.9907,13.4025,DABUR,2021-07-01,0,6.0815
2.4958,295,1.8239,0.8487,66.4676,11.416,1.8249,0.0594,1,0.0042,1.0142,15.6868,DABUR,2021-07-30,0,3.0426
4.2745,256,1.6379,0.8287,63.0807,9.5821,1.6165,0.0405,1,0.0774,0.8539,-0.1996,DABUR,2023-12-29,0,-4.1777
6.0755,278,4.5854,0.2596,56.3046,8.5597,2.3449,0.0181,1,0.0251,0.8674,-1.4823,DABUR,2024-02-01,0,-6.009
5.4492,337,2.3021,0.6168,60.7222,16.2172,1.6644,0.0047,1,0.0168,0.8608,-2.6682,DABUR,2024-05-02,0,19.2873
5.5237,7,3.6656,0.869,66.1743,15.2897,2.6474,0.0915,0,-0.0234,0.9844,5.2325,DABUR,2024-06-04,0,3.5009
7.1661,50,2.727,0.8777,64.1877,8.362,2.0102,0.0499,1,0.0133,1.1124,31.2782,DABUR,2024-09-09,0,-5.7227
6.0848,27,2.9981,0.8693,64.7005,9.5879,2.3674,0.0667,0,-0.0162,1.0025,11.8695,DABUR,2025-09-02,0,-4.728
4.7317,54,3.8631,0.8629,67.4193,17.7992,1.5978,0.0304,1,0.0145,1.0415,1.8236,DABUR,2026-01-02,0,-5.1508
4.735,14,2.9413,0.3782,58.6312,8.4109,3.0972,0.009,1,0.0245,0.7894,-7.3932,DALBHARAT,2020-01-14,0,-2.3948
7.4955,12,1.7128,0.479,56.4414,8.5683,3.5028,0.0309,1,0.0344,0.7979,-34.3028,DALBHARAT,2020-05-27,1,45.7707
9.1427,4,1.7278,0.7893,67.7208,9.445,3.6613,0.1199,1,0.0465,1.3092,25.147,DALBHARAT,2020-11-05,0,6.8464
7.7086,8,2.1918,0.9355,61.4976,12.2087,3.3991,0.0267,0,-0.0093,0.8231,-16.1516,DALBHARAT,2022-07-06,0,13.7737
6.9117,22,1.7095,0.9163,63.1595,11.2367,2.3953,0.0458,0,-0.0279,1.2528,15.1527,DALBHARAT,2023-03-29,0,0.5568
6.2689,8,2.4366,0.7073,55.8423,14.1367,2.1357,-0.0083,1,0.038,0.7086,-17.7275,DALBHARAT,2024-06-03,0,-7.0623
4.9417,36,1.7152,0.8375,65.8281,10.4053,2.2997,0.0655,1,0.0569,0.7186,-6.4612,DALBHARAT,2024-07-12,0,-7.1757
6.0805,39,2.6786,0.9541,68.2569,11.5276,2.298,0.0814,1,0.0358,1.188,23.0192,DALBHARAT,2025-06-26,0,7.3738
3.8277,40,2.5513,0.9376,58.3194,18.2408,1.9327,-0.0077,1,0.0117,0.9453,-5.8205,DALBHARAT,2025-12-12,0,-1.1524
9.4503,5,3.6361,0.8391,64.9291,14.8151,5.3128,0.1067,1,0.016,0.8125,-25.4706,DATAPATTNS,2025-04-15,1,57.5253
7.8873,17,2.9308,0.9127,60.6034,9.3322,3.6897,0.0205,1,0.0084,1.5397,25.9908,DATAPATTNS,2025-09-12,0,-7.6058
9.1329,19,10.8989,0.7397,67.5263,11.9526,3.1255,0.1044,1,0.023,1.1114,1.5374,DATAPATTNS,2025-11-13,0,-7.6489
6.3021,32,7.9799,0.6528,67.8798,16.7582,3.3812,0.0877,1,0.0365,1.2798,50.0041,DCMSHRIRAM,2017-03-24,0,19.7965
6.5501,14,5.4378,0.3523,65.9367,11.9712,2.9326,0.0873,1,0.0252,1.5119,40.3967,DCMSHRIRAM,2017-06-12,0,-7.9784
6.4278,14,4.4348,0.882,59.2167,11.9768,3.2408,0.0285,1,0.0394,1.1559,32.5715,DCMSHRIRAM,2017-07-31,0,11.4353
5.9279,4,6.5758,0.4009,64.3192,11.6477,3.2195,0.0515,1,0.0525,1.5469,32.3433,DCMSHRIRAM,2018-01-22,0,-9.0857
6.2457,5,2.1015,0.79,68.4248,11.4521,2.3279,0.1178,1,0.0305,0.7068,25.006,DCMSHRIRAM,2018-09-07,0,-1.3184
7.0565,9,2.339,0.7841,64.9723,10.6939,4.2671,0.1602,1,0.0297,1.0622,43.7932,DCMSHRIRAM,2021-03-02,1,40.7775
10.4929,0,2.6773,0.6496,66.6755,8.5304,4.3698,0.1831,1,0.0595,1.6974,77.1274,DCMSHRIRAM,2021-06-07,1,25.4439
7.5857,34,5.8003,0.893,66.683,19.3194,3.4589,0.0749,1,0.0175,1.0435,21.9861,DCMSHRIRAM,2022-01-04,0,-9.3041
11.6944,0,10.5874,0.2662,63.7918,11.3884,5.1796,0.104,1,0.0242,0.9954,15.8848,DCMSHRIRAM,2022-01-19,0,-11.4161
7.0465,31,3.0953,0.8995,63.8848,13.3731,2.5988,0.0568,1,0.0014,1.1529,7.1259,DCMSHRIRAM,2022-07-15,0,-2.9131
7.093,72,2.5416,0.7814,66.1015,10.8344,3.2947,0.0931,1,0.042,0.9951,9.9575,DCMSHRIRAM,2022-09-15,0,-10.2929
8.75,6,5.4485,0.7661,69.6365,9.3848,2.9196,0.0907,1,0.0067,0.8909,-7.8834,DCMSHRIRAM,2024-05-06,0,-2.3901
9.759,17,7.1044,0.9235,65.8645,11.0475,3.5957,0.0991,1,0.037,0.9614,5.3709,DCMSHRIRAM,2024-06-13,0,7.1684
10.8167,0,4.8488,0.7205,62.8157,11.3253,3.7929,0.0256,0,-0.0043,1.0863,20.225,DCMSHRIRAM,2024-10-16,0,-11.7373
5.9583,7,2.7427,0.7876,58.2736,13.3048,3.1093,0.0238,0,-0.0219,1.1745,0.3485,DCMSHRIRAM,2024-12-31,0,-11.5463
8.57,7,3.8689,0.883,62.0076,9.9844,2.5381,0.0402,1,0.036,1.1854,10.9378,DCMSHRIRAM,2025-10-27,0,-4.4658
6.4812,12,12.4467,0.5039,58.0528,11.0751,3.6264,0.0417,1,0.0071,1.0938,-10.4259,DCMSHRIRAM,2025-12-11,0,-4.3905
10.0922,0,4.0964,0.7935,67.0475,10.908,4.1868,0.0,0,0.0,1.0,0.0,DEEPAKFERT,2016-08-19,0,14.1901
6.8013,23,2.9572,0.8207,69.8717,9.7314,2.8215,0.0784,1,0.0542,1.1768,29.5514,DEEPAKFERT,2017-03-16,0,-6.5127
8.1052,14,4.2907,0.871,65.3184,10.3687,3.5521,0.0205,1,0.0163,1.4393,11.5118,DEEPAKFERT,2017-12-28,0,-9.1539
9.4724,14,3.4818,0.8241,59.1031,11.2475,4.0751,-0.002,1,0.0465,0.6919,-10.7199,DEEPAKFERT,2018-07-30,0,-11.2429
7.105,8,8.155,0.6574,60.8762,10.4199,2.9669,0.0214,1,0.0258,0.7788,14.9245,DEEPAKFERT,2019-12-27,0,2.9949
10.122,0,3.3822,0.867,64.6464,10.6173,4.3495,0.1705,1,0.0559,1.5215,-0.2644,DEEPAKFERT,2020-06-15,1,45.9829
7.7787,22,6.6332,0.6635,64.9584,11.4741,3.8083,0.0767,1,0.0681,0.8463,17.8125,DEEPAKFERT,2021-02-03,1,55.1135
11.5134,0,4.4318,0.773,68.0985,8.3408,4.0519,0.1283,1,0.0464,0.8291,22.5357,DEEPAKFERT,2021-02-25,1,74.4967
5.6426,28,2.9904,0.6413,63.573,10.1929,3.3097,0.0489,1,0.071,1.4308,43.3263,DEEPAKFERT,2021-10-18,0,-12.6333
6.8469,17,2.8302,0.9533,63.6472,14.9519,3.2857,0.0559,1,0.0069,0.9251,-0.8485,DEEPAKFERT,2022-01-03,0,17.2278
10.5062,0,5.4963,0.8516,64.9445,12.7976,3.9941,0.0856,0,-0.0102,1.3622,37.8486,DEEPAKFERT,2022-10-17,0,-8.545
4.9347,19,3.4799,0.9077,67.4884,14.1148,2.0788,0.0528,1,0.0512,0.7939,-4.3585,DEEPAKFERT,2023-07-06,0,-4.7802
6.6057,9,3.3014,0.8654,64.5145,13.1477,2.3234,0.0407,0,-0.0028,0.8571,-0.7808,DEEPAKFERT,2023-08-29,0,6.7771
7.0298,13,7.0055,0.6742,66.4971,8.973,3.0598,0.128,1,0.0061,0.9768,23.9218,DEEPAKFERT,2023-10-16,0,-8.6581
8.6632,13,3.9594,0.8405,67.3094,9.3734,2.5712,0.0631,1,0.0657,1.0985,15.6779,DEEPAKFERT,2023-12-06,0,-5.8437
11.3478,0,6.7611,0.9029,61.5135,20.8251,5.2392,0.046,0,-0.0276,1.5138,32.1796,DEEPAKFERT,2025-01-29,0,-21.8401
11.9543,0,3.4873,0.9431,69.7709,9.9159,3.7759,0.1658,1,0.0371,1.0918,27.6801,DEEPAKFERT,2025-05-28,0,9.2191
6.447,17,2.7866,0.7207,61.2054,10.4719,2.5757,0.0202,1,0.0115,1.2414,13.7072,DEEPAKFERT,2025-09-23,0,-6.9025
10.4167,0,6.3371,0.9326,66.2091,10.8521,4.0387,0.1353,1,0.0527,1.0987,-8.2671,DEEPAKNTR,2017-03-01,0,15.151
6.2662,25,5.097,0.5627,63.1937,8.7703,4.2481,0.0769,1,0.0375,1.3598,46.8022,DEEPAKNTR,2017-06-05,0,4.9557
6.2604,7,2.9676,0.7514,66.4471,12.3205,4.043,0.12,0,-0.0082,1.437,33.6569,DEEPAKNTR,2017-09-26,0,5.8041
7.2005,19,5.4923,0.467,64.9894,9.0425,3.3058,0.0632,1,0.0237,1.2053,32.1063,DEEPAKNTR,2018-04-24,0,-11.3665
10.1726,0,3.4474,0.8835,68.7931,11.1535,3.8962,0.1404,0,-0.009,1.0484,13.8279,DEEPAKNTR,2018-09-19,0,-15.6223
10.3689,0,4.7656,0.827,63.675,14.1178,4.2086,0.0516,0,-0.0355,1.0828,11.9545,DEEPAKNTR,2018-11-02,0,-14.0746
7.3022,19,9.5884,0.3897,67.4022,8.6188,3.1935,0.1167,1,0.0215,1.0306,24.5053,DEEPAKNTR,2019-05-06,0,0.7613
7.9963,24,2.1827,0.7319,66.4043,8.0155,2.8557,0.0685,1,0.0436,1.1403,8.2138,DEEPAKNTR,2019-09-23,0,7.5533
6.0809,19,2.5048,0.8622,63.6116,14.8741,3.3987,0.1063,0,-0.0346,1.4199,36.1716,DEEPAKNTR,2020-02-03,0,0.2333
8.4568,30,2.4571,0.8151,60.7199,15.3635,3.5787,0.0387,1,0.1056,1.5737,7.7668,DEEPAKNTR,2020-07-06,1,62.7392
10.9259,0,3.816,0.9141,69.9596,11.5131,3.8356,0.1827,0,-0.0102,1.9857,106.9364,DEEPAKNTR,2021-04-27,0,7.5597
4.6351,11,3.176,0.7747,59.5849,9.2889,2.5024,0.0606,1,0.0574,1.7978,82.3826,DEEPAKNTR,2021-06-08,1,26.4193
5.4559,28,2.6749,0.8985,66.4534,8.9723,2.7877,0.059,1,0.0265,1.8159,44.6793,DEEPAKNTR,2021-07-01,1,25.4129
6.4005,16,2.5426,0.8162,57.8015,14.7276,2.913,0.0083,1,0.0345,0.7851,-8.9972,DEEPAKNTR,2022-07-21,0,0.3843
6.0935,21,5.3803,0.9006,68.6343,16.3898,2.2376,0.0549,0,-0.0028,1.0997,18.5494,DEEPAKNTR,2023-08-29,0,-1.4053
10.6554,0,3.7418,0.794,63.5879,8.0186,2.6817,0.0438,1,0.0105,0.9577,15.0081,DEEPAKNTR,2023-11-23,0,2.3202
7.5004,12,2.7269,0.9151,63.3964,12.1418,2.3925,0.0394,1,0.0291,0.9379,5.4756,DEEPAKNTR,2024-04-10,0,0.953
6.3067,100,2.1982,0.6292,63.7281,8.6761,2.137,0.0215,1,0.007,0.8477,-11.3931,DEEPAKNTR,2025-09-24,0,-7.0748
4.4471,5,1.5347,0.6916,58.747,8.4384,2.9576,0.0042,1,0.0519,1.0,0.0,DELHIVERY,2022-09-14,0,-10.9646
6.8965,27,3.5142,0.7803,67.7376,10.8646,3.332,0.0804,1,0.0068,0.638,5.5391,DELHIVERY,2023-04-21,0,16.4804
6.6394,19,9.9861,0.6597,63.3851,19.6309,3.3185,0.0832,1,0.0289,1.1311,25.0449,DELHIVERY,2023-06-12,0,13.9042
5.4765,23,2.429,0.8712,62.65,12.3374,2.9599,0.0863,1,0.0197,1.2452,29.1833,DELHIVERY,2023-08-04,0,-4.3952
12.632,0,2.7436,0.9291,69.4708,12.3997,2.8939,0.075,1,0.053,0.9481,0.5597,DELHIVERY,2024-01-10,0,-9.9741
7.8873,7,3.4342,0.8089,66.2484,13.5409,2.9508,0.0904,1,0.0326,0.938,-0.5347,DELHIVERY,2024-01-29,0,-3.1407
7.8515,29,2.3855,0.7799,65.0287,8.8574,2.9453,0.045,1,0.0502,0.904,-2.6095,DELHIVERY,2024-07-29,0,-0.3779
8.2633,12,2.683,0.9168,60.7952,8.8932,3.6802,0.0016,1,0.004,0.9107,-8.6298,DELHIVERY,2024-12-09,0,-6.3838
9.9314,15,2.7249,0.915,61.1737,8.8766,4.7828,0.0491,1,0.0383,0.72,-15.6766,DELHIVERY,2025-04-17,1,42.1053
4.6616,9,2.3579,0.8405,66.0247,9.2874,3.0888,0.1328,1,0.0192,1.0158,19.6604,DELHIVERY,2025-06-24,0,8.3594
6.4169,17,5.9939,0.4,56.6297,17.8708,2.5694,0.0,1,0.065,1.0,0.0,DEVYANI,2021-10-19,1,52.8348
8.3371,6,5.2191,0.8568,67.5866,11.9283,3.7041,0.1266,1,0.0632,1.0642,6.2018,DEVYANI,2022-07-29,0,7.8212
6.7106,13,2.8247,0.6823,65.8919,15.7189,3.5057,0.1308,1,0.0332,1.0121,25.6352,DEVYANI,2023-06-13,0,17.1895
6.658,23,5.8848,0.4471,61.5271,14.3807,2.6378,0.0173,1,0.0768,0.8803,1.3403,DEVYANI,2023-12-19,0,-9.3529
9.9347,5,3.185,0.8955,69.4699,9.9113,2.9265,0.0789,1,0.0168,0.8596,-6.5116,DEVYANI,2024-06-06,0,3.5996
4.1017,23,3.5967,0.7681,58.1835,10.1754,2.3642,0.0134,1,0.0085,0.9022,4.7055,DEVYANI,2025-07-15,0,-5.8174
4.5674,7,2.8367,0.8095,65.8742,8.8226,2.279,0.1269,1,0.0409,1.334,44.9565,DIVISLAB,2017-11-01,0,1.8007
5.4439,32,2.7519,0.9051,63.9821,9.2601,3.0601,0.0752,1,0.0465,1.0335,6.5058,DIVISLAB,2018-07-30,0,-4.3703
9.7342,6,4.9389,0.9022,68.3249,23.7579,4.1246,0.1173,0,-0.0702,1.2835,31.8231,DIVISLAB,2018-10-29,0,3.8948
8.3252,54,2.1242,0.9151,63.68,13.8661,2.6764,0.0368,1,0.1065,1.3915,11.5508,DIVISLAB,2020-07-23,1,27.8655
8.0929,46,4.8574,0.6633,67.9811,9.6688,2.9385,0.084,1,0.0731,1.0614,56.3035,DIVISLAB,2020-11-09,0,4.3489
3.5268,23,2.0402,0.8544,69.8781,11.3788,1.9958,0.0878,1,0.0555,1.3032,35.5974,DIVISLAB,2021-08-30,0,-4.5994
8.6022,47,5.0879,0.7772,60.268,21.3424,2.91,0.0472,1,0.0487,1.2183,27.8998,DIVISLAB,2021-10-04,0,-7.1487
7.3911,37,4.1477,0.9417,64.6385,15.4127,1.9919,0.0594,1,0.0363,0.8064,7.3988,DIVISLAB,2022-11-01,0,-7.291
4.4619,14,3.5974,0.9396,63.085,15.9428,1.7578,0.0225,1,0.003,0.8465,-10.2085,DIVISLAB,2022-12-21,0,-6.2425
5.8481,14,3.1278,0.8723,67.8263,12.7233,2.1293,0.0949,1,0.0478,1.0249,29.2129,DIVISLAB,2023-07-05,0,-4.0058
4.8627,15,2.889,0.835,66.904,13.8554,2.1895,0.0684,1,0.0692,0.9621,5.0107,DIVISLAB,2023-12-26,0,-4.2821
4.1028,26,2.2992,0.9212,68.2874,15.2484,2.4937,0.0775,1,0.0525,1.1189,33.8998,DIVISLAB,2024-07-26,0,21.5659
5.7078,19,2.1765,0.8291,64.1068,9.9089,2.6642,0.0654,0,-0.0217,1.3116,36.9539,DIVISLAB,2024-11-29,0,-5.8433
9.8514,31,3.16,0.917,68.7464,11.8167,2.4668,0.0632,1,0.0171,1.0697,-0.3985,DIVISLAB,2025-10-10,0,-0.4238
3.9472,44,2.0601,0.9345,63.1456,17.0988,2.0732,0.025,1,0.0081,0.9421,7.3015,DIVISLAB,2026-01-06,0,-6.3226
5.6064,24,4.8743,0.8496,67.4782,12.4548,2.3715,0.0,1,0.0149,1.0,0.0,DIXON,2017-11-17,0,8.1423
9.6242,11,8.535,0.4186,63.385,15.2989,4.1001,0.0387,0,-0.0143,1.2693,16.2057,DIXON,2018-04-05,0,-10.1132
7.8595,24,3.2716,0.5544,59.4771,11.6124,2.8808,0.0007,1,0.0392,0.6706,-24.6627,DIXON,2018-12-19,0,19.7031
5.9043,35,1.6296,0.7024,62.9354,14.8381,3.2616,0.0225,1,0.0272,1.0909,20.4213,DIXON,2019-05-24,0,-11.793
11.2769,0,8.5694,0.6875,67.5677,11.6059,4.3053,0.1456,1,0.0417,1.3648,44.0247,DIXON,2019-11-14,1,25.9513
6.8737,2,3.3141,0.7441,61.089,15.552,2.8927,0.0282,1,0.0734,0.8969,11.301,DIXON,2021-09-23,0,13.5171
9.8181,10,2.2198,0.8161,62.4107,8.8419,3.1924,0.0699,1,0.049,0.9404,-11.1743,DIXON,2022-04-05,0,-9.8474
8.6735,20,4.9661,0.8943,63.8109,17.095,3.0105,0.0577,1,0.0139,1.51,53.9409,DIXON,2023-08-03,0,6.0091
8.5995,2,1.7732,0.8724,69.4834,8.0603,2.8937,0.1457,1,0.0096,1.3159,36.5614,DIXON,2024-04-24,0,9.9824
9.7596,4,2.1154,0.9347,68.5469,10.2635,3.3101,0.1396,1,0.0271,1.7855,68.4776,DIXON,2024-09-16,0,1.2982
7.7795,23,2.17,0.9312,67.1266,12.3449,2.3677,0.0968,0,-0.0148,1.1376,5.871,DIXON,2025-09-01,0,-0.2468
8.3268,19,2.0377,0.6643,55.2957,9.8104,3.773,-0.0247,0,-0.0071,0.8211,-29.24,DLF,2017-01-02,1,26.8098
6.228,29,2.8902,0.7451,66.9716,9.5129,2.3977,0.0793,1,0.0394,0.9654,39.2698,DLF,2017-04-06,0,21.704
6.6081,6,1.8813,0.7581,68.3521,8.0602,3.5095,0.1611,1,0.0165,1.1594,50.5509,DLF,2017-12-20,0,0.9246
8.797,17,2.7756,0.8792,64.8565,10.7143,4.1011,0.1365,1,0.0392,0.949,1.7858,DLF,2018-12-19,0,-12.4533
11.8368,0,1.7361,0.8675,66.0972,8.237,3.8705,0.0529,1,0.0272,1.0141,5.5923,DLF,2019-05-24,0,-10.1359
9.4201,13,3.7756,0.7673,64.6755,10.4989,3.593,0.0666,1,0.0592,0.7264,13.8768,DLF,2020-08-18,0,-5.1559
7.0203,48,3.2775,0.8421,62.1179,8.8522,2.5459,0.041,0,-0.0347,0.9887,-5.4905,DLF,2023-03-17,1,32.551
8.8293,60,2.2723,0.9529,65.0538,8.5382,2.7161,0.0704,1,0.0044,1.0466,-3.4544,DLF,2023-04-06,0,23.2205
4.7914,9,2.1879,0.9287,63.7395,10.2753,2.4128,0.0821,1,0.0024,1.346,14.5821,DLF,2023-10-06,0,-3.3233
4.7286,18,2.2114,0.8681,59.9314,10.6686,3.1876,0.0398,1,0.0502,0.9642,4.8003,DLF,2024-07-29,0,-2.6688
5.3591,56,1.565,0.8779,60.8093,8.9766,2.3762,0.0432,1,0.0397,0.9026,5.2299,DLF,2024-09-20,0,-4.213
6.7395,5,7.2072,0.3774,65.8506,17.6409,3.6932,0.1353,0,-0.0082,1.6644,53.4195,DMART,2017-09-26,0,-0.2706
4.8094,34,1.7432,0.718,64.5434,9.272,2.2405,0.0432,1,0.0208,1.3104,27.4242,DMART,2017-12-29,0,-3.7457
5.7739,21,3.333,0.756,68.8975,8.2023,2.3068,0.079,1,0.0484,1.3593,25.3285,DMART,2018-07-31,0,-6.9057
4.8382,27,2.437,0.9368,63.1641,10.2159,2.4124,0.0573,1,0.0129,0.774,-7.2777,DMART,2019-06-26,0,-4.5329
6.4686,10,2.6886,0.8007,57.8815,16.7105,2.621,0.0077,1,0.0307,1.4129,26.985,DMART,2019-12-17,0,14.6008
11.1137,0,2.1888,0.8843,67.2664,8.5158,2.4338,0.0614,1,0.0529,1.0011,5.8338,DMART,2020-08-25,0,-6.3713
7.5678,24,2.4704,0.86,63.9306,11.5158,2.8493,0.0426,1,0.0251,1.0655,9.5801,DMART,2021-05-18,0,16.4484
10.0508,0,1.9807,0.9415,68.1469,8.7387,2.5443,0.0952,1,0.0582,1.1528,14.9115,DMART,2021-06-03,0,21.0118
4.9974,35,1.5616,0.8428,64.4398,14.6063,2.2119,0.0301,0,-0.0082,0.796,-10.1397,DMART,2023-04-03,0,-1.5156
5.3367,61,5.4083,0.7533,66.9773,13.7432,1.9396,0.0522,0,-0.0089,1.0171,12.7381,DMART,2023-10-04,0,-5.9928
3.3741,155,1.9912,0.6113,58.1616,8.4766,1.8031,-0.0048,1,0.0199,0.9484,1.1058,DMART,2024-02-21,0,15.575
11.3526,0,3.8213,0.8821,65.3015,10.2091,3.3098,0.0809,1,0.0421,1.1036,32.3276,DMART,2024-06-18,0,3.3845
5.1728,47,3.1282,0.8134,66.7432,9.0757,2.4345,0.0691,1,0.0233,1.1842,13.9797,DMART,2024-09-05,0,-6.9611
10.7193,0,4.2906,0.8387,69.7467,9.4982,4.5836,0.1671,1,0.0225,1.479,49.9397,DOMS,2024-08-23,0,-1.7798
7.5697,2,3.5902,0.7377,61.5697,9.1024,3.4748,0.0873,0,-0.0021,1.4956,27.5078,DOMS,2024-12-17,0,-11.6549
5.8003,41,14.4957,0.7341,58.9271,19.1295,3.4493,0.0392,0,-0.0175,0.8525,-8.714,DOMS,2025-08-11,0,-3.3384
9.667,57,6.3202,0.601,69.7715,12.6784,2.5622,0.1096,0,-0.0096,1.0191,-4.3589,DOMS,2025-09-04,0,-10.0248
4.1678,46,2.5593,0.9111,59.3759,12.0615,2.3875,0.0271,1,0.0231,0.8899,6.7938,DOMS,2025-11-14,0,-5.0392
4.4007,59,14.2849,0.5933,59.394,13.731,2.3173,0.0291,1,0.0152,1.016,10.6101,DOMS,2025-12-03,0,-4.4569
5.1999,71,1.6532,0.9026,57.5939,12.9487,2.6871,0.0065,1,0.0181,0.881,-17.739,DRREDDY,2018-06-08,0,5.2625
9.2158,73,2.5899,0.9556,68.5838,8.8858,2.4142,0.0682,1,0.0227,0.9399,-5.0083,DRREDDY,2018-06-12,0,-0.8874
7.3257,44,4.4876,0.3166,60.2632,12.8056,2.8266,0.04,0,-0.0093,1.3754,12.6339,DRREDDY,2018-11-21,0,0.2312
9.2964,59,4.8162,0.8703,68.0866,13.5077,2.5848,0.0823,1,0.0863,1.5616,55.6852,DRREDDY,2020-07-29,0,-3.7149
5.0236,18,2.7023,0.9045,63.2627,9.5864,3.03,0.0651,1,0.0328,1.2941,23.4355,DRREDDY,2020-09-16,0,2.6894
7.5157,47,2.3884,0.8154,68.9921,8.3973,1.9034,0.0557,1,0.0943,0.9905,15.7277,DRREDDY,2020-12-18,0,-2.0627
3.1347,26,1.9708,0.8167,65.8663,8.9626,1.7385,0.071,1,0.056,0.9217,11.9299,DRREDDY,2021-06-11,0,-2.5625
3.3642,122,1.7753,0.7407,61.7411,8.8276,2.0574,0.0215,0,-0.0239,1.0486,3.9944,DRREDDY,2023-02-07,0,-3.2192
6.5602,10,2.2099,0.6758,66.7692,8.3624,1.257,0.0211,1,0.0282,1.0728,10.3861,DRREDDY,2023-06-15,0,18.104
5.9557,112,3.5203,0.9505,69.8088,12.8107,2.3037,0.0697,1,0.0283,1.0058,5.1834,DRREDDY,2024-01-31,0,0.2429
6.4056,85,3.8171,0.9467,64.9478,9.2508,1.8649,0.0387,1,0.0564,0.9832,-1.541,DRREDDY,2024-06-27,0,7.3153
7.4478,103,3.2258,0.9037,67.147,9.3638,1.9765,0.0454,0,-0.0165,1.0987,-5.4965,DRREDDY,2024-12-19,0,-2.7839
4.8208,17,2.6139,0.7082,66.912,13.9214,3.5649,0.0,0,0.0,1.0,0.0,ECLERX,2016-08-16,0,-7.2129
3.8902,89,2.9182,0.7436,66.4381,12.2039,2.3304,0.0422,1,0.0326,0.8053,3.2837,ECLERX,2017-07-14,0,-8.8498
6.342,153,2.0667,0.7421,65.3184,8.6318,3.5608,0.0442,1,0.0284,0.8736,-0.8695,ECLERX,2017-10-17,0,0.8313
9.4626,7,2.1694,0.9154,67.64,13.818,2.0055,0.0432,1,0.0193,1.0033,-2.9185,ECLERX,2018-04-20,0,-6.2901
7.5366,20,8.609,0.6827,68.7666,21.7046,3.8213,0.0918,0,-0.0143,0.8991,-9.7608,ECLERX,2018-11-15,0,-13.4402
8.2128,58,7.6362,0.3638,63.9811,11.8712,3.2687,0.0471,1,0.0184,1.0989,3.5912,ECLERX,2019-03-08,0,-0.6925
11.3363,0,13.4237,0.9839,69.6844,30.1245,4.0566,0.1358,1,0.0344,0.5199,-25.7971,ECLERX,2019-11-22,0,19.0196
11.8267,0,3.0244,0.3733,63.9037,10.2485,4.4464,0.0888,1,0.0748,1.0997,-23.8563,ECLERX,2020-06-18,0,0.9107
6.8463,23,3.7539,0.3664,65.6336,8.3758,2.534,0.0707,1,0.0586,0.8477,-0.163,ECLERX,2022-09-13,0,-6.5173
9.8945,2,4.6818,0.7883,63.0172,11.3667,3.0162,0.02,0,-0.0222,0.917,-2.4543,ECLERX,2023-01-11,0,-2.1029
5.8401,24,4.6118,0.791,56.6297,13.2047,3.7245,0.0506,0,-0.0231,1.0242,11.5632,ECLERX,2023-03-10,0,-14.2863
11.5481,0,9.7002,0.9174,69.5346,13.533,3.2188,0.1313,1,0.0428,1.0762,9.9571,ECLERX,2023-05-26,0,4.6426
8.1517,5,2.3534,0.8564,68.003,10.0628,2.7012,0.0557,1,0.0237,1.1278,29.8682,ECLERX,2023-09-11,1,42.3137
9.1695,31,4.4755,0.793,66.3124,13.1561,3.9417,0.105,1,0.0176,0.9894,8.9371,ECLERX,2024-08-19,0,-0.3469
7.4957,9,12.099,0.4297,63.5092,13.4665,4.0004,0.0932,1,0.0445,1.0341,19.9297,ECLERX,2024-09-25,0,-6.3306
5.5372,7,2.2749,0.8609,66.7041,10.3054,2.3334,0.0847,1,0.058,1.0637,-0.6984,EICHERMOT,2017-02-01,0,-4.9135
3.8647,35,3.0894,0.9428,68.5799,13.5903,2.2063,0.0752,1,0.0212,0.9989,28.6664,EICHERMOT,2017-05-08,0,4.5889
4.7219,44,2.2132,0.6282,59.7799,9.9449,2.3722,0.0436,0,-0.034,0.8941,-4.8859,EICHERMOT,2018-04-04,0,2.7285
6.8374,75,2.5827,0.8808,61.4767,14.8228,2.6457,0.0257,1,0.0432,0.9598,-1.8961,EICHERMOT,2018-08-10,0,-4.7484
10.8527,0,2.4067,0.5634,61.5466,19.6481,4.5904,0.063,1,0.0144,0.8003,-11.6059,EICHERMOT,2019-09-20,0,16.0266
14.4937,0,3.2403,0.86,66.7326,8.5023,4.6251,0.1389,1,0.0561,0.903,-19.3061,EICHERMOT,2020-05-28,1,36.4522
7.2155,18,2.2407,0.8411,69.2282,9.4132,2.7261,0.1007,1,0.0904,1.0465,18.0914,EICHERMOT,2021-01-04,0,2.1614
8.2117,15,4.2196,0.8696,69.0602,9.4133,2.6455,0.0689,1,0.0069,0.9171,6.7075,EICHERMOT,2022-01-03,0,-1.9538
8.7749,6,1.5369,0.8271,64.7438,9.086,2.9164,0.0602,1,0.0153,1.0386,4.2687,EICHERMOT,2022-04-21,0,-8.3981
6.0355,11,1.9359,0.9628,62.6302,12.511,2.766,0.0751,0,-0.051,1.2355,6.768,EICHERMOT,2022-06-23,1,31.9575
3.328,42,3.3847,0.5004,59.9187,9.613,1.769,0.0348,1,0.0016,1.0413,-1.8365,EICHERMOT,2023-09-26,0,-3.5198
9.8056,47,2.5605,0.6652,69.1307,8.3525,2.9655,0.0892,1,0.0276,1.0812,8.2896,EICHERMOT,2024-04-08,0,5.8675
5.1818,61,3.7362,0.2718,55.827,11.0395,1.9057,0.018,0,-0.0194,1.0262,5.5358,EICHERMOT,2025-08-01,1,25.355
3.9896,36,1.7284,0.9503,62.5729,10.6595,2.1477,0.0294,1,0.03,1.2589,27.7051,EICHERMOT,2025-11-20,0,1.1522
7.1266,93,4.5493,0.8882,69.4319,15.0601,2.9092,0.0718,1,0.0054,1.2862,10.6744,EICHERMOT,2026-02-11,0,-2.2238
7.422,32,2.1612,0.8797,65.8932,9.4604,3.4587,0.0667,1,0.0084,1.0,0.0,EIDPARRY,2016-10-04,0,-12.3134
10.8776,0,2.9055,0.7797,69.4283,8.16,3.2482,0.1013,1,0.0078,1.1211,9.8661,EIDPARRY,2017-01-05,0,2.1122
4.3941,50,7.4321,0.7607,61.2032,19.2311,2.7119,0.0321,1,0.0266,1.0378,21.798,EIDPARRY,2017-04-12,0,5.4414
6.4102,54,2.7461,0.9078,64.3912,9.6536,3.3404,0.0599,1,0.0112,1.1158,25.0546,EIDPARRY,2017-04-19,0,0.9175
11.2425,0,1.8043,0.9232,66.8076,11.7356,3.6503,0.1031,1,0.0283,1.1177,29.169,EIDPARRY,2017-05-04,0,-3.448
4.3241,19,2.0336,0.7179,60.8613,10.3495,2.6472,0.0308,1,0.0344,0.9634,18.5766,EIDPARRY,2017-07-28,0,-5.1881
8.51,12,4.8251,0.7466,67.2137,10.708,3.1218,0.0951,1,0.018,1.1377,7.5449,EIDPARRY,2017-09-14,0,3.5078
7.6572,19,11.307,0.7778,64.6311,12.9606,4.1085,0.0752,1,0.0054,0.7317,-9.3136,EIDPARRY,2018-09-17,0,-15.4643
7.7695,12,4.3821,0.8266,59.0775,17.1473,4.0553,0.0055,1,0.0154,0.9947,-3.408,EIDPARRY,2019-03-05,0,-6.0539
5.9786,11,2.9681,0.8008,59.889,13.2591,3.2154,0.0109,0,-0.0179,0.7918,-17.6349,EIDPARRY,2019-09-11,0,-3.5987
6.0465,28,2.3216,0.8682,63.6881,11.1396,3.8616,0.0767,1,0.0212,1.7237,88.2853,EIDPARRY,2020-09-14,0,-10.1127
6.5749,22,1.9599,0.8783,65.872,8.7095,3.058,0.0593,1,0.0966,1.3679,10.8587,EIDPARRY,2020-11-17,0,3.2327
7.8488,9,6.6318,0.3736,65.7559,9.1881,3.8741,0.1342,1,0.0896,1.0066,23.1428,EIDPARRY,2020-12-30,0,-8.1501
8.0814,25,2.3176,0.8565,66.6354,10.4499,3.0597,0.1048,1,0.0716,1.0129,17.8917,EIDPARRY,2021-01-21,0,-11.894
7.5801,12,6.2695,0.7231,62.0521,12.8678,4.4036,0.0526,0,-0.0102,0.9951,1.3008,EIDPARRY,2021-04-30,0,16.3037
6.6239,11,2.1554,0.8632,59.4707,11.0345,3.1647,0.0349,1,0.0637,1.0443,9.8867,EIDPARRY,2021-09-13,0,7.3454
11.2179,0,9.8626,0.838,67.9211,19.5773,3.2237,0.0692,1,0.0175,1.0723,20.9319,EIDPARRY,2022-01-04,0,-7.501
3.7812,13,3.2369,0.7402,64.8347,10.4465,2.9666,0.0799,1,0.0822,1.2131,28.9167,EIDPARRY,2022-08-11,0,-8.8158
10.4901,0,5.5165,0.6601,67.0083,9.3156,2.9544,0.0804,1,0.042,1.3182,25.6013,EIDPARRY,2022-09-15,0,-1.9116
12.1219,0,1.7888,0.6208,64.4706,10.7481,4.4946,0.1272,1,0.0087,1.1633,22.6854,EIDPARRY,2024-06-05,0,18.1416
7.5979,13,4.0588,0.7615,67.3544,12.3119,3.7328,0.1494,1,0.0502,1.2926,52.1567,EIDPARRY,2024-07-29,0,-6.7181
3.318,56,1.5431,0.7273,55.0959,10.2983,2.1788,-0.0147,1,0.036,1.1801,12.1207,EIDPARRY,2025-10-27,0,-5.3293
3.7241,64,14.9828,0.3773,61.7822,13.6554,2.3736,0.0266,0,-0.0108,1.0,0.0,EIHOTEL,2016-10-26,0,-6.1559
5.3905,49,3.2394,0.8846,67.3102,9.962,2.2406,0.0511,1,0.0572,0.8781,-7.6339,EIHOTEL,2017-02-03,1,29.7115
7.3809,74,1.8638,0.8455,66.2165,12.2547,3.171,0.0938,1,0.0511,0.9782,1.834,EIHOTEL,2017-03-14,0,18.2845
6.3321,62,2.9292,0.6332,69.1613,11.7591,2.1336,0.0566,1,0.0205,1.2101,8.5466,EIHOTEL,2017-09-12,0,-5.4914
6.3529,21,3.5188,0.6218,59.7237,9.4031,2.8788,0.0332,1,0.0479,0.8963,6.4144,EIHOTEL,2018-08-08,0,-3.4233
11.8589,0,2.0679,0.8832,62.6078,9.1199,3.5412,0.0139,0,-0.0702,0.9877,-4.3702,EIHOTEL,2018-10-29,0,8.0181
4.9866,12,3.0876,0.7438,68.4529,10.8824,2.7886,0.0562,1,0.0184,1.1757,25.0,EIHOTEL,2019-03-08,0,-7.2958
6.0517,30,5.0999,0.381,62.4717,10.0729,4.0965,0.0409,1,0.0144,0.8279,-3.0505,EIHOTEL,2019-09-20,0,-9.2261
7.8595,17,6.2918,0.8257,64.2484,13.8996,3.2076,0.0425,1,0.0854,1.0343,28.1394,EIHOTEL,2020-11-10,0,6.7449
5.9464,32,2.2449,0.8735,69.6918,17.0761,2.6187,0.0872,1,0.0495,0.9297,31.3688,EIHOTEL,2021-03-03,0,-3.9105
11.4126,0,2.2615,0.5841,66.8323,9.2009,3.0381,0.0303,1,0.0251,1.0047,3.9614,EIHOTEL,2021-05-18,0,11.366
7.8546,18,7.3054,0.2316,59.5315,8.6604,4.0581,0.019,1,0.0552,0.9348,21.0268,EIHOTEL,2021-09-20,0,23.8534
8.3239,15,3.168,0.9338,63.5848,11.5345,2.9176,0.0491,1,0.0345,1.0721,11.9482,EIHOTEL,2022-07-21,1,34.4428
5.5391,48,5.1097,0.8589,66.9982,10.091,2.7411,0.063,1,0.0004,1.2792,35.8132,EIHOTEL,2023-08-18,0,0.0153
5.5532,9,2.6468,0.8769,64.5,9.0367,2.9471,0.0799,1,0.0625,1.0374,17.0471,EIHOTEL,2023-12-07,0,-9.1663
6.0314,60,4.7457,0.6818,62.9356,14.5004,3.0166,0.0289,1,0.0407,0.9201,18.7699,ELECON,2017-04-03,0,1.3984
9.8946,5,4.1107,0.8026,63.2464,10.7332,3.6805,0.0486,1,0.0343,0.9395,19.6813,ELECON,2017-07-13,0,-10.1451
8.7941,2,2.4213,0.6931,67.9945,14.3652,3.9826,0.1672,1,0.0092,1.2151,14.443,ELECON,2019-01-11,0,-10.9255
16.4772,0,2.3491,0.7414,66.0404,12.2325,5.9395,0.1532,1,0.1158,0.8041,-37.8524,ELECON,2020-06-05,1,32.7968
13.1603,0,9.9725,0.7527,65.6574,18.4446,4.323,0.0427,1,0.0576,1.0298,5.9172,ELECON,2020-11-06,1,28.1378
7.8721,22,5.4308,0.9037,65.6288,14.6552,3.8689,0.08,0,-0.005,1.1883,25.513,ELECON,2023-02-17,0,-9.9306
9.2497,4,4.1412,0.7422,68.9951,8.8928,3.4075,0.1887,1,0.0476,1.5885,64.1522,ELECON,2023-07-03,1,38.7406
7.3528,28,6.7555,0.5756,67.3506,11.768,3.602,0.0939,1,0.0532,1.4071,16.8608,ELECON,2024-01-08,0,-5.9109
7.011,18,10.9222,0.7425,60.5446,13.1467,3.1309,0.0271,1,0.0021,1.2428,4.0161,ELECON,2025-09-10,0,-6.1808
4.5815,12,6.4894,0.5601,56.0384,11.7834,2.6632,-0.0176,1,0.0145,0.7534,-9.8332,ELECON,2026-01-02,0,-10.5771
6.8488,15,12.7884,0.8506,60.3112,15.8038,3.4863,0.0234,1,0.0065,0.7904,-3.7728,ELECON,2026-01-07,0,-14.5071
6.4707,6,3.7991,0.5684,66.7164,8.3239,3.5205,0.0,0,0.0,1.0,0.0,ELGIEQUIP,2016-07-29,0,-12.077
7.7514,15,9.2498,0.7436,68.3569,33.1534,3.1851,0.1122,1,0.0344,1.1155,14.6406,ELGIEQUIP,2017-07-28,0,-12.3156
6.6828,4,2.5276,0.8128,64.2285,11.7636,2.769,0.0419,1,0.0144,0.9977,15.0337,ELGIEQUIP,2017-09-01,0,-11.1503
8.2885,11,14.5091,0.5612,60.5404,10.1765,3.5308,0.0413,1,0.0205,0.9916,11.5989,ELGIEQUIP,2017-09-12,0,12.2278
5.5342,13,1.5595,0.7877,67.8072,11.0771,2.1351,0.0541,1,0.0354,1.0445,0.0314,ELGIEQUIP,2017-10-30,1,27.2419
4.1,12,4.2057,0.6066,64.0388,9.3632,4.6235,0.0892,1,0.0518,1.2065,36.6776,ELGIEQUIP,2018-01-30,0,-12.1022
3.8822,16,4.2042,0.4437,65.6333,17.6182,2.9458,0.0788,1,0.0472,0.8684,6.6786,ELGIEQUIP,2018-08-20,0,-10.3482
11.6266,0,6.3412,0.5816,69.0861,9.7575,3.3557,0.0926,1,0.0349,0.9875,-7.2264,ELGIEQUIP,2018-12-18,0,-10.0373
6.5359,19,3.8056,0.8031,69.7897,14.2268,2.9613,0.1004,1,0.0316,1.106,11.6238,ELGIEQUIP,2019-05-28,0,-8.138
7.506,21,9.3548,0.5935,69.1656,14.8342,3.4615,0.0505,1,0.0241,1.0245,13.0247,ELGIEQUIP,2020-01-02,0,-8.1139
9.3966,4,12.5638,0.6367,65.5448,21.7853,3.71,0.0547,1,0.0731,1.3575,61.0887,ELGIEQUIP,2020-11-09,1,31.2792
9.1769,3,3.2887,0.87,65.5262,11.3839,4.2392,0.1074,1,0.0464,1.2173,62.0134,ELGIEQUIP,2021-02-25,0,-2.8516
4.2693,41,3.4801,0.5856,61.7039,8.2857,3.0823,0.0367,1,0.0165,1.2474,21.0541,ELGIEQUIP,2021-07-12,0,-9.5703
7.0629,11,5.0831,0.8864,64.0276,18.4225,3.1926,0.0379,1,0.0692,0.9127,-0.2186,ELGIEQUIP,2021-09-15,1,44.5066
6.1617,10,2.0833,0.8305,63.8485,12.3517,3.3823,0.0691,1,0.0729,1.1993,37.5022,ELGIEQUIP,2022-08-01,0,23.6457
6.1345,18,10.8363,0.4002,69.9357,13.5484,3.4091,0.1221,1,0.0388,1.3091,35.8965,ELGIEQUIP,2023-07-12,0,-8.9843
4.1397,18,4.4712,0.5746,61.7371,8.8866,2.4455,0.058,1,0.0646,0.8829,-1.6862,ELGIEQUIP,2023-12-08,0,-6.7307
6.6318,31,2.2204,0.9255,68.4727,12.6701,2.6531,0.0801,0,0.0,1.0,0.0,EMAMILTD,2016-09-06,0,-9.6293
4.434,66,1.6508,0.6839,61.5561,12.759,3.004,0.0355,0,-0.0083,1.0,0.0,EMAMILTD,2016-10-28,0,-6.9031
8.4187,5,2.2375,0.8873,66.6429,14.2065,2.9856,0.076,1,0.058,0.9635,-6.427,EMAMILTD,2017-02-01,0,-4.337
5.2036,13,5.3777,0.7218,56.8549,13.7654,2.6361,0.0074,1,0.0354,0.8677,0.5775,EMAMILTD,2017-03-31,0,1.0431
7.2678,54,4.0242,0.891,64.2736,8.3857,2.7138,0.0451,1,0.0286,0.9046,12.0355,EMAMILTD,2017-08-03,0,-5.4438
6.7601,109,2.5341,0.7021,66.7817,11.7301,2.533,0.0494,1,0.032,1.0422,4.7992,EMAMILTD,2017-10-25,0,4.654
7.3471,40,4.8469,0.8083,62.5557,10.5899,3.1166,0.0551,1,0.0216,0.8531,2.8448,EMAMILTD,2018-07-18,0,-4.6363
9.6563,16,1.7183,0.9312,66.1911,8.9596,3.1456,0.0593,1,0.0144,0.828,-10.6489,EMAMILTD,2019-09-20,0,-6.6083
4.8417,47,6.9832,0.6629,63.3908,9.9565,2.4688,0.0281,1,0.0225,0.9897,8.124,EMAMILTD,2020-01-16,0,-4.6295
11.8423,0,3.1892,0.8141,67.751,12.349,4.8006,0.1288,1,0.1025,0.8733,-24.906,EMAMILTD,2020-06-23,1,75.5796
6.1321,10,4.5946,0.7634,67.6365,13.8409,2.9551,0.1535,1,0.0605,0.9263,60.9634,EMAMILTD,2020-08-07,1,30.7472
6.8182,13,1.9621,0.8585,64.8042,9.9767,2.7644,0.0566,1,0.0521,1.0415,10.6527,EMAMILTD,2021-06-02,0,12.7699
6.1264,15,3.7467,0.719,66.7573,10.0432,2.858,0.0927,1,0.0796,0.9511,5.1454,EMAMILTD,2022-08-19,0,-0.2777
6.4091,18,2.4534,0.944,63.7298,11.954,3.337,0.0853,0,-0.0199,1.1704,21.3323,EMAMILTD,2022-09-26,0,-12.5293
3.9659,21,2.2916,0.8554,58.0573,16.325,2.0848,0.0126,0,-0.0353,0.9008,-9.5507,EMAMILTD,2023-01-27,0,-7.4761
4.9829,32,4.1943,0.7907,68.3264,15.6392,2.0153,0.0827,1,0.0428,0.9411,-5.5168,EMAMILTD,2023-05-26,0,-5.6694
5.2615,53,4.1194,0.7741,66.7234,18.2028,2.8324,0.0608,1,0.0818,1.1,5.4288,EMAMILTD,2023-12-28,0,-3.4212
5.8065,18,3.9295,0.7743,60.9293,11.1199,2.4916,0.0331,1,0.0163,0.8188,-7.6182,EMAMILTD,2024-04-25,1,52.1935
5.9104,23,5.2809,0.7804,65.1299,15.4426,2.7585,0.031,1,0.0224,0.9762,11.2053,EMAMILTD,2025-07-09,0,-5.4157
10.4017,0,1.8889,0.901,66.1135,15.2861,3.1978,0.0094,0,-0.0025,0.8917,-12.1513,EMAMILTD,2026-04-17,0,-6.5497
8.3479,10,7.0334,0.8661,64.2237,15.3608,2.7227,0.0341,1,0.0097,1.2905,6.9583,EMCURE,2025-10-06,0,-1.9663
6.5286,10,5.3221,0.6338,62.6475,10.525,2.9716,0.0513,1,0.0141,1.3433,10.4923,EMCURE,2025-11-10,0,-1.0768
6.1493,19,6.1305,0.8015,62.1156,10.2817,3.4379,0.0475,1,0.0277,1.0,0.0,ENDURANCE,2017-01-12,1,38.0399
3.3764,18,2.6315,0.6576,61.7879,10.6977,2.7276,0.0612,1,0.0129,1.3414,48.9205,ENDURANCE,2017-05-24,0,20.8838
4.4096,23,4.063,0.7395,62.7132,8.7771,2.9254,0.0575,1,0.0355,1.2199,44.2606,ENDURANCE,2017-05-31,0,19.0441
6.8578,26,2.242,0.7693,61.7659,8.9783,3.5765,0.0809,0,-0.0056,1.2765,30.7489,ENDURANCE,2017-10-05,1,29.2776
5.9471,31,2.8418,0.7589,59.5354,8.3391,3.3114,0.0416,1,0.03,1.0021,3.798,ENDURANCE,2018-07-23,0,9.3291
9.8967,4,3.4493,0.8233,69.6107,8.0369,3.5299,0.1028,1,0.0241,1.028,-12.7869,ENDURANCE,2018-12-31,0,-9.3881
4.734,38,3.0497,0.6776,65.5471,12.4224,2.4844,0.0448,1,0.0247,0.9749,0.2109,ENDURANCE,2019-05-29,0,-7.6951
6.6034,44,1.8037,0.9188,65.5116,8.1359,2.8188,0.0478,1,0.0057,1.1221,16.1618,ENDURANCE,2020-01-23,0,-4.266
13.2703,0,2.1961,0.8728,68.4066,9.7702,4.0882,0.1358,1,0.0661,0.8421,-30.3936,ENDURANCE,2020-05-29,1,43.0137
6.4515,13,2.1839,0.7278,56.987,9.0389,2.8629,0.0092,1,0.0867,1.1656,24.3606,ENDURANCE,2020-11-20,1,31.2386
9.3397,14,2.6816,0.8965,68.3787,11.3917,2.8776,0.0806,1,0.0897,1.1758,30.7913,ENDURANCE,2020-11-23,0,20.721
5.794,23,1.8215,0.7542,66.0412,12.7888,2.8567,0.0588,0,-0.0016,1.0699,42.5188,ENDURANCE,2021-03-22,0,-10.2741
9.2545,18,3.9202,0.7006,57.8102,10.9623,4.0745,0.0179,0,-0.004,0.756,-26.6509,ENDURANCE,2022-04-27,0,17.5481
3.6681,26,1.8497,0.6853,63.2324,9.4758,2.9386,0.0497,1,0.0637,1.0432,27.2463,ENDURANCE,2022-08-30,0,-6.4297
4.6282,74,1.5564,0.8344,63.0557,12.7987,2.9077,0.0385,0,-0.0169,1.1625,6.0044,ENDURANCE,2023-11-03,1,27.2614
6.1628,18,1.5907,0.6957,59.5468,8.2476,3.5698,0.0078,1,0.0218,1.0454,16.2955,ENDURANCE,2024-04-02,1,43.3368
9.4143,18,5.4429,0.8433,69.0836,12.3124,2.9171,0.1223,0,-0.0107,1.135,16.1769,ENDURANCE,2024-05-10,0,18.5637
5.2985,17,3.5824,0.4122,65.8539,9.5593,3.1856,0.0478,0,-0.034,1.123,-8.1745,ENDURANCE,2024-11-11,0,-10.3941
5.8948,5,11.4726,0.6954,67.84,11.9673,3.7952,0.1716,1,0.0262,1.1184,32.0924,ENDURANCE,2025-06-20,0,14.5691
7.6591,20,8.8265,0.597,65.7699,12.5029,3.7035,0.0747,0,-0.0056,1.3871,55.4429,ENDURANCE,2025-08-18,0,-3.892
8.7525,13,2.7517,0.9096,64.0189,8.8083,3.1963,0.0623,0,-0.0126,0.9311,-5.0129,ENDURANCE,2026-02-24,0,-11.0416
5.8932,10,5.2774,0.726,65.8849,16.4686,3.1332,0.0586,1,0.0128,0.9412,-2.3487,ENDURANCE,2026-05-07,0,0.8881
9.9167,13,2.3779,0.8109,63.2995,9.54,4.7967,0.0854,0,-0.0648,1.0,35.4777,ENGINERSIN,2016-11-18,0,3.6181
4.8369,26,3.1635,0.8851,69.055,15.9378,1.6957,0.0412,1,0.0265,0.9294,15.249,ENGINERSIN,2017-07-20,0,-6.8703
4.6842,43,1.9961,0.8413,63.327,13.1445,2.2717,0.0309,1,0.032,0.8401,1.4697,ENGINERSIN,2017-10-25,0,16.0375
7.6272,29,2.3883,0.8446,64.0899,10.6853,2.8659,0.0654,1,0.0392,0.9441,-8.266,ENGINERSIN,2018-12-19,0,-4.1854
10.8772,0,3.6118,0.7928,66.2396,9.2928,4.0026,0.1215,1,0.1154,0.8552,-27.8976,ENGINERSIN,2020-06-03,0,-7.5869
8.9287,5,4.9756,0.8977,64.2141,11.9299,2.9782,0.035,1,0.0588,0.91,11.4439,ENGINERSIN,2020-08-19,0,-8.2483
7.0712,7,2.2461,0.8916,62.751,9.211,3.0791,0.0412,1,0.0351,0.8119,7.9691,ENGINERSIN,2020-10-22,0,6.9714
9.2811,20,3.1126,0.4857,66.3296,8.753,2.914,0.0802,1,0.0854,0.8096,-3.8318,ENGINERSIN,2020-11-10,0,3.0514
8.6137,15,5.2664,0.7514,63.9477,10.885,3.781,0.0531,1,0.0058,0.9842,24.3789,ENGINERSIN,2021-02-26,0,-5.8993
7.5917,7,4.4985,0.6988,64.3828,9.7593,2.4738,0.028,1,0.0141,0.9805,3.5553,ENGINERSIN,2021-05-10,0,2.2179
4.3111,10,4.6752,0.6667,56.9869,11.0963,2.2506,-0.0024,0,-0.0462,0.7766,-4.1487,ENGINERSIN,2021-11-26,0,-6.0651
4.8974,46,4.4056,0.6604,63.0255,9.193,1.7931,0.0262,1,0.0452,0.8227,0.4837,ENGINERSIN,2022-01-17,0,-7.0588
6.7959,10,7.5836,0.3684,56.0882,12.0878,3.2762,-0.0092,0,-0.0279,0.9602,-5.5738,ENGINERSIN,2022-06-08,0,-11.5125
9.6382,13,5.1595,0.9221,69.1469,13.2874,2.2419,0.0756,1,0.0195,1.0197,-1.3825,ENGINERSIN,2022-07-19,0,4.3297
5.5885,11,3.2867,0.5652,63.6716,8.7816,2.1524,0.0252,1,0.0133,1.0116,18.5698,ENGINERSIN,2022-10-27,0,11.2711
6.3973,5,3.4874,0.6691,67.4723,8.028,3.49,0.1592,1,0.0175,1.2537,26.1115,ENGINERSIN,2022-12-19,0,-11.7483
6.2572,25,2.1848,0.7797,60.1501,10.1311,2.4392,0.0239,1,0.0087,1.2255,-1.3474,ENGINERSIN,2023-04-18,1,59.6909
11.4348,0,5.5824,0.8597,66.4128,12.496,4.0775,0.1521,1,0.0506,1.297,34.2197,ENGINERSIN,2024-07-11,0,-13.3151
10.6622,0,3.8824,0.9384,65.9102,9.1018,4.3362,0.1326,1,0.0206,1.0193,-8.9656,ENGINERSIN,2025-04-16,1,37.0459
6.4735,49,11.4078,0.6361,69.2203,14.9787,2.8686,0.0786,1,0.0156,1.0,2.7899,ERIS,2017-11-20,0,15.0103
6.62,47,2.1158,0.7894,63.2544,12.7504,3.2299,0.0339,0,-0.0252,1.3116,39.7037,ERIS,2018-03-05,0,-6.8605
6.6274,44,1.5393,0.6788,57.0545,8.0172,3.1853,0.0136,1,0.0114,1.1889,1.0325,ERIS,2018-05-30,0,-7.0999
10.2748,0,2.2656,0.757,58.3709,14.7988,4.245,0.047,1,0.054,0.9077,-6.0767,ERIS,2018-08-27,0,-12.8792
5.9905,10,6.1099,0.6025,61.701,18.9782,3.9551,0.095,1,0.0152,0.9593,-3.3536,ERIS,2019-01-16,0,-13.0699
12.3842,0,3.9175,0.4924,65.6903,9.8819,4.5067,0.1098,1,0.016,0.927,16.9818,ERIS,2019-12-06,0,0.6782
5.0695,13,1.9584,0.6496,60.9839,8.363,3.889,0.1168,1,0.0661,1.4661,-0.4403,ERIS,2020-05-29,0,-9.9589
7.2638,14,2.8341,0.6286,69.2011,8.2172,4.004,0.1717,1,0.0938,1.5321,3.804,ERIS,2020-06-01,0,-13.8506
9.4956,23,3.2507,0.7275,60.9873,11.0793,3.9572,0.008,1,0.0723,1.0213,21.7703,ERIS,2020-07-30,0,2.3603
5.5883,41,2.5871,0.8226,63.2392,15.0112,4.4253,0.0365,1,0.0157,0.9159,19.2434,ERIS,2021-03-15,0,15.0575
6.0406,76,13.7287,0.4097,67.4643,14.1242,3.3104,0.078,1,0.0063,0.974,9.2637,ERIS,2021-05-07,0,18.2863
7.5211,38,2.9697,0.8254,64.4167,10.195,2.5757,0.0432,1,0.0736,1.0784,22.7285,ERIS,2021-09-16,0,-6.1272
8.477,35,2.2333,0.8137,58.1894,10.1529,4.2058,0.0121,0,-0.0417,0.979,-12.1864,ERIS,2022-03-10,0,-7.3731
5.0314,49,1.7317,0.8174,62.6271,10.3302,3.4444,0.0429,1,0.0161,1.0588,15.5448,ERIS,2024-02-08,0,-11.8474
5.8947,35,1.6147,0.8757,63.4402,9.7565,2.7855,0.0355,1,0.03,1.0322,-4.2606,ERIS,2025-11-20,0,-8.8174
9.5985,48,14.288,0.8085,64.4,28.4246,3.2047,0.0644,1,0.0066,0.9771,-5.0667,ERIS,2025-12-09,0,-12.6177
9.6545,22,1.5591,0.9054,68.098,8.161,3.8583,0.0663,0,-0.0093,0.9372,-9.0259,ERIS,2026-04-15,0,-10.9863
4.9233,20,2.0557,0.6806,69.2681,8.0768,2.6894,0.1108,1,0.0258,1.3779,84.5865,ESCORTS,2017-05-02,0,4.5502
6.153,13,3.6053,0.9253,62.2919,10.744,2.862,0.0283,1,0.0419,1.62,34.3651,ESCORTS,2017-08-01,0,-9.9031
7.9093,11,2.7264,0.923,64.2735,8.7557,3.1637,0.0777,1,0.0035,1.2238,4.1057,ESCORTS,2017-10-06,0,0.4607
9.5955,12,4.5271,0.8605,68.9479,11.471,3.6481,0.1676,1,0.0457,1.1563,37.2132,ESCORTS,2018-02-01,0,-5.7935
10.346,0,1.6001,0.9403,63.4656,10.6272,3.3247,0.0328,1,0.0154,0.8511,24.4501,ESCORTS,2019-03-05,0,3.3912
4.7024,13,1.6465,0.9164,58.7757,12.2268,2.4076,0.0149,1,0.0146,1.1674,29.7649,ESCORTS,2020-01-09,1,30.0689
7.4781,25,2.8441,0.9106,64.149,15.7443,4.3808,0.0984,1,0.0436,1.4018,72.9435,ESCORTS,2020-09-02,0,-4.5443
4.634,15,2.5978,0.931,60.5179,13.0992,2.7037,0.0139,1,0.0582,0.716,-4.5936,ESCORTS,2021-06-03,0,-7.6814
8.2343,62,5.1376,0.9129,67.9662,15.6064,2.5579,0.0699,1,0.0292,0.8367,0.2887,ESCORTS,2021-08-10,0,19.2914
7.8437,21,2.0515,0.9006,66.485,9.4092,2.2174,0.0459,1,0.0418,0.9925,-6.3361,ESCORTS,2023-05-04,0,23.7585
5.469,67,1.5692,0.9121,63.9189,8.3169,2.4677,0.0728,1,0.0402,0.9964,12.3218,ESCORTS,2023-07-10,1,41.7391
6.7252,16,3.8462,0.8826,66.815,10.1118,3.1942,0.1399,1,0.0045,1.6237,56.4263,ESCORTS,2023-10-10,0,-9.8345
8.4115,54,3.5823,0.9326,67.7977,10.4987,2.4774,0.0493,1,0.0202,0.7958,-6.6424,ESCORTS,2024-04-03,0,18.5123
6.4872,17,7.3844,0.9344,67.6254,17.3387,2.3231,0.0543,1,0.0397,1.297,13.8194,ESCORTS,2024-09-20,0,-3.2525
7.8819,7,2.5513,0.7749,58.7726,15.1675,3.0816,-0.0071,0,-0.0032,0.9332,-12.1915,ESCORTS,2025-03-19,0,-6.8098
5.85,41,6.2165,0.6301,69.4279,16.3603,3.0286,0.0858,0,-0.0056,1.1202,19.4225,ESCORTS,2025-08-18,0,-4.3325
3.8691,79,3.18,0.7721,61.6292,8.4438,2.2734,0.0357,1,0.0078,1.1154,6.846,ESCORTS,2026-01-01,0,-3.311
11.6315,0,6.1467,0.8333,69.0305,11.0073,3.8072,0.111,1,0.0173,1.0,0.0,ETERNAL,2021-11-12,0,-9.406
11.5267,0,5.4734,0.9068,69.7523,17.4299,3.5077,0.1576,1,0.0431,1.2072,35.1904,ETERNAL,2022-11-11,0,-15.2759
9.8355,4,3.2282,0.6964,65.737,12.3951,4.0006,0.1321,0,-0.0169,1.6737,57.114,ETERNAL,2023-11-03,0,7.4122
8.3468,7,2.285,0.7806,63.9446,8.8976,4.6253,0.0539,1,0.0393,1.5115,38.032,ETERNAL,2024-06-19,0,4.3882
7.722,31,2.035,0.9,62.0983,9.1742,2.1778,0.0588,1,0.0297,1.0798,-0.0293,EXIDEIND,2017-01-18,0,24.1778
8.7293,5,2.3186,0.8667,63.1293,12.1012,2.8715,0.028,1,0.0067,0.9358,-4.527,EXIDEIND,2017-09-08,0,-8.0601
3.8065,45,1.8164,0.8385,69.5581,10.8725,2.0365,0.0496,1,0.0192,0.8878,4.2255,EXIDEIND,2017-12-19,0,-1.3055
4.6557,11,1.9915,0.8826,65.3588,12.0865,2.8783,0.0882,1,0.0607,0.97,7.5938,EXIDEIND,2018-01-24,0,-10.7058
6.2927,45,2.1987,0.796,63.6502,9.3391,2.8021,0.064,1,0.0392,1.0706,-0.4658,EXIDEIND,2018-12-19,0,-8.5062
5.4519,43,1.6707,0.939,58.652,12.6989,2.6151,0.0106,1,0.0272,0.801,-15.7965,EXIDEIND,2019-05-24,0,-9.1552
9.5083,25,4.7279,0.6988,65.3762,13.1001,3.7255,0.0811,1,0.0436,0.8541,-4.1788,EXIDEIND,2019-09-23,0,-15.5679
6.0176,53,2.2054,0.8089,59.1932,8.1204,2.492,0.0246,1,0.0245,0.9064,7.7391,EXIDEIND,2020-01-14,0,-0.9734
5.7927,38,2.1178,0.8978,63.341,9.7008,2.7959,0.0536,1,0.086,0.7942,9.8096,EXIDEIND,2020-11-12,0,5.4453
8.3615,28,1.9265,0.8136,66.6744,8.7338,2.1284,0.0434,1,0.031,0.9682,-1.1905,EXIDEIND,2021-05-24,0,-4.2281
10.0899,0,4.2808,0.795,65.75,10.3924,2.4371,0.022,1,0.0688,0.739,3.8764,EXIDEIND,2021-09-02,0,-9.6199
9.0854,6,2.9425,0.908,66.3673,9.1985,2.3095,0.0594,1,0.0082,0.9939,1.7779,EXIDEIND,2022-07-11,0,1.7864
9.4402,3,3.7287,0.8714,68.9524,10.1682,2.2033,0.0815,1,0.0337,0.9362,-0.128,EXIDEIND,2022-07-27,0,-1.6497
4.4535,9,1.615,0.7153,62.1636,8.1604,2.1104,0.0182,1,0.0087,1.0364,16.2535,EXIDEIND,2022-10-25,0,10.2892
4.8378,36,3.0795,0.7673,65.3197,8.7147,1.8545,0.0266,0,-0.01,1.1499,8.6894,EXIDEIND,2023-01-19,0,-7.0613
4.1448,7,2.9978,0.8157,66.1473,10.5439,2.0266,0.0865,1,0.0342,1.1096,18.9817,EXIDEIND,2023-06-16,0,24.814
5.9908,24,4.4603,0.8979,56.3654,13.9515,2.4863,-0.001,1,0.049,1.3776,5.1721,EXIDEIND,2024-09-27,0,-5.8173
9.5891,31,2.9659,0.8586,60.3697,8.4568,3.3723,0.0565,0,-0.0026,1.4596,4.685,EXIDEIND,2024-10-09,0,-11.8966
7.1351,59,6.9888,0.6458,68.6919,10.4421,3.7496,0.0788,0,-0.0052,1.0,0.0,FACT,2016-10-19,0,-21.7132
10.5006,0,5.4296,0.7586,67.64,10.2475,5.0027,0.1269,0,-0.0033,1.0158,11.2527,FACT,2017-01-04,0,13.0246
12.9423,0,4.8305,1.0,66.3287,12.4048,4.4406,0.1378,0,-0.0029,0.9499,17.4781,FACT,2017-12-07,0,-7.1324
11.8713,0,8.3711,0.2125,69.482,14.8161,4.2993,0.1089,1,0.0564,0.9131,-15.6723,FACT,2018-08-28,0,-10.2769
9.8391,48,2.6197,0.8657,63.715,12.8964,3.0576,0.0699,1,0.0241,1.0355,20.1428,FACT,2020-01-02,0,-2.0531
11.2407,0,5.1559,0.789,59.5519,13.929,3.6201,0.0274,1,0.0373,0.9338,7.0787,FACT,2020-10-20,0,-9.8123
5.5622,13,6.3258,0.607,57.3608,11.8096,4.0183,0.055,1,0.0042,1.6554,33.9506,FACT,2021-07-30,0,-13.5139
7.6668,4,10.0777,0.5691,61.1171,12.8954,3.986,0.0327,1,0.0726,0.9716,3.0386,FACT,2021-09-24,0,-13.4462
11.9219,0,8.9964,0.7204,67.776,17.0154,3.507,0.0512,1,0.0632,0.799,-16.8741,FACT,2022-07-29,0,2.4126
7.6743,4,4.8674,0.8234,65.8741,10.6724,3.1693,0.1281,1,0.036,2.2833,4.2687,FACT,2023-06-06,1,30.0772
10.1391,0,5.8357,0.6235,57.0794,8.2726,4.1467,0.0072,1,0.0096,0.8399,-6.2055,FACT,2024-04-24,0,-10.3545
14.3001,0,11.049,0.9336,67.6482,14.5453,5.2421,0.1719,1,0.0341,0.9529,-2.4192,FACT,2024-06-10,0,15.1739
10.0761,0,3.7353,0.9221,69.4462,10.7849,3.0568,0.1486,0,-0.0022,1.0,0.0,FEDERALBNK,2016-10-25,0,-13.6336
8.4772,3,2.1733,0.8505,67.3501,9.4451,2.9397,0.1528,1,0.047,1.2653,23.7252,FEDERALBNK,2017-02-28,0,19.4331
5.0341,39,2.1694,0.875,63.0653,8.2128,1.9448,0.0468,1,0.0265,1.3505,40.1363,FEDERALBNK,2017-07-20,0,-7.4895
4.613,33,1.7647,0.7805,59.0335,11.0186,2.4118,0.0071,1,0.0214,0.8862,4.0371,FEDERALBNK,2018-01-05,0,-4.9779
6.7874,28,1.5756,0.8796,61.8908,9.5601,2.5119,0.0302,0,-0.0127,0.8206,-13.9761,FEDERALBNK,2018-04-06,0,-4.2181
10.2009,0,7.5032,0.9108,58.1852,27.1603,4.6149,0.05,1,0.0247,0.7585,-5.1048,FEDERALBNK,2018-07-17,0,-7.2366
6.0029,13,2.4025,0.8706,63.7038,8.4532,3.1923,0.099,1,0.0222,0.9791,16.2973,FEDERALBNK,2018-11-29,0,4.6393
8.9236,22,1.6823,0.8438,65.6159,10.124,3.4599,0.1077,1,0.0187,1.0314,-1.9089,FEDERALBNK,2018-12-12,0,0.2867
7.0141,23,1.8646,0.5639,68.451,10.7259,3.2508,0.0945,1,0.0311,1.1575,9.2827,FEDERALBNK,2019-05-20,0,-1.7164
4.7796,11,1.833,0.7706,63.8127,11.5463,2.5202,0.0679,1,0.0119,1.0538,28.9958,FEDERALBNK,2019-06-27,0,-5.6187
11.4375,0,2.6025,0.9286,65.6653,21.3219,3.5111,0.0593,1,0.0144,1.0738,-0.9748,FEDERALBNK,2019-09-20,0,-12.603
6.6769,45,1.7597,0.8706,67.2754,8.8927,2.1061,0.0749,1,0.0241,0.8313,8.8496,FEDERALBNK,2020-01-02,0,-5.1522
6.8735,4,1.5913,0.92,63.6729,8.4758,3.7417,0.1446,1,0.0495,1.1967,57.3214,FEDERALBNK,2021-03-03,0,-11.0669
4.906,25,3.7875,0.6316,64.5302,12.8154,2.1207,0.061,1,0.0165,1.0745,7.9894,FEDERALBNK,2021-07-12,0,-7.6451
5.696,25,3.5086,0.7699,68.3037,9.3723,1.7641,0.0383,1,0.0491,0.8997,3.8552,FEDERALBNK,2023-07-04,0,12.894
5.1335,55,1.8038,0.7677,64.2239,9.92,1.9752,0.0503,1,0.0553,1.1052,15.6963,FEDERALBNK,2023-12-04,0,-4.7692
6.5531,105,1.7999,0.9231,65.8269,12.2345,2.4927,0.038,1,0.0177,1.0425,6.3498,FEDERALBNK,2024-02-15,0,-4.5469
5.2259,62,3.0457,0.9381,57.4572,17.7281,2.9251,0.0525,1,0.0087,0.9819,13.0746,FEDERALBNK,2024-06-05,0,16.9694
8.6094,1,2.3475,0.6984,67.415,8.9907,2.1965,0.0941,1,0.0596,1.0506,10.1761,FEDERALBNK,2024-07-03,0,5.0199
7.6241,29,4.7483,0.9215,61.5563,20.9956,3.0579,0.0487,0,-0.0261,1.1645,12.8642,FEDERALBNK,2024-10-29,0,-2.0079
4.0457,50,1.7142,0.8811,58.8509,17.9934,2.1871,0.0092,0,-0.0032,1.1095,-9.6209,FEDERALBNK,2025-03-19,0,0.6456
5.7612,4,1.7905,0.8955,69.6709,8.9733,2.6413,0.0888,1,0.0496,1.0757,-5.3233,FEDERALBNK,2025-04-21,0,-7.2491
8.3803,27,6.1123,0.7367,63.3352,30.6468,2.7012,0.0576,0,-0.0103,1.2549,41.7742,FEDERALBNK,2026-01-16,0,3.1497
2.8832,27,1.8588,0.4193,58.0047,9.7956,2.5384,0.0313,1,0.0362,1.0928,-1.1673,FINCABLES,2017-01-24,0,-1.2658
8.4403,6,1.538,0.8946,61.6002,12.022,2.7266,0.009,1,0.0343,1.0289,15.3698,FINCABLES,2017-07-13,0,-9.7786
4.6017,23,1.5038,0.7378,64.1235,11.4551,2.7884,0.0683,1,0.0073,0.976,10.4457,FINCABLES,2017-10-10,0,-1.1102
6.9588,35,2.4133,0.8701,66.461,19.6112,3.2669,0.0622,1,0.0144,0.8515,-6.5728,FINCABLES,2019-09-20,0,-7.9547
6.0105,5,6.5849,0.5115,63.0795,9.4407,3.3501,0.0737,1,0.0727,1.0361,37.8179,FINCABLES,2021-02-12,0,-11.8207
9.5848,9,4.0694,0.6849,68.0003,9.8767,3.6906,0.1815,1,0.0227,1.172,38.5252,FINCABLES,2021-07-13,0,-10.6077
9.7432,5,2.6881,0.7799,67.8592,8.2922,2.5537,0.0301,1,0.0637,1.1061,40.7169,FINCABLES,2021-09-13,0,-7.3039
8.6555,4,6.2781,0.8298,61.845,17.1702,3.8706,0.0396,0,-0.0152,0.7272,-23.683,FINCABLES,2022-06-02,0,10.8696
6.8176,4,7.1838,0.7519,65.4801,15.465,2.6911,0.0993,1,0.0632,0.8373,6.6575,FINCABLES,2022-07-29,0,3.8722
6.8181,38,7.428,0.8545,64.5676,21.4192,3.5949,0.0786,1,0.0044,1.1983,36.1468,FINCABLES,2022-10-21,0,4.562
7.3393,33,4.5691,0.8295,68.0116,10.6277,4.0046,0.0836,0,-0.0078,1.3117,27.7078,FINCABLES,2023-02-14,1,49.3339
8.3329,16,4.731,0.4801,58.8487,10.7782,3.7803,0.0278,1,0.0389,1.4944,22.5733,FINCABLES,2023-07-13,0,18.4347
7.5715,12,6.5753,0.758,69.8498,10.9734,3.6379,0.1235,0,-0.0054,1.3164,36.9188,FINCABLES,2023-09-28,0,-11.5348
9.0927,13,1.7613,0.8669,67.4515,10.1638,2.4299,0.0457,1,0.0345,1.1772,3.4196,FINCABLES,2023-12-01,0,-2.1156
7.5582,56,11.477,0.8063,64.8069,24.9496,2.8558,0.0378,1,0.0443,1.4609,50.1671,FINCABLES,2024-09-23,0,-11.083
5.9615,10,8.3894,0.7169,57.4784,13.9334,3.0703,0.0494,1,0.0568,0.753,-23.224,FINCABLES,2025-05-05,0,0.7282
9.559,6,9.2559,0.875,63.5505,22.687,4.4422,0.0828,0,-0.0089,0.9841,21.2515,FIRSTCRY,2025-09-05,0,-12.0846
11.8082,0,9.0199,0.9713,61.7546,26.7008,4.1134,0.0165,0,-0.0791,0.705,-25.1246,FIRSTCRY,2026-03-20,0,-9.3212
5.075,56,2.9532,0.7938,66.0037,9.1028,2.8459,0.0595,1,0.0375,1.1075,-3.9902,FIVESTAR,2023-06-05,1,30.2867
8.5785,10,2.7795,0.8006,69.5589,8.8256,3.7891,0.1761,1,0.0436,1.1102,35.8617,FIVESTAR,2023-07-26,0,-2.9625
7.5995,22,5.2641,0.5241,64.8139,9.4005,3.6187,0.0811,1,0.0445,0.9776,8.9242,FIVESTAR,2024-09-25,0,-4.1162
7.4527,11,3.868,0.8598,60.9218,16.8933,2.912,-0.0278,1,0.011,0.8279,-2.4294,FIVESTAR,2024-12-16,0,-2.5989
6.336,9,3.679,0.6989,58.8091,10.8066,3.373,0.0248,1,0.0359,1.1329,8.2346,FIVESTAR,2025-06-06,0,-4.5944
9.9817,22,5.2418,0.9135,63.3963,11.4558,4.3287,0.0556,1,0.0863,1.2985,53.7029,FLUOROCHEM,2020-11-13,0,9.5814
11.5359,0,5.3897,0.8018,65.2761,13.8588,3.8312,0.0641,1,0.0495,0.8808,22.9016,FLUOROCHEM,2021-03-03,1,62.2779
9.9396,3,1.7849,0.9198,57.0048,9.754,4.6402,-0.0094,0,-0.0148,0.8756,-24.5373,FLUOROCHEM,2023-02-08,0,2.3748
5.365,10,1.8767,0.9008,58.8838,18.6475,2.3566,-0.004,1,0.0098,0.909,-3.4468,FLUOROCHEM,2023-08-11,0,-2.9247
7.3473,21,1.5435,0.7167,64.8257,8.9493,2.9954,0.0554,0,-0.0028,0.8924,-8.5293,FLUOROCHEM,2023-08-29,0,-6.395
5.4902,30,1.6119,0.9455,64.2775,12.5984,2.5875,0.0555,1,0.0646,0.8238,10.2622,FLUOROCHEM,2023-12-11,0,14.1423
4.4939,18,1.9426,0.6812,61.5967,8.4525,3.2426,0.0572,1,0.0507,0.8047,5.6832,FLUOROCHEM,2024-07-31,0,19.1692
9.459,43,9.04,0.9376,66.4575,25.1773,3.3956,0.0773,1,0.0233,0.8323,-3.6405,FLUOROCHEM,2024-09-05,0,16.0739
9.8942,30,2.3894,0.9687,66.6775,9.4937,3.7689,0.0784,1,0.0095,1.0536,-3.8769,FLUOROCHEM,2025-03-20,0,-8.1695
5.9957,31,7.1386,0.4783,58.0844,11.4432,3.2953,0.0255,0,-0.0186,0.9594,-8.6076,FLUOROCHEM,2025-08-06,0,0.9277
4.923,53,11.5412,0.7212,65.857,24.1216,2.4128,0.0473,0,-0.0026,0.8814,-5.6237,FLUOROCHEM,2025-09-09,0,-3.7767
7.9726,9,5.2105,0.9211,69.0381,13.7788,2.8916,0.0917,0,-0.0058,1.0729,2.2511,FLUOROCHEM,2026-04-30,0,-2.7546
7.4828,6,3.6324,0.6997,63.4078,12.8503,3.7127,0.0275,1,0.0603,1.0,0.0,FORCEMOT,2019-11-04,0,-13.4207
9.1368,16,10.3577,0.7738,66.4967,27.5476,3.104,0.0518,1,0.0173,1.0,0.0,FORCEMOT,2019-12-26,0,14.6328
11.821,0,4.2217,0.6378,67.466,10.2525,4.1281,0.1512,1,0.1158,1.0737,-37.1184,FORCEMOT,2020-06-05,0,-4.0981
8.192,12,2.5748,0.7542,55.5295,15.3021,3.5592,-0.012,1,0.0326,0.7401,-24.3639,FORCEMOT,2022-04-01,0,-5.2186
8.7057,14,4.0386,0.8073,68.5762,12.6311,3.3807,0.0959,1,0.0768,0.9302,7.6611,FORCEMOT,2022-08-08,0,14.4864
9.9789,12,5.9,0.7301,67.2287,10.3041,3.6099,0.1077,1,0.0412,1.2493,45.8964,FORCEMOT,2022-11-14,0,-3.9527
11.8961,0,10.6373,0.7338,69.2044,12.6536,2.9812,0.0957,1,0.0489,2.418,55.628,FORCEMOT,2024-07-30,0,-12.1426
7.4192,19,8.0717,0.6991,65.9106,20.2427,3.074,0.0589,1,0.002,0.8183,-18.3081,FORCEMOT,2025-01-02,0,-8.8592
5.2188,5,4.6227,0.5726,57.4956,12.771,3.6398,0.0189,0,-0.0032,0.8391,-11.0984,FORCEMOT,2025-02-05,1,49.6134
11.9622,0,5.5878,0.8539,69.7607,13.8277,4.4954,0.2396,1,0.0531,1.551,48.527,FORCEMOT,2025-05-02,1,73.913
5.984,22,6.9882,0.1404,55.6088,10.01,3.4392,-0.0014,0,-0.0209,1.0,0.0,FORTIS,2016-10-17,0,-14.0825
5.3623,6,3.7058,0.877,59.7875,12.4143,2.7111,0.0181,1,0.0407,1.0881,9.2641,FORTIS,2017-04-03,0,2.344
6.9849,14,3.0419,0.7836,58.899,9.498,3.2393,0.0037,0,-0.0541,0.9522,2.9714,FORTIS,2018-10-31,0,3.638
1.2559,29,1.6197,0.5116,55.9628,14.2007,1.5053,-0.0056,0,-0.0068,0.9823,3.8301,FORTIS,2019-02-20,0,-1.8078
1.6699,63,2.3654,0.3107,60.0648,8.5572,1.7246,0.0209,1,0.0437,0.9289,-6.0596,FORTIS,2019-04-12,0,-4.1718
5.4225,9,3.1593,0.6875,60.8958,14.3012,2.2337,-0.0016,1,0.0264,0.8122,-2.1771,FORTIS,2019-06-11,0,-3.2075
6.7456,23,2.3676,0.8788,65.6492,8.9796,2.425,0.0251,1,0.0226,1.0339,17.0961,FORTIS,2020-01-13,0,1.0451
6.8289,12,2.7907,0.4416,58.6277,8.3075,4.1002,0.0296,1,0.0629,1.0999,-20.7946,FORTIS,2020-06-16,0,4.9797
8.1538,17,2.7836,0.6932,63.4238,10.7052,3.8609,0.0589,1,0.1025,1.1117,-18.3687,FORTIS,2020-06-23,0,-0.5115
6.806,24,2.6569,0.6012,62.7792,10.0867,3.8164,0.066,1,0.0902,1.1525,-14.8922,FORTIS,2020-07-02,0,0.2597
4.4237,7,2.0034,0.8047,64.7368,10.2411,2.6795,0.0875,1,0.0592,0.9544,14.1525,FORTIS,2020-08-18,0,-8.7703
4.7377,42,3.5773,0.6982,64.2906,13.7318,2.7929,0.0329,1,0.0355,0.8471,17.8226,FORTIS,2020-10-07,0,-9.2313
9.153,9,3.1029,0.9211,67.2343,8.0843,3.141,0.076,1,0.0863,0.8784,15.6008,FORTIS,2020-11-13,0,23.3566
7.2526,4,4.6047,0.343,69.4836,9.096,3.8909,0.1216,1,0.0839,1.0207,21.7424,FORTIS,2021-01-06,0,-4.0427
8.2776,9,2.9546,0.702,67.5124,9.2662,4.0755,0.1679,0,-0.0091,1.4403,41.485,FORTIS,2021-05-03,0,10.1249
4.6477,23,2.6102,0.6849,62.3775,8.2556,3.4262,0.073,1,0.0453,1.3257,40.8122,FORTIS,2021-06-25,0,-6.1452
8.9504,58,4.591,0.8412,61.3415,16.4361,4.1175,0.0719,1,0.0428,1.3794,19.8884,FORTIS,2021-08-16,0,-1.8431
9.5189,4,5.0717,0.7806,59.7644,10.6798,3.9423,0.0413,1,0.0165,1.0166,11.8802,FORTIS,2021-11-15,0,0.6468
12.0558,0,2.4271,0.7702,64.328,8.0883,3.3968,0.0571,1,0.0007,1.0762,8.9213,FORTIS,2022-03-24,0,-10.7698
8.0327,29,1.6796,0.8896,62.2582,11.8055,3.2397,0.05,1,0.0007,0.9565,8.4441,FORTIS,2022-07-07,0,11.5263
8.3341,16,9.741,0.6492,69.1613,14.42,3.2511,0.0833,1,0.0412,1.1086,28.8046,FORTIS,2022-11-14,0,-9.6761
6.0069,29,1.6751,0.7101,62.8836,8.9038,3.1099,0.0825,1,0.0064,1.1434,14.703,FORTIS,2024-05-31,0,-14.4663
7.9792,16,2.0335,0.6544,64.2154,9.3579,3.3183,0.0711,1,0.0366,1.0647,22.2281,FORTIS,2024-07-25,0,18.3302
5.7873,7,2.4472,0.4914,64.7451,8.1305,3.8166,0.0752,1,0.0042,1.0406,20.7981,FORTIS,2024-08-13,0,20.2896
7.4754,8,2.1203,0.7003,64.7505,13.1596,3.0493,0.1054,0,-0.0228,1.5537,37.2542,FORTIS,2024-12-30,0,-7.806
6.7796,23,5.8528,0.7487,63.6994,14.007,3.5547,0.098,1,0.0393,1.0637,-0.0138,FORTIS,2025-05-22,1,31.7525
7.774,22,1.9539,0.8505,63.3174,8.4063,2.119,0.0153,1,0.0081,1.1417,3.1659,FORTIS,2026-01-06,0,-6.8
9.5565,7,2.7812,0.8515,65.4224,19.0802,4.5232,0.1113,1,0.0104,0.9822,-5.25,FSL,2017-08-28,0,4.2348
10.3632,0,2.6075,0.9205,64.974,14.9456,3.1111,0.0352,1,0.0158,0.7447,-29.4625,FSL,2019-01-15,0,-9.7446
5.9638,17,2.452,0.8642,63.5276,13.6063,3.1254,0.0932,1,0.0272,0.9159,14.7558,FSL,2019-05-24,0,-6.2236
9.4646,52,3.5592,0.9333,68.8889,11.0921,3.1242,0.0917,0,-0.0115,1.1801,14.0822,FSL,2019-09-13,0,-7.4178
7.2656,15,1.5967,0.8605,61.8346,10.0766,2.7665,0.0756,0,-0.0001,0.8271,-15.9047,FSL,2020-01-29,0,-4.7259
7.0919,10,3.2501,0.877,60.3073,8.7601,3.3138,0.0513,1,0.0303,0.7468,-13.5956,FSL,2022-07-20,0,-3.5695
7.856,42,3.9068,0.9294,63.2364,11.8671,3.4728,0.0745,1,0.0427,0.8102,-8.3568,FSL,2022-09-07,0,-6.9896
4.5491,22,3.3761,0.88,59.7969,14.9981,2.9418,0.0264,1,0.0431,0.8548,5.8309,FSL,2022-11-11,0,-3.1261
3.865,19,2.4477,0.82,57.7967,10.1245,2.391,0.0162,0,-0.0322,0.9369,0.1403,FSL,2023-01-30,0,5.0534
3.8853,30,3.8297,0.7974,59.7319,12.9385,3.0631,0.0264,1,0.0455,1.2093,16.9529,FSL,2023-07-14,0,13.1627
6.31,31,6.1863,0.472,68.5633,8.8314,3.2573,0.0678,1,0.0515,1.2566,25.4069,FSL,2023-07-17,0,9.7679
9.7294,49,4.0465,0.8897,68.2274,8.3685,2.7014,0.0754,1,0.0258,1.2654,27.2727,FSL,2023-11-29,0,18.1629
6.2274,17,5.503,0.7452,67.7098,14.8042,3.1698,0.0843,1,0.0163,1.1489,23.2332,FSL,2024-04-25,0,-8.3005
7.2576,10,4.3166,0.7337,63.5132,8.5299,4.1851,0.1308,1,0.0432,1.5019,71.3772,FSL,2024-09-24,0,-11.7042
8.4683,5,3.157,0.8881,60.543,10.9928,3.4541,0.0132,0,-0.0175,1.0814,3.8759,FSL,2025-08-07,0,-6.9568
10.9317,0,14.6259,0.6699,60.3147,13.0556,4.727,0.0289,0,-0.0097,0.7771,-27.7085,FSL,2026-04-16,0,-14.616
9.0634,2,3.3488,0.4692,64.5094,11.8533,4.261,0.0,0,0.0,1.0,0.0,GABRIEL,2016-08-02,0,16.3236
9.0145,26,8.0061,0.5249,65.8647,12.8862,3.4267,0.0766,1,0.0241,0.9728,1.3746,GABRIEL,2018-12-31,0,0.3491
4.5487,20,3.7201,0.6327,64.4763,8.4074,3.2444,0.0765,1,0.0261,1.0994,28.9956,GABRIEL,2019-12-24,0,-8.5589
9.4946,4,2.6086,0.8968,69.1853,12.5286,4.0247,0.1153,1,0.0977,0.9257,35.4813,GABRIEL,2020-12-07,0,-11.3684
10.1383,0,5.847,0.6612,69.7784,9.9668,4.3658,0.1569,1,0.1027,0.907,37.6158,GABRIEL,2020-12-09,0,-14.59
5.5057,22,8.1688,0.5747,60.2393,12.4234,2.932,0.019,1,0.0251,0.9328,4.3438,GABRIEL,2021-05-18,1,26.029
8.6871,23,7.8252,0.7449,69.5726,9.3334,3.1763,0.0803,1,0.0196,0.9606,7.8324,GABRIEL,2021-05-19,1,29.2104
8.7216,22,4.62,0.8361,63.856,13.5258,3.2472,0.0547,1,0.03,1.048,4.2147,GABRIEL,2022-01-10,0,-13.6615
6.6096,8,4.9596,0.828,66.4725,11.3863,4.0168,0.1016,0,-0.0301,1.0151,5.8091,GABRIEL,2022-06-27,1,28.7188
6.7707,11,5.4882,0.8277,63.0699,8.3423,3.5854,0.1146,1,0.0705,1.0778,26.7893,GABRIEL,2022-08-04,0,6.7114
8.598,5,4.854,0.8544,64.8948,14.5901,3.587,0.0965,1,0.0181,0.9605,-6.5228,GABRIEL,2024-04-29,0,-8.7208
10.2135,0,10.8893,0.886,63.5777,16.0482,3.2884,0.0608,1,0.0053,1.1861,-3.581,GABRIEL,2024-12-06,0,-5.216
11.044,0,3.601,0.935,65.5656,10.2921,4.3648,0.1329,1,0.07,1.3012,28.9606,GABRIEL,2025-05-12,0,-4.7883
7.0392,50,2.8702,0.6327,62.5541,8.8317,2.8557,0.0609,1,0.0084,1.0,0.0,GAIL,2016-10-04,0,2.0998
6.269,55,3.1461,0.8825,65.2916,12.9431,2.4067,0.07,1,0.0319,1.2164,18.7524,GAIL,2017-01-19,0,17.9841
4.8669,47,3.1803,0.641,64.9251,11.7025,2.3435,0.0562,1,0.0129,0.9354,-6.5858,GAIL,2017-09-11,0,10.7902
9.5862,3,3.234,0.1603,64.8627,12.9559,3.404,0.0903,0,-0.0159,1.0436,10.9612,GAIL,2017-09-29,0,3.799
6.388,29,3.1486,0.9068,66.202,17.2405,2.8779,0.0889,0,-0.0029,1.2113,30.5607,GAIL,2017-12-07,0,-4.992
4.577,85,1.7235,0.9605,61.1217,10.9568,2.9357,0.0352,1,0.0304,0.9637,-7.1156,GAIL,2018-05-07,0,-7.9412
7.2353,131,1.5866,0.907,65.9533,9.5171,3.2393,0.0787,1,0.0218,0.9621,6.0692,GAIL,2018-07-10,0,-1.9068
8.6553,21,1.7598,0.3407,66.0502,8.3522,3.6751,0.077,1,0.0436,0.7803,-14.2689,GAIL,2019-09-23,0,-10.3291
7.479,25,1.9943,0.8395,59.5998,8.3015,2.7122,0.0262,1,0.0854,0.7605,-13.0183,GAIL,2020-11-10,0,23.9912
8.4867,13,4.3158,0.5204,68.729,10.9686,3.4641,0.1157,1,0.0579,1.0724,73.9325,GAIL,2021-02-18,0,-6.0125
7.9706,16,2.1011,0.7711,61.663,8.2116,3.4335,0.0405,0,-0.0174,1.4466,19.3107,GAIL,2021-05-04,0,2.9328
6.8448,23,4.88,0.4254,57.4087,13.478,2.8115,-0.0191,1,0.0285,1.0577,16.2109,GAIL,2021-08-06,0,-3.4055
6.3774,48,3.2064,0.9312,68.0043,16.6624,2.516,0.0731,1,0.063,0.9391,7.5491,GAIL,2021-09-14,0,-6.9968
5.1545,73,1.742,0.9048,65.4763,8.41,1.9308,0.0696,1,0.0349,0.8318,1.7668,GAIL,2022-12-14,0,-4.6178
4.7463,70,2.5761,0.8868,67.3775,10.9679,1.7793,0.0363,1,0.0512,1.111,20.6601,GAIL,2023-07-06,0,2.4909
5.3528,19,2.7357,0.8593,64.398,14.645,2.2956,0.0766,1,0.0003,1.0923,11.1264,GAIL,2023-09-01,0,-0.4645
4.6573,16,3.1627,0.8467,64.7707,10.7953,2.1398,0.0754,1,0.0096,1.0718,23.6616,GAIL,2023-10-12,0,-5.2521
6.0528,11,6.0866,0.7416,68.6553,13.2599,2.0064,0.0631,1,0.0277,1.1522,20.4566,GAIL,2023-11-30,1,39.1779
3.6361,118,1.8094,0.7659,61.83,11.3092,1.9791,0.0411,1,0.0372,0.9173,2.9349,GAIL,2025-10-29,0,-7.4086
3.4354,10,2.0527,0.8473,57.4321,9.827,1.3114,-0.0069,1,0.0145,0.8831,-0.8088,GAIL,2026-01-02,0,-4.7617
11.1489,0,3.1484,0.6417,68.4973,13.7805,4.3166,0.0833,1,0.0407,1.0542,31.5789,GALLANTT,2017-04-03,0,-12.9681
4.2141,23,3.1022,0.2105,66.1147,8.177,2.8269,0.0274,1,0.0117,0.9174,0.2361,GALLANTT,2017-07-04,0,-11.4221
6.313,37,1.7081,1.0,58.9486,8.4034,4.6784,0.0309,1,0.0304,1.1242,27.8027,GALLANTT,2018-05-07,0,-1.8952
11.2477,0,2.3545,0.7692,68.1094,10.0588,5.2224,0.1143,0,-0.0254,1.3509,28.5407,GALLANTT,2018-11-09,0,-11.0661
6.7806,33,1.732,0.3168,64.2945,10.8086,5.1893,0.0859,1,0.0227,0.7086,-2.5372,GALLANTT,2019-12-16,0,8.1724
8.9922,6,2.459,0.8966,61.2023,8.957,5.5615,0.0591,1,0.0489,1.3169,56.974,GALLANTT,2020-08-17,0,-6.7143
12.3061,0,6.8423,0.5041,62.9751,11.8171,6.8725,0.0861,1,0.0499,1.3125,50.0,GALLANTT,2020-08-21,0,-7.2993
6.838,26,7.6397,0.6585,61.6224,11.1338,5.2731,0.0556,1,0.0364,1.1615,15.6463,GALLANTT,2020-10-19,1,30.2496
11.2842,0,3.1197,0.8358,69.61,9.5497,5.3934,0.1319,1,0.0914,1.0096,19.3861,GALLANTT,2020-12-01,1,33.5544
9.7876,13,6.3496,0.8354,63.6963,15.7903,4.3705,0.0728,0,-0.02,0.9207,8.4926,GALLANTT,2021-12-28,0,-15.0294
8.0547,7,7.4595,0.507,58.8012,12.3858,5.2668,0.0137,1,0.029,0.8141,-6.8811,GALLANTT,2022-10-31,0,-4.7854
8.0682,16,11.5007,0.7394,67.9621,17.4361,3.1642,0.0914,0,-0.014,0.9184,9.3725,GALLANTT,2023-01-20,0,-9.0284
5.9352,6,5.7211,0.6548,64.4694,15.8056,2.7802,0.0214,1,0.0375,0.917,-8.2869,GALLANTT,2023-06-05,1,51.8933
10.6066,0,10.2198,0.5823,61.5799,18.513,5.0846,0.0336,0,-0.0169,1.6643,63.8112,GALLANTT,2023-11-03,1,147.8377
13.2873,0,2.9115,0.8314,65.577,9.0653,4.6643,0.0728,0,-0.0062,1.7272,69.3576,GALLANTT,2023-11-08,1,123.4694
9.6931,6,2.297,0.9885,61.2955,8.3561,4.7478,0.0111,0,-0.0217,1.2306,9.8189,GALLANTT,2024-11-29,0,-3.2367
10.4702,0,5.1617,0.7377,61.3879,10.6321,4.8048,0.0804,1,0.0095,0.9711,7.536,GALLANTT,2025-03-20,1,38.5507
9.6962,12,9.3284,0.9052,67.7467,10.2916,4.2308,0.1126,1,0.0262,1.3812,52.3236,GALLANTT,2025-06-20,1,29.4715
10.9831,0,1.9992,0.9196,63.8782,8.8726,3.993,0.0474,0,-0.0025,0.739,-11.8094,GALLANTT,2026-02-04,0,-6.4793
6.2551,12,4.6793,0.89,68.1157,13.3679,1.9452,0.0458,1,0.0542,1.0602,11.3778,GESHIP,2017-03-16,0,2.4007
8.0238,69,4.1245,0.9203,67.3092,19.2713,2.5759,0.0668,1,0.0067,1.0257,-3.0604,GESHIP,2017-09-08,0,-11.1059
10.0691,0,3.9452,0.6663,68.1313,11.9473,3.1926,0.056,1,0.0211,0.9066,-4.3451,GESHIP,2018-04-23,0,-11.8093
10.8992,0,2.7593,0.566,67.2023,12.0956,4.7134,0.0856,0,-0.0724,0.9731,0.0764,GESHIP,2018-10-10,0,-7.5288
4.4791,49,3.876,0.5263,64.1292,10.0327,2.9801,0.0467,1,0.0173,1.2311,32.0846,GESHIP,2020-01-10,0,-2.4718
5.8722,24,4.189,0.69,56.8723,10.0379,4.0315,0.0414,1,0.0723,0.767,14.1533,GESHIP,2020-07-30,0,4.6383
8.2276,11,2.3398,0.5961,64.2825,8.1224,3.3638,0.0518,1,0.0236,0.8036,25.418,GESHIP,2021-02-23,0,0.7659
6.5338,35,1.528,0.8624,67.7075,9.3405,3.4837,0.0847,0,-0.0568,1.0201,8.7259,GESHIP,2022-03-09,0,5.7576
8.8159,18,8.163,0.736,69.9313,10.7617,3.2527,0.143,1,0.0455,1.2712,9.77,GESHIP,2023-05-15,0,-2.8384
6.2989,34,9.5345,0.5459,69.1275,14.1328,2.6027,0.0749,1,0.0117,1.2959,25.7727,GESHIP,2023-09-07,0,-2.1847
11.1653,0,4.7701,0.9037,68.1823,13.8611,3.1221,0.0738,1,0.0277,1.2096,14.9208,GESHIP,2023-11-30,0,6.4091
11.1994,0,2.7504,0.6808,64.7475,8.7465,5.2974,0.1381,1,0.0365,1.1788,22.8891,GESHIP,2024-06-07,0,15.1029
9.1385,13,2.2691,0.8279,64.9592,10.0468,3.0522,0.0408,0,-0.0043,1.2709,26.1601,GESHIP,2024-10-16,0,-11.7404
8.8517,28,4.7282,0.8567,63.1378,9.664,3.8155,0.0902,1,0.066,0.8116,0.8201,GESHIP,2025-05-16,0,-3.4533
5.2972,46,2.5438,0.7675,65.9529,12.2394,2.7589,0.0616,0,-0.0215,1.2491,12.717,GESHIP,2026-01-28,1,31.9978
4.0784,38,3.1798,0.9165,62.2109,19.8189,1.4854,0.0157,1,0.0304,1.0,0.0,GICRE,2018-01-12,0,-4.572
4.5305,9,2.6718,0.6807,58.2546,17.8056,1.5378,-0.0099,0,-0.0384,1.0,-8.5405,GICRE,2018-03-28,0,-4.0614
5.3748,49,4.497,0.9245,61.2051,16.5953,2.5862,0.0241,1,0.0198,0.887,-9.2037,GICRE,2018-05-28,0,-0.4299
12.2164,0,6.8766,0.875,65.7052,31.8195,3.3861,0.0746,1,0.0465,1.001,10.713,GICRE,2018-07-30,0,-13.5838
4.312,11,2.2973,0.8892,60.6831,10.611,2.1837,0.0075,1,0.0054,0.9209,3.2545,GICRE,2018-09-17,0,-7.7196
10.1094,0,2.0625,0.745,62.6377,11.0009,2.6864,0.0015,1,0.0134,0.7841,8.9866,GICRE,2019-07-01,0,-8.0803
10.3278,0,3.0022,0.7967,62.3149,9.2138,3.6767,0.0268,1,0.0226,1.1109,52.5133,GICRE,2020-01-13,0,-9.4101
8.079,5,4.4928,0.6859,64.3221,9.8883,4.1898,0.1388,1,0.0927,0.7585,-19.7555,GICRE,2020-07-08,0,-14.1592
6.2149,5,6.0145,0.6696,58.2978,8.4418,3.5456,0.0156,1,0.0554,0.7421,16.5197,GICRE,2020-08-24,0,-8.5877
7.6548,30,2.1282,0.8099,67.838,11.5549,2.2706,0.0541,1,0.0897,0.692,-11.2207,GICRE,2020-11-23,0,0.6145
8.6663,3,12.1837,0.5127,65.6195,20.688,3.2902,0.0884,0,-0.0004,1.0097,-7.1352,GICRE,2022-04-29,0,-11.1846
4.3445,32,9.018,0.4633,67.916,10.8058,2.2776,0.0533,1,0.0725,0.8991,7.8489,GICRE,2022-08-03,0,-3.1963
6.0306,47,3.5006,0.5113,64.0351,10.1344,2.7044,0.0601,1,0.0573,1.0092,4.407,GICRE,2022-08-26,0,-1.9992
5.7347,94,6.2565,0.8356,66.6137,9.8567,2.3012,0.0549,1,0.0331,0.9876,13.2873,GICRE,2022-11-04,0,15.7462
5.3961,37,5.7342,0.6246,66.3581,9.9313,2.785,0.063,1,0.0465,0.995,33.8504,GICRE,2023-07-21,0,11.0335
6.4388,35,8.7024,0.78,66.0922,15.2337,2.9773,0.0811,1,0.0092,1.3167,34.3974,GICRE,2023-11-16,1,42.2469
14.8852,0,3.373,0.7505,69.2778,8.2875,5.107,0.2019,1,0.0232,1.7745,62.4552,GICRE,2024-01-24,0,-4.6061
8.4611,8,1.9187,0.7904,62.2045,10.634,3.7221,0.0437,0,-0.0032,1.1734,11.4381,GICRE,2025-03-19,0,-11.713
13.4437,0,5.1805,0.8985,67.8063,10.1467,3.8766,0.1139,1,0.0166,1.2496,21.0519,GICRE,2025-03-21,0,-16.3063
4.7679,31,4.5161,0.5312,57.9574,12.4512,2.8163,0.0218,0,-0.0265,0.9372,-6.6136,GICRE,2025-08-08,0,-0.8705
3.8774,69,2.9208,0.9443,65.7614,16.3015,1.7995,0.0325,1,0.0097,0.8466,-4.9608,GICRE,2025-10-06,0,-2.2605
5.7213,127,2.3151,0.6438,56.3286,13.3279,2.5652,0.0079,1,0.0004,1.0089,1.2961,GICRE,2025-12-30,0,-5.1385
6.7257,156,2.6317,0.8917,69.4954,8.9948,2.999,0.063,1,0.0045,0.9872,8.0564,GICRE,2026-02-10,0,-8.5395
3.184,66,1.9046,0.8384,58.9339,8.6067,2.1056,0.0174,0,-0.0281,1.097,-4.5969,GILLETTE,2019-08-30,0,-5.5632
4.6995,25,4.5303,0.4886,68.8102,12.3124,2.2541,0.0463,1,0.0902,0.9114,-15.3385,GILLETTE,2020-07-02,0,-1.885
4.0007,80,2.4564,0.807,66.6588,12.217,2.2619,0.0374,1,0.0051,0.8149,-0.1421,GILLETTE,2021-03-30,0,-3.8395
3.303,151,4.2307,0.7366,65.6734,10.4073,1.6898,0.0438,1,0.0227,0.9221,6.8304,GILLETTE,2021-07-13,0,-0.9289
4.146,191,6.0266,0.4592,68.3815,8.0014,1.8966,0.036,1,0.0667,0.9472,12.883,GILLETTE,2021-09-09,0,-5.0436
1.553,391,3.0203,0.6269,58.1468,12.5513,2.2248,0.0076,0,-0.0287,1.0483,-2.2071,GILLETTE,2022-06-30,0,1.7538
6.8781,426,10.0395,0.7252,68.12,9.6216,2.0551,0.0781,1,0.062,1.0696,4.2856,GILLETTE,2022-08-22,0,-7.0709
4.9078,23,4.0661,0.8668,68.1066,16.9385,2.2892,0.0686,1,0.0066,1.1204,33.1513,GILLETTE,2023-09-06,0,6.1281
11.0681,0,3.4471,0.7162,69.2551,8.2824,2.9578,0.0905,1,0.027,1.1602,32.2563,GILLETTE,2023-09-14,0,0.8523
5.6083,59,5.6072,0.8459,64.5398,20.7425,2.32,0.0475,1,0.0818,1.1102,17.484,GILLETTE,2023-12-28,0,2.0887
6.7265,64,11.4286,0.6551,58.7429,23.87,2.7139,0.0226,1,0.0156,0.9312,10.3659,GILLETTE,2024-04-30,0,17.7895
7.7706,8,2.1485,0.8672,67.7506,8.825,3.2902,0.1158,1,0.0087,1.0607,15.7157,GILLETTE,2024-06-05,0,20.0
10.8393,0,12.8435,0.5563,64.5991,18.9641,4.0073,0.0714,0,-0.0261,1.4019,27.0737,GILLETTE,2024-10-29,0,-2.4258
7.3276,39,1.5771,0.846,68.5304,8.8923,2.434,0.0754,1,0.066,0.8717,-11.9171,GILLETTE,2025-05-16,0,18.0341
7.5809,47,5.1229,0.9505,67.2974,10.5911,2.598,0.0728,0,-0.0215,0.8143,-14.9971,GILLETTE,2026-01-30,0,-5.1491
5.6452,62,5.9721,0.6917,65.9889,14.125,2.3051,0.0549,1,0.0094,1.0955,4.3397,GILLETTE,2026-05-27,0,-6.4235
6.1911,29,4.873,0.682,63.1318,12.8679,2.7212,0.0418,1,0.0153,0.9772,-3.634,GLAND,2022-04-21,0,-10.5583
7.0099,12,1.6179,0.9229,61.7913,13.1526,2.6334,0.0296,1,0.048,0.7338,-25.0936,GLAND,2022-09-01,0,-7.8519
11.0561,0,3.6849,0.9058,67.847,8.1968,3.3467,0.0593,1,0.011,1.6913,57.335,GLAND,2023-11-22,0,8.3913
6.9291,11,4.8411,0.8251,56.2918,12.6205,3.1086,-0.0001,1,0.0276,0.9502,8.8886,GLAND,2024-04-08,0,-1.2782
7.9096,40,7.362,0.1605,69.8902,12.2964,3.2637,0.0673,1,0.0284,0.9971,-5.4228,GLAND,2024-05-23,0,-7.0702
8.8303,6,12.5556,0.9314,65.0889,30.0283,3.2997,0.0366,0,-0.0338,0.9971,1.8935,GLAND,2024-11-05,0,-4.9972
6.6457,7,6.9092,0.6618,58.5119,11.2408,3.799,-0.0235,0,-0.0348,0.964,-3.1634,GLAND,2025-02-25,0,-18.75
2.6815,59,2.8758,0.4434,58.3293,9.8872,2.1617,0.015,1,0.0236,1.3327,12.7753,GLAND,2025-11-03,0,-6.7268
5.1189,118,10.8204,0.5365,63.1489,15.5347,3.0582,0.0493,0,-0.0181,0.8595,-9.4016,GLAND,2026-01-29,0,-4.5614
1.9302,76,2.4018,0.6386,64.2827,11.8125,1.3666,0.0122,1,0.0542,0.876,-1.8977,GLAXO,2017-03-16,0,-4.7918
3.5826,32,1.6272,0.597,55.5266,8.2545,2.2931,-0.0057,1,0.0208,0.9073,4.3513,GLAXO,2017-12-29,0,-5.3143
4.606,31,2.2141,0.9141,60.5525,13.6384,3.2452,0.0236,1,0.0896,1.0318,4.4388,GLAXO,2020-06-22,0,0.3304
7.8455,32,3.5266,0.8132,69.443,8.8905,3.3552,0.0718,1,0.1025,1.0769,12.5135,GLAXO,2020-06-23,0,-3.3781
4.2273,59,1.5677,0.9173,64.4358,13.743,1.9657,0.0119,1,0.0495,0.7388,1.3064,GLAXO,2021-03-03,0,-5.5676
5.7625,126,4.4189,0.7328,69.271,11.2612,2.5247,0.0745,1,0.0555,0.8733,7.941,GLAXO,2021-06-14,0,-0.9762
8.1318,26,3.1113,0.794,69.8986,21.498,3.4967,0.073,1,0.01,1.1736,-0.2412,GLAXO,2022-03-29,0,-9.7849
2.6665,292,2.8563,0.3326,62.0775,9.5424,1.8262,0.0556,1,0.0515,1.0111,9.2567,GLAXO,2023-07-17,0,6.0924
7.2108,14,1.9744,0.9266,62.8684,14.6332,2.7134,0.0116,1,0.0096,1.1976,22.9069,GLAXO,2024-04-24,1,32.3349
10.8247,0,7.8743,0.7222,64.0238,26.5261,3.878,0.0298,0,-0.0068,0.8155,-17.4342,GLAXO,2025-02-06,0,9.446
3.9146,32,1.9577,0.861,62.744,11.44,2.1516,0.0423,1,0.0424,1.0,0.0,GLENMARK,2016-09-07,0,-0.029
5.3182,85,4.5905,0.2266,66.6015,10.7928,2.4329,0.055,1,0.0572,1.1121,0.1639,GLENMARK,2017-02-03,0,-7.6494
7.1493,12,2.8122,0.6617,57.4985,8.2176,2.5341,-0.0197,1,0.0172,0.6364,-11.814,GLENMARK,2017-09-21,0,-5.1319
6.8361,26,1.9196,0.8809,65.6441,11.3354,3.0563,0.0559,1,0.0077,0.9261,3.1821,GLENMARK,2018-04-13,0,-7.6822
7.6444,11,2.9925,0.8841,64.5105,8.6103,3.2564,0.034,0,-0.034,1.278,9.7963,GLENMARK,2018-11-06,0,-7.6725
9.2928,65,2.4615,0.943,64.1893,10.2208,3.3002,0.057,0,-0.0072,0.7939,5.7935,GLENMARK,2021-04-06,1,30.7511
5.5432,36,3.6762,0.9136,65.144,10.3594,2.4234,0.0858,1,0.0248,1.2208,45.0391,GLENMARK,2021-07-16,0,-7.2019
3.2098,14,1.7962,0.7115,56.6793,8.4826,2.8593,-0.0045,0,-0.0169,1.3136,-2.6527,GLENMARK,2024-12-27,0,-4.0488
8.7706,113,3.2067,0.8704,68.5332,9.4548,2.6527,0.0974,0,-0.0497,1.1089,20.7508,GLENMARK,2026-03-10,0,-8.148
9.3065,22,2.6317,0.8344,68.8938,8.7531,2.8997,0.0983,0,-0.006,1.3274,20.454,GLENMARK,2026-04-23,0,-4.5538
6.9161,14,1.7976,0.9358,62.9645,11.6688,3.9365,0.08,1,0.005,1.0,0.0,GMDCLTD,2016-10-05,0,6.0525
6.0555,29,4.697,0.6496,64.372,8.5702,2.4542,0.0563,1,0.036,1.3385,19.15,GMDCLTD,2017-03-23,0,22.3033
6.1209,17,12.8871,0.0502,67.1954,11.691,3.8178,0.0958,1,0.0294,1.1389,47.3889,GMDCLTD,2017-05-10,0,4.3862
6.3982,8,1.646,0.8714,68.2691,8.0119,3.3,0.1088,1,0.0308,1.2055,21.0908,GMDCLTD,2017-06-08,0,-2.3731
11.4675,0,4.9111,0.6379,65.9449,11.1484,3.4934,0.0987,1,0.0257,1.1561,11.7457,GMDCLTD,2017-10-18,0,7.3718
6.3157,15,3.5177,0.9206,66.6008,19.1263,2.6518,0.0292,1,0.0326,0.8228,-9.0909,GMDCLTD,2019-05-27,0,-8.7592
6.2168,18,6.9688,0.8615,63.642,14.8051,2.5004,0.0462,1,0.0966,0.9226,8.7782,GMDCLTD,2020-11-17,0,4.4131
11.8109,0,2.5207,0.7273,66.9218,8.0059,3.3759,0.0822,1,0.0866,0.9643,14.5959,GMDCLTD,2020-11-26,0,0.6918
7.4194,4,7.5586,0.7143,56.1136,22.2413,3.34,-0.0103,1,0.0063,1.1462,25.331,GMDCLTD,2021-07-29,0,-12.6942
7.2886,6,4.8832,0.6194,62.6583,8.0247,3.8939,0.0923,1,0.057,1.1089,-1.2735,GMDCLTD,2021-09-29,0,-6.9866
12.6082,0,3.7301,0.8113,64.0763,8.0635,3.7509,0.0501,0,-0.0298,0.89,8.2378,GMDCLTD,2021-12-15,1,119.6079
12.7579,0,4.5373,0.8581,68.6965,10.5417,3.7238,0.1427,1,0.03,1.0168,15.5893,GMDCLTD,2022-01-10,1,165.5215
6.1234,16,3.6943,0.936,64.4752,13.2693,3.0696,0.0233,1,0.0331,0.7454,17.4426,GMDCLTD,2022-11-04,0,-8.1303
10.5001,0,3.0618,0.8788,66.9116,8.9773,3.0275,0.0965,1,0.056,0.9225,5.2943,GMDCLTD,2022-11-30,0,-8.2961
6.1079,4,7.3429,0.5804,63.4591,9.6827,3.1028,0.0505,1,0.0557,0.8715,5.134,GMDCLTD,2024-07-08,0,-10.3542
11.8328,0,12.346,0.8854,69.3666,26.0685,3.441,0.1409,0,-0.0027,1.2433,69.0288,GMDCLTD,2025-07-18,0,-6.3481
9.2205,3,2.4499,0.8235,59.1853,8.3993,3.1202,0.0354,0,-0.0108,1.0,0.0,GMRAIRPORT,2016-10-26,0,-10.0361
6.554,8,2.7032,0.8095,67.9779,11.6298,3.3629,0.1248,1,0.0572,0.9881,-1.083,GMRAIRPORT,2017-02-03,0,16.9675
8.1051,19,3.9252,0.8077,67.0458,10.1259,3.7444,0.1136,1,0.0114,1.3019,48.7288,GMRAIRPORT,2017-04-21,0,-12.3481
11.1958,0,3.0814,0.6774,69.0047,8.7666,3.4843,0.0879,1,0.032,0.9343,-4.4041,GMRAIRPORT,2017-10-25,0,-9.3243
11.7164,0,2.2808,0.5455,65.7351,8.14,4.0873,0.0568,1,0.0278,0.7785,-2.965,GMRAIRPORT,2018-07-12,0,-1.7582
6.6951,55,2.8036,0.8333,61.1875,9.9575,3.2217,0.047,1,0.0174,1.0416,-12.2396,GMRAIRPORT,2019-01-09,0,-8.9053
10.0621,0,4.9563,0.5227,66.7125,10.8813,3.7609,0.1173,0,-0.026,1.6124,47.1098,GMRAIRPORT,2020-02-24,0,-15.5945
9.3829,22,4.1618,0.5397,67.1074,11.4804,3.8636,0.1146,1,0.0661,1.1509,-19.5329,GMRAIRPORT,2020-05-29,0,0.2078
13.6933,0,3.0034,0.8,69.8895,10.553,4.6756,0.1655,1,0.1007,1.0576,42.1212,GMRAIRPORT,2020-07-28,0,-5.4604
7.6043,21,2.1672,0.8571,67.2903,11.1386,2.9994,0.0841,1,0.0991,1.0368,28.6432,GMRAIRPORT,2020-11-18,0,-1.6403
10.374,0,2.8447,0.7222,69.9193,8.8525,3.4432,0.1134,1,0.0897,1.0247,32.5815,GMRAIRPORT,2020-11-23,0,-7.4907
7.3707,15,2.8868,0.75,61.0039,8.6828,3.7138,0.0556,1,0.0297,0.875,16.2105,GMRAIRPORT,2021-03-02,0,-12.2004
6.6852,21,2.9731,0.7755,65.6821,12.6333,2.7048,0.0538,1,0.0632,0.9217,-1.4455,GMRAIRPORT,2022-07-29,0,-10.72
8.1201,42,3.8303,0.9,67.9588,10.8914,2.9111,0.0995,1,0.048,0.9699,2.4,GMRAIRPORT,2022-09-01,0,-4.5337
5.4769,7,3.4199,0.6618,62.6518,13.8801,2.6596,0.031,1,0.0133,0.9736,9.621,GMRAIRPORT,2022-10-27,0,-5.6011
7.0428,23,4.2347,0.7021,66.6727,10.9887,2.3666,0.0582,0,-0.0443,1.0966,8.6728,GMRAIRPORT,2023-03-15,0,-6.6586
11.0218,0,2.898,0.9194,66.0879,10.1047,3.6413,0.1135,0,-0.0082,1.2009,11.4103,GMRAIRPORT,2023-04-03,0,1.626
4.36,8,1.7026,0.7241,56.5721,9.2722,2.1576,-0.0047,1,0.0422,1.0547,13.8021,GMRAIRPORT,2023-06-30,1,32.0957
6.5423,24,2.4099,0.8837,65.187,13.5502,2.2273,0.0667,1,0.0411,1.0576,17.8707,GMRAIRPORT,2023-07-24,0,23.383
7.7527,12,3.5952,0.8571,63.8072,13.9715,2.5092,0.0438,1,0.0103,1.2427,34.7098,GMRAIRPORT,2023-11-24,0,19.6594
9.3568,4,5.2116,0.7574,69.4686,10.8121,2.8611,0.0848,1,0.009,1.4022,26.3048,GMRAIRPORT,2024-04-26,0,-12.4305
6.1237,37,1.8895,0.8626,67.8318,12.5747,1.9911,0.0326,1,0.0139,1.1084,10.2613,GMRAIRPORT,2025-09-16,0,-6.4849
11.7881,0,9.677,1.0,57.5437,37.5137,3.5414,-0.098,0,-0.0298,1.0,-17.2125,GODFRYPHLP,2016-12-27,0,11.2115
5.6046,34,4.2013,0.8002,63.0834,15.5788,2.5385,0.0348,1,0.0511,0.706,-24.4645,GODFRYPHLP,2017-03-14,0,6.9935
4.1503,25,5.8106,0.4559,60.8506,9.1274,2.6444,0.053,1,0.0196,1.2277,20.2936,GODFRYPHLP,2017-06-22,0,-14.6059
2.5743,81,2.8153,0.7352,62.1561,15.6193,2.2117,0.0147,1,0.0214,0.7527,-0.474,GODFRYPHLP,2018-01-05,0,-4.1897
7.2516,10,4.5604,0.8117,66.483,12.6368,3.3947,0.1548,1,0.0276,1.0029,3.6949,GODFRYPHLP,2018-09-06,0,-7.5749
13.2915,0,4.9379,0.9017,68.4981,11.6256,3.9079,0.1241,1,0.0298,1.2901,35.4723,GODFRYPHLP,2019-03-11,0,5.1602
7.8079,2,3.1563,0.4919,63.2029,8.5109,3.5113,0.1059,1,0.0241,1.5905,32.3114,GODFRYPHLP,2020-01-02,0,-3.6361
4.7008,40,3.1378,0.6398,57.7527,8.2894,2.5955,0.0138,1,0.0822,0.6493,-2.1299,GODFRYPHLP,2020-11-19,0,0.6179
4.1266,90,3.8047,0.7069,67.907,11.5509,1.6722,0.0276,1,0.0251,0.858,-8.2134,GODFRYPHLP,2021-05-18,0,10.2032
5.5045,40,11.7156,0.4968,67.4271,13.001,2.0541,0.0401,1,0.0736,1.0182,24.7432,GODFRYPHLP,2021-09-16,0,10.2155
6.5098,17,3.2087,0.7543,59.9171,9.3332,4.1082,0.0559,0,-0.0098,1.18,0.8101,GODFRYPHLP,2022-10-04,1,48.8291
7.3252,26,9.0636,0.6604,66.3866,14.4966,3.9288,0.0757,1,0.0045,1.2035,32.6743,GODFRYPHLP,2023-10-10,0,-9.7615
2.9032,22,3.8704,0.6338,59.1445,9.8292,2.3289,0.0187,1,0.0699,1.1549,-1.7768,GODFRYPHLP,2024-01-02,1,36.918
11.482,0,6.0228,0.8932,67.0449,12.8611,3.737,0.155,1,0.0163,1.3047,65.7036,GODFRYPHLP,2024-04-25,0,19.7387
10.9897,0,12.34,0.8793,68.1006,19.7048,4.3704,0.2045,1,0.0588,1.8789,68.9717,GODFRYPHLP,2024-07-15,1,37.2822
9.0136,5,6.6004,0.6859,55.5763,15.1402,4.9058,-0.0047,0,-0.022,1.1099,4.1475,GODIGIT,2024-11-25,0,-7.9057
6.5932,5,2.6763,0.7996,66.7078,10.5249,3.6436,0.1326,1,0.0262,1.0042,17.094,GODIGIT,2025-06-20,0,1.4429
7.561,32,11.3663,0.3814,59.7294,12.637,3.0171,0.0483,0,-0.0093,1.0911,19.7676,GODIGIT,2025-07-29,0,-6.4415
4.5144,8,1.7837,0.9446,67.3175,11.3345,2.0625,0.0749,1,0.0512,0.9886,-3.1895,GODREJCP,2017-01-30,0,-0.5757
3.9579,65,2.068,0.9269,64.1062,17.036,2.2533,0.0575,1,0.0299,1.0092,21.5161,GODREJCP,2017-04-25,0,9.2244
5.1713,24,2.0853,0.6626,56.6532,9.5227,2.5835,0.014,0,-0.0087,1.0698,8.6068,GODREJCP,2017-10-03,0,-5.2042
5.6675,63,2.15,0.3918,58.2329,8.56,2.9516,0.0327,1,0.0189,0.9804,2.5106,GODREJCP,2017-11-28,0,1.3042
3.7065,99,3.357,0.6575,67.7159,12.0344,1.95,0.0564,1,0.0407,0.9911,11.3722,GODREJCP,2018-01-18,0,-3.4346
4.2308,45,2.8709,0.8538,66.118,16.8737,2.2689,0.0595,1,0.015,1.1215,15.9701,GODREJCP,2018-04-18,0,16.2886
7.2949,45,2.2586,0.9048,62.7994,13.151,2.6535,0.0345,1,0.0279,0.8184,-11.4235,GODREJCP,2019-05-31,0,-6.1635
4.2217,23,2.7033,0.7137,61.6369,8.0231,2.453,0.0469,1,0.0581,1.1969,29.2392,GODREJCP,2020-08-13,0,-8.9228
5.6389,28,2.8493,0.8429,63.8099,9.9127,2.3746,0.0462,1,0.0946,0.8362,5.2818,GODREJCP,2020-12-10,0,0.0652
5.027,12,2.0972,0.8878,55.6828,12.6081,2.5152,-0.0188,0,-0.0174,0.7535,3.5803,GODREJCP,2021-03-26,0,21.9767
7.1819,27,1.6942,0.8947,65.3679,8.2362,2.882,0.0903,1,0.0427,1.2808,17.7958,GODREJCP,2022-09-07,0,-8.3291
4.7931,23,2.0242,0.9237,64.4918,9.2456,2.2367,0.0726,1,0.0478,1.1714,18.244,GODREJCP,2023-07-05,0,-8.36
7.9463,50,2.233,0.6489,59.1916,9.4703,2.465,0.0384,1,0.0133,1.0815,23.8689,GODREJCP,2024-09-09,0,-6.523
5.8737,8,1.8979,0.7624,62.7033,18.6286,2.7727,0.04,0,-0.0138,0.8412,-17.2883,GODREJCP,2025-02-01,0,-9.6933
5.6641,46,5.123,0.9251,67.6206,19.7347,1.8234,0.0304,1,0.0237,1.0796,18.4941,GODREJCP,2025-07-07,0,-3.4036
4.6124,11,2.8853,0.8575,60.342,22.112,1.9266,-0.0084,1,0.0236,0.8989,0.8289,GODREJCP,2025-11-03,0,0.9666
7.0822,22,3.6758,0.8727,69.2941,11.7345,2.2772,0.0873,1,0.0407,1.193,41.6834,GODREJIND,2017-04-03,0,20.3738
6.6946,29,1.7893,0.6613,65.3937,9.8419,3.1872,0.0669,1,0.0443,1.0093,18.1397,GODREJIND,2018-07-27,0,-6.6877
8.3868,9,6.7604,0.8426,55.9395,16.9876,3.8132,-0.0395,0,-0.0214,0.8608,-19.8642,GODREJIND,2018-11-13,0,0.6884
12.3595,0,4.9303,0.8725,61.7057,17.7049,4.1954,0.0228,1,0.0001,0.8588,-35.3977,GODREJIND,2020-05-26,1,30.6802
6.4599,5,6.2978,0.7614,65.3196,11.6116,3.2452,0.0273,1,0.0629,0.9973,35.7545,GODREJIND,2020-08-10,0,6.3744
7.0547,13,6.4137,0.8452,68.0467,18.362,2.5981,0.0858,1,0.0377,1.1293,27.352,GODREJIND,2021-06-23,0,-7.0
5.0925,76,2.9808,0.7673,66.5859,10.4196,2.5694,0.05,1,0.0734,0.934,8.5546,GODREJIND,2021-09-23,0,-3.4028
4.4909,103,4.2411,0.7893,65.8002,9.8979,2.8537,0.0645,1,0.0152,0.9742,4.7602,GODREJIND,2021-11-02,0,-5.8098
4.7007,31,6.1833,0.5578,63.0886,12.4676,2.702,0.0694,1,0.0501,0.8877,0.0308,GODREJIND,2022-09-09,0,-13.4694
7.4334,30,2.1253,0.9055,69.089,10.6519,2.3932,0.0392,1,0.0473,0.814,1.2319,GODREJIND,2022-11-28,0,-0.3932
7.4514,61,5.2211,0.4883,67.3339,9.4965,2.5327,0.0535,1,0.0064,1.0107,-1.2281,GODREJIND,2023-04-10,0,14.6493
4.6793,6,5.0288,0.8698,69.8505,13.1542,2.3756,0.0916,1,0.0436,1.0891,7.3575,GODREJIND,2023-05-10,0,-0.5212
7.9309,18,2.4861,0.814,66.8297,8.5148,2.9789,0.1061,1,0.0428,1.182,8.9725,GODREJIND,2023-05-26,0,-3.8487
4.4151,70,2.4308,0.9419,62.0163,8.5935,2.1862,0.0261,1,0.0225,1.0483,25.8243,GODREJIND,2023-08-09,1,32.213
9.1537,79,6.7376,0.7318,69.0571,15.443,2.9049,0.0791,1,0.0048,1.1657,19.8375,GODREJIND,2023-08-23,0,20.2186
8.2749,3,2.7594,0.7929,68.039,8.4281,3.0756,0.1013,0,-0.0072,1.374,32.5098,GODREJIND,2024-12-18,0,-5.1154
5.3219,14,9.0826,0.6307,57.6237,20.0439,3.0211,-0.0141,0,-0.0161,1.3064,6.2034,GODREJIND,2025-08-13,0,-0.4096
4.6164,70,1.5152,0.9195,59.9793,12.7308,3.2273,0.0307,1,0.0017,0.892,-12.8954,GODREJIND,2026-02-09,0,-10.0677
6.4495,78,10.0815,0.5405,55.9851,10.2698,3.5192,0.0209,0,-0.0121,0.7817,-4.8939,GODREJIND,2026-02-19,0,-8.5668
6.4584,6,4.8214,0.9352,68.4157,11.3062,2.5653,0.1142,1,0.058,0.9597,3.4559,GODREJPROP,2017-02-01,1,55.5714
6.1097,30,2.4842,0.5984,69.4441,11.3767,2.3739,0.045,1,0.0104,1.3269,23.3288,GODREJPROP,2017-08-28,1,35.2958
4.2049,24,5.4948,0.8795,60.8804,16.826,2.1834,0.0062,1,0.0162,1.152,6.3457,GODREJPROP,2018-04-17,0,1.8169
7.9786,16,2.1315,0.86,65.9697,9.1774,3.2743,0.1038,1,0.012,0.9865,0.6216,GODREJPROP,2019-01-07,0,-4.6425
5.6486,33,4.2058,0.8178,64.2791,10.2572,2.5733,0.0359,1,0.0561,1.1191,22.5969,GODREJPROP,2019-03-19,0,5.7313
10.1815,0,1.7536,0.8446,69.3607,8.0107,3.6391,0.1234,1,0.0125,1.333,31.1892,GODREJPROP,2019-06-20,0,-6.7047
4.8533,29,3.9164,0.6422,64.9275,19.9423,2.8309,0.0289,0,-0.0179,1.3382,15.0621,GODREJPROP,2019-09-11,0,-2.9329
11.1907,0,1.8882,0.7227,68.2131,8.4854,4.0586,0.0955,1,0.0436,1.4402,34.0861,GODREJPROP,2019-09-23,0,-9.5315
5.156,5,2.2987,0.7222,55.8796,9.6702,2.8516,-0.0169,1,0.0178,1.0344,-0.7147,GODREJPROP,2019-12-12,0,-1.8248
5.923,34,2.7331,0.9254,63.9396,13.6795,2.8465,0.0933,1,0.0057,1.0217,8.4214,GODREJPROP,2020-01-23,0,-3.5699
4.7262,15,1.5893,0.8499,62.6718,12.098,3.6007,0.1059,1,0.0654,0.9525,41.4764,GODREJPROP,2020-07-31,0,-10.1645
8.1997,16,2.8962,0.8234,57.8748,8.0482,3.2079,0.0169,1,0.0431,0.8431,9.2861,GODREJPROP,2022-11-11,0,-2.1859
9.8553,29,3.9662,0.7795,63.0478,9.3093,3.0481,0.0707,1,0.0045,1.2553,23.9121,GODREJPROP,2023-10-10,0,-8.0929
10.547,0,4.5773,0.9646,69.1057,14.5007,3.1886,0.1646,1,0.0067,1.5058,43.8202,GODREJPROP,2024-05-06,0,-8.6911
6.1988,4,1.8367,0.7533,64.3665,10.0211,3.4811,0.1398,1,0.038,1.3702,28.67,GODREJPROP,2024-06-03,0,-12.28
7.7234,19,4.6655,0.9403,68.6681,11.9935,2.7324,0.0659,1,0.0443,1.2573,13.1116,GODREJPROP,2024-09-23,0,-7.6434
8.0903,7,6.8317,0.6055,57.7913,13.0074,4.0362,0.0143,1,0.0196,1.3617,-0.5097,GPIL,2017-06-22,0,9.7234
6.8015,7,3.345,0.88,68.3262,10.2188,3.2087,0.1224,1,0.0812,1.4238,22.5082,GPIL,2023-12-15,0,-79.0086
7.7008,14,1.9575,0.8467,62.7158,9.0372,3.3772,0.1553,1,0.0064,0.2579,24.4819,GPIL,2024-05-31,0,0.2696
12.2318,0,3.402,0.5578,69.0604,8.1811,5.1721,0.2034,1,0.0341,0.269,46.6736,GPIL,2024-06-10,0,-3.596
7.6356,3,3.3154,0.6895,68.2386,9.5461,3.7525,0.1666,1,0.0589,1.3129,48.0494,GPIL,2024-07-09,0,-11.8243
9.2597,11,6.825,0.6303,65.1458,8.3462,2.9674,0.0344,1,0.0432,1.3264,14.5204,GPIL,2024-09-24,0,-7.4481
8.0381,6,3.3729,0.9286,61.868,13.103,3.2099,0.0259,1,0.0117,1.371,31.2671,GPIL,2025-12-23,0,-3.5251
7.5762,15,11.201,0.5035,59.7963,9.8785,3.37,0.0829,0,-0.0029,1.2117,11.6037,GPIL,2026-05-20,0,-12.3166
5.987,5,3.2227,0.8743,61.2015,13.1172,2.8189,0.0266,1,0.0228,0.9388,-5.0548,GRANULES,2017-09-18,0,-10.5754
4.7349,24,3.9934,0.873,58.9216,17.0887,3.0585,0.033,1,0.0064,1.0967,-21.6056,GRANULES,2019-01-23,0,-9.3559
7.7536,11,2.113,0.9077,64.9531,12.4783,3.4055,0.071,0,-0.0179,0.927,-11.2518,GRANULES,2019-09-11,1,25.0917
8.5916,3,2.7323,0.8709,68.9494,9.6711,4.0264,0.2215,1,0.1005,2.0877,29.808,GRANULES,2020-07-09,0,24.1117
5.611,28,2.794,0.9099,59.8333,12.564,3.1082,0.0521,1,0.0897,1.7128,51.3079,GRANULES,2020-11-23,0,-5.3926
9.8799,14,4.8914,0.8504,61.1319,11.9923,4.2643,0.0498,1,0.0495,0.8491,-5.6964,GRANULES,2021-03-03,0,-13.7354
7.5733,5,2.403,0.9201,61.9347,9.4296,4.1262,0.0715,0,-0.0083,0.7338,2.7565,GRANULES,2021-05-05,0,-10.576
8.9638,40,3.5362,0.9248,67.9079,9.7254,3.9546,0.1108,0,-0.019,1.154,23.4415,GRANULES,2022-09-30,0,-0.7529
6.4123,38,2.4754,0.8725,68.3446,11.5693,2.3206,0.0957,1,0.0358,0.9496,12.82,GRANULES,2023-07-27,0,-5.6445
8.4199,8,5.5951,0.5923,62.6441,10.4078,2.5258,0.0434,1,0.0261,0.9729,5.0981,GRANULES,2023-09-13,0,2.5924
9.6249,27,2.1933,0.8996,65.738,8.8172,2.6237,0.1094,1,0.0675,1.2542,42.1105,GRANULES,2024-01-15,0,0.0649
7.8562,29,3.7351,0.8417,57.863,10.7826,3.0442,0.0087,1,0.0124,0.9953,2.2398,GRANULES,2024-05-22,1,55.6342
7.9318,8,6.9299,0.5411,63.5095,12.155,3.0973,0.0371,0,-0.0229,0.8828,2.8549,GRANULES,2025-08-29,0,3.498
6.909,33,1.5811,0.897,58.9518,8.4278,3.567,0.0499,0,-0.0824,1.2334,11.7799,GRANULES,2026-03-24,1,28.9216
7.5745,6,1.997,0.5562,67.0108,11.7346,3.8965,0.0,0,0.0,1.0,0.0,GRAPHITE,2016-07-29,0,-11.8313
12.4526,0,3.5911,0.8415,66.8841,10.4553,4.6791,0.1579,1,0.0542,1.484,51.0512,GRAPHITE,2017-03-16,0,-1.9663
10.0165,0,3.3577,0.8514,65.1034,8.1059,4.3432,0.1002,1,0.0315,1.2589,15.6668,GRAPHITE,2018-05-09,0,-2.7076
8.0741,9,2.3891,0.91,59.1182,9.1931,3.0766,0.0052,1,0.006,2.034,34.4424,GRAPHITE,2021-07-27,0,-8.8191
9.4543,10,4.4723,0.8647,63.9446,8.2539,2.9717,0.0604,1,0.0632,0.8928,-15.2207,GRAPHITE,2022-07-29,0,-7.2146
6.7987,24,7.7237,0.8879,67.9031,16.2343,2.7409,0.0597,1,0.0364,0.7614,-3.1482,GRAPHITE,2022-11-18,0,-4.5795
8.81,22,2.0314,0.8723,69.1514,10.0624,2.8577,0.1324,1,0.0197,1.1934,63.9306,GRAPHITE,2023-08-04,0,2.4065
6.8451,12,6.7742,0.735,65.6729,14.255,2.9715,0.0438,1,0.0258,1.4564,24.6033,GRAPHITE,2023-11-29,0,0.0635
8.1272,27,5.3879,0.6794,66.3242,10.371,3.8328,0.1034,1,0.0245,1.2298,16.8078,GRAPHITE,2024-02-05,0,-7.4839
5.8588,23,3.8535,0.8315,64.1569,8.7358,2.6763,0.0911,1,0.0046,1.041,49.521,GRAPHITE,2025-07-14,0,-7.538
4.8559,29,1.7512,0.718,62.0688,10.6219,2.1804,0.0324,1,0.0196,1.1841,20.2791,GRASIM,2017-06-22,0,16.7734
3.5188,25,1.549,0.8896,55.6287,11.1024,2.1887,-0.004,1,0.0166,1.0944,2.8551,GRASIM,2018-01-04,0,-3.4954
8.8124,3,2.0193,0.9412,61.6395,10.4306,2.7322,0.0485,1,0.0414,0.8663,-2.1381,GRASIM,2018-08-17,0,-5.063
6.1341,16,2.1935,0.7929,56.9946,18.1311,2.6105,-0.0286,1,0.0144,0.9158,-11.5973,GRASIM,2019-09-20,0,-8.084
13.4201,0,1.7391,0.9273,63.3101,8.1483,4.0413,0.111,1,0.0344,0.9347,-25.0711,GRASIM,2020-05-27,0,1.6039
10.3963,0,4.497,0.8017,67.5072,13.5516,3.3798,0.0893,1,0.0592,0.9483,30.1405,GRASIM,2020-08-18,0,21.0872
10.2668,0,2.1147,0.8675,69.1429,10.281,2.3593,0.078,1,0.0374,1.113,6.5446,GRASIM,2022-04-08,0,-6.6681
4.3595,127,1.9357,0.7792,62.9536,9.8437,2.4286,0.0605,1,0.0168,1.0584,18.1303,GRASIM,2024-03-28,0,-0.0402
5.2984,142,2.5328,0.9401,65.855,9.841,2.1106,0.0716,1,0.0084,1.0635,14.3064,GRASIM,2024-04-23,0,-3.319
3.8731,32,1.8734,0.7807,62.8958,9.2658,2.064,0.036,0,-0.0056,1.0648,13.8357,GRASIM,2025-08-18,0,-3.0113
4.7234,79,1.7978,0.8831,65.5955,11.1461,1.6956,0.0391,1,0.036,0.9986,9.8501,GRASIM,2025-10-27,0,-4.6237
7.877,37,2.8659,0.4653,67.2645,8.3151,4.3327,0.0953,1,0.0419,1.7557,48.5442,GRAVITA,2017-08-01,0,-1.7091
6.5437,12,3.2691,0.5333,58.903,10.8185,4.0941,0.0821,1,0.0149,1.7603,91.7733,GRAVITA,2017-11-17,0,-11.6771
11.2465,0,2.0738,0.6944,69.0342,11.9618,4.0872,0.0579,0,-0.0226,1.3391,10.0126,GRAVITA,2018-03-15,0,-1.1299
11.2623,0,3.7546,0.7273,62.0304,9.3838,5.0611,0.0795,1,0.0482,0.6105,-21.728,GRAVITA,2019-11-11,1,35.3066
12.8537,0,3.4448,0.7041,64.0031,8.8902,5.1548,0.1064,1,0.0319,0.7527,20.4956,GRAVITA,2019-12-23,1,25.3506
5.8953,21,5.1307,0.8091,63.3618,14.8754,3.5643,0.0739,1,0.0492,1.1474,41.4135,GRAVITA,2022-12-05,0,21.1718
12.0098,0,6.4426,0.8647,69.62,9.3063,4.0074,0.2015,0,-0.0085,1.6738,51.8045,GRAVITA,2023-01-24,0,-11.318
10.5285,0,2.6295,0.7942,67.1464,9.4989,3.6536,0.1034,1,0.0401,1.3235,46.826,GRAVITA,2023-07-25,0,10.1893
9.6268,7,3.7117,0.853,64.9102,13.2689,3.9802,0.0943,1,0.0124,0.77,-3.9391,GRAVITA,2024-05-22,0,-7.7183
10.8469,0,2.9722,0.8622,64.8965,10.2573,3.7753,0.082,0,-0.0072,1.6525,35.2612,GRAVITA,2024-12-18,0,-12.9239
6.1805,51,8.054,0.7082,59.0961,11.4557,2.9459,0.0176,1,0.0304,0.8334,-3.3487,GRAVITA,2025-10-24,0,2.4199
11.1865,0,4.5609,0.8955,69.6653,13.6602,3.4473,0.1006,1,0.0236,0.9169,4.5728,GRAVITA,2025-11-03,0,-4.2981
8.2585,4,3.4948,0.8384,66.1872,14.3177,3.0753,0.1066,1,0.0191,0.9028,5.8902,GRAVITA,2025-11-24,0,-5.6765
12.3119,0,2.7765,0.9089,65.5179,10.4672,4.0531,0.0976,0,-0.0228,1.0,12.3448,GROWW,2026-04-08,0,7.4071
3.2749,16,2.6943,0.392,56.7652,10.6604,3.7566,0.0287,1,0.012,1.0,0.0,GRSE,2019-01-07,0,-9.9633
5.8067,18,9.1965,0.2293,64.8288,16.6491,3.4603,0.1132,1,0.0394,1.0,12.763,GRSE,2019-04-30,1,25.1923
9.028,2,2.2537,0.6458,59.7375,9.3433,4.6363,0.0964,1,0.0629,1.3496,61.699,GRSE,2020-08-10,0,-11.2276
10.0404,0,4.7489,0.7711,62.5472,17.6585,3.6234,0.0469,1,0.0822,0.6542,6.0099,GRSE,2021-02-08,0,-7.3052
5.401,13,3.5909,0.7381,56.8639,9.7375,2.8007,-0.0179,0,-0.0024,0.8148,-4.6069,GRSE,2021-05-12,0,7.6262
3.995,29,3.2189,0.7053,58.6863,9.672,2.8723,0.0273,1,0.054,0.8835,7.6301,GRSE,2021-10-05,0,14.0085
7.5844,31,5.3059,0.8688,69.7659,15.2077,3.2966,0.1015,1,0.0474,0.9605,18.5788,GRSE,2021-10-07,0,5.4976
7.3787,8,5.8374,0.4783,63.5262,10.446,4.4663,0.0748,1,0.0548,1.3038,5.0309,GRSE,2022-04-04,0,5.5067
8.1898,2,4.7699,0.6035,69.7946,9.1452,4.0176,0.1689,1,0.0432,1.182,45.6285,GRSE,2023-07-11,1,30.8935
7.6498,26,7.6028,0.8736,68.0839,23.502,3.4807,0.1278,1,0.0092,1.282,46.9438,GRSE,2023-08-14,0,17.4744
5.1789,10,3.7291,0.8062,62.4819,12.8437,3.6275,0.092,1,0.0692,1.3221,49.8919,GRSE,2023-12-26,0,-6.9352
8.4625,21,3.4174,0.8898,68.4053,11.4573,3.4432,0.1026,1,0.053,1.3994,14.1795,GRSE,2024-01-10,0,-9.9057
19.0888,0,4.1184,1.0,69.6248,18.4148,5.3693,0.1549,0,-0.0032,1.0652,4.7818,GRSE,2025-03-19,0,-16.9532
11.1763,0,2.8754,0.9552,69.5086,8.3797,2.9549,0.1168,1,0.0231,1.1321,-2.1697,GRSE,2025-11-14,0,-11.0952
14.2478,0,3.6472,0.8376,69.8787,8.1131,3.9226,0.1132,0,-0.0215,1.0645,6.327,GRSE,2026-01-30,0,-9.5747
6.2494,9,5.7793,0.7705,67.3842,12.7332,2.9538,0.1346,1,0.0206,1.0287,13.6392,GVT&D,2017-05-09,0,-10.0162
6.3316,6,1.6911,0.6464,67.2041,9.3877,4.4044,0.1393,1,0.0094,1.2323,21.0872,GVT&D,2017-08-31,0,-7.0766
10.4491,0,2.8382,0.5393,67.0959,9.1208,3.665,0.1018,1,0.0166,1.253,19.3435,GVT&D,2018-01-04,0,-10.3676
9.6782,3,4.747,0.5823,59.4586,9.5354,5.142,0.1035,1,0.0009,1.065,-5.4988,GVT&D,2020-02-06,0,-17.3436
8.3098,46,7.4067,0.615,63.1754,17.1346,3.8729,0.0482,1,0.04,1.0116,29.3387,GVT&D,2021-08-26,0,-14.2021
10.3426,0,1.9872,0.8111,57.277,10.5007,4.4143,-0.0314,1,0.0326,0.7621,-15.803,GVT&D,2022-04-01,0,8.4954
9.5151,8,3.376,0.2532,58.5924,9.4677,4.4847,0.0429,1,0.0122,1.2744,10.8384,GVT&D,2025-12-22,0,-8.8463
10.5201,0,7.3507,0.8794,61.6542,32.2306,2.6623,-0.0185,1,0.0465,1.0,0.0,HAL,2018-07-30,0,-3.2275
6.2436,17,8.3874,0.7115,60.6611,8.9117,2.4974,0.0313,1,0.009,0.9478,-10.8741,HAL,2019-01-04,0,-6.8093
8.669,6,2.5789,0.8805,69.556,9.3725,2.9598,0.0395,1,0.0326,0.789,-7.409,HAL,2019-05-27,0,-8.5473
9.8558,7,3.0613,0.4933,59.9377,9.4293,4.2622,0.0582,1,0.0561,0.9336,-26.532,HAL,2020-05-28,1,118.7809
13.4317,0,2.3929,0.3906,69.8009,8.6956,4.2339,0.2636,1,0.0629,1.4473,96.382,HAL,2020-08-10,0,-0.0896
9.591,26,3.4805,0.8109,65.9242,10.9665,4.0239,0.0862,0,-0.0172,1.1078,12.3844,HAL,2022-03-16,0,2.5259
8.8587,5,2.4886,0.8679,67.0049,12.2207,3.1981,0.0798,1,0.02,1.1582,12.269,HAL,2022-03-31,0,2.1136
7.869,3,3.6497,0.645,60.9317,10.2103,3.7704,0.1071,0,-0.0771,1.7043,38.2393,HAL,2022-06-17,1,36.4763
7.378,23,4.4181,0.8482,66.5589,11.0313,2.9687,0.0928,1,0.0437,1.4227,53.0815,HAL,2022-11-16,0,-1.1408
9.2135,30,3.1942,0.8018,67.1875,14.7411,3.7471,0.0597,0,-0.0006,1.1597,10.9793,HAL,2023-02-16,0,-1.2204
5.8535,36,3.1273,0.8783,65.4897,8.4585,2.177,0.0582,1,0.0048,1.4197,43.7138,HAL,2023-08-23,0,-5.4549
10.2269,0,2.8755,0.9371,64.8056,9.4058,2.3792,0.0395,0,-0.0079,1.3078,10.6052,HAL,2023-11-07,1,46.274
4.7457,12,2.9426,0.8022,65.7752,11.4445,3.1957,0.0946,1,0.0161,1.49,60.0145,HAL,2024-02-08,0,0.2482
11.1101,0,1.7164,0.8371,62.3684,14.424,3.5468,0.0325,0,-0.0032,0.9406,-15.0221,HAL,2025-03-19,1,32.4888
5.8879,26,2.1434,0.9739,68.1918,9.9846,1.8431,0.033,1,0.0084,1.2329,6.516,HAL,2025-09-12,0,-3.134
4.8707,14,1.5377,0.8521,58.954,8.7196,1.7079,0.0003,1,0.0112,0.8822,1.5367,HAL,2026-01-05,0,-5.4912
5.7833,30,2.1893,0.9473,61.0795,15.7958,2.612,0.0428,0,-0.0215,1.009,-5.4435,HAL,2026-01-28,0,-9.0178
8.2577,76,2.4645,0.9593,67.9383,10.6409,2.8123,0.0886,1,0.0073,1.0423,10.2032,HAVELLS,2017-10-10,0,-4.6187
4.5446,23,3.8075,0.854,68.062,15.3469,2.5324,0.0862,1,0.0623,1.1486,15.7076,HAVELLS,2018-01-23,0,-9.0742
6.4966,26,2.2603,0.9172,64.646,10.2522,2.3077,0.0348,0,-0.0127,1.0062,5.5012,HAVELLS,2018-04-06,0,-2.1497
5.1884,21,1.5679,0.9109,60.3263,8.3351,3.0212,0.0593,1,0.0198,1.0781,2.5405,HAVELLS,2018-05-28,0,24.275
3.9131,41,5.0631,0.8185,62.2408,15.247,2.4248,0.0405,1,0.0154,1.2782,5.6863,HAVELLS,2019-01-22,0,-4.4223
8.3015,21,2.9296,0.9013,66.6151,24.6389,3.3022,0.0805,1,0.0144,0.9859,-0.925,HAVELLS,2019-09-20,0,-10.212
5.4339,28,2.7917,0.9439,61.0655,8.1541,3.1629,0.0263,1,0.0251,1.1024,18.0721,HAVELLS,2021-05-18,0,-7.246
7.4792,71,2.9494,0.7315,67.9475,9.0935,2.0392,0.058,1,0.0248,0.9796,-7.6981,HAVELLS,2021-07-16,1,27.4135
10.5126,0,2.6753,0.9226,69.2931,12.0646,2.9198,0.0829,1,0.049,0.8943,-9.4138,HAVELLS,2022-04-05,0,-1.8365
4.8711,120,4.1775,0.2713,58.8943,8.7213,2.4811,0.0249,1,0.0519,1.0178,11.1094,HAVELLS,2023-07-18,0,2.7327
7.1762,27,2.5027,0.62,57.1685,10.4336,4.0386,0.01,1,0.005,1.0,0.0,HBLENGINE,2016-10-05,0,12.2781
8.0352,14,5.1903,0.835,62.9347,16.6315,4.0887,0.0991,1,0.0508,1.3067,19.1781,HBLENGINE,2017-02-17,0,-0.7466
7.2867,17,4.0173,0.9074,58.1467,11.5294,3.7175,0.0039,1,0.0165,0.9766,0.9174,HBLENGINE,2017-07-06,0,-1.7853
10.2476,0,3.3898,0.8269,63.8023,8.792,3.9803,0.0891,1,0.0065,1.0415,5.3362,HBLENGINE,2017-08-30,0,9.2507
13.767,0,6.9738,0.9538,69.8923,22.3651,4.6045,0.2103,1,0.0354,1.2011,57.2407,HBLENGINE,2017-10-30,0,-1.3453
10.5515,0,3.2882,0.6508,57.0803,9.1842,4.482,-0.0079,1,0.0443,0.5322,-26.4583,HBLENGINE,2018-07-27,0,-6.7042
9.8877,28,4.1681,0.8596,64.7344,11.8209,4.4879,0.0529,1,0.0326,0.8228,-6.6901,HBLENGINE,2019-05-27,0,-11.9314
6.4564,29,1.8234,0.5556,57.0954,8.9509,4.4105,0.0309,1,0.0482,0.9302,9.1665,HBLENGINE,2020-10-14,1,132.2188
9.7869,7,3.514,0.7542,63.5695,12.5627,5.6326,0.1903,1,0.0311,1.1738,40.8633,HBLENGINE,2021-06-30,0,-5.568
7.0178,10,4.8281,0.8729,64.1624,13.754,4.1446,0.0879,1,0.054,1.3094,18.1618,HBLENGINE,2021-10-05,0,-9.2446
11.4408,0,6.563,0.6975,66.5899,12.4039,4.4855,0.1308,1,0.0657,1.3723,24.4141,HBLENGINE,2021-10-14,0,-12.7858
9.2938,4,2.7946,0.6667,62.8816,9.3787,4.0786,0.1306,1,0.0452,1.1035,40.666,HBLENGINE,2022-01-17,0,-5.7729
9.8624,12,7.1837,0.8293,67.5524,14.216,4.7127,0.1167,1,0.0153,1.4094,15.4213,HBLENGINE,2022-04-21,0,10.3681
12.2447,0,5.3191,0.9324,69.0196,10.8512,3.0767,0.0938,1,0.0068,0.9433,1.9645,HBLENGINE,2023-04-21,0,-8.044
10.8006,0,2.5001,0.0775,62.0189,8.4379,5.1381,0.1169,0,-0.0076,2.7985,103.0464,HBLENGINE,2023-11-06,1,29.8662
10.8888,0,3.7086,0.9404,63.0028,8.2015,4.3872,0.0576,0,-0.018,1.1393,-0.6031,HBLENGINE,2024-11-27,0,0.4206
6.6209,7,1.7156,0.726,66.6654,9.7999,1.9124,0.0,0,0.0,1.0,0.0,HCLTECH,2016-08-01,0,-1.2534
6.3263,44,3.3302,0.8722,69.0026,10.9669,2.122,0.0845,1,0.0311,1.0034,10.7266,HCLTECH,2018-01-16,0,-1.6842
5.6965,32,2.3041,0.9354,66.0708,11.3323,2.7771,0.0569,1,0.0044,1.077,18.6257,HCLTECH,2018-04-12,0,-3.1779
5.0523,51,3.6891,0.8992,65.9825,18.5143,2.566,0.0349,0,-0.0481,1.0333,4.5193,HCLTECH,2019-08-08,0,-4.0615
5.7794,30,1.9996,0.8006,60.787,10.9279,2.1912,0.0263,0,-0.0516,1.1686,14.2102,HCLTECH,2021-12-21,0,2.4947
8.1999,50,2.9269,0.6481,64.0435,8.0017,2.375,0.044,0,-0.0275,0.9197,-4.7813,HCLTECH,2022-10-13,0,8.0357
2.5774,7,2.0127,0.8853,56.8393,14.9064,1.6511,-0.0023,0,-0.0113,0.9933,14.8233,HCLTECH,2023-01-09,0,2.718
3.424,92,1.7765,0.9451,65.6133,8.673,1.7022,0.0685,1,0.031,1.1309,3.7464,HCLTECH,2023-06-20,0,-2.3426
4.9272,129,2.7975,0.5253,61.188,10.908,1.8274,0.0298,1,0.0098,0.9655,10.7348,HCLTECH,2023-08-11,0,5.5055
4.1262,34,2.0603,0.8273,66.9622,8.9053,1.6287,0.0455,1,0.0092,1.1429,13.0735,HCLTECH,2023-11-16,1,28.7456
6.4015,49,1.9651,0.8571,68.9819,9.0729,1.6086,0.0699,1,0.0646,1.0987,23.2505,HCLTECH,2023-12-08,0,21.3582
4.2689,84,1.9015,0.892,63.2442,9.5802,2.3952,0.0552,0,-0.0259,1.3889,11.1544,HCLTECH,2025-01-10,0,-7.7505
4.2079,17,2.1593,0.9411,68.0601,8.0226,1.8294,0.0962,1,0.0377,0.9021,2.8652,HCLTECH,2025-06-11,0,-5.3461
6.7292,11,2.114,0.7536,60.4693,11.9059,2.0966,-0.015,0,-0.0087,0.8663,-26.182,HCLTECH,2026-06-02,0,-5.1888
3.788,70,2.3116,0.684,60.7187,8.0894,1.9422,0.0131,1,0.0155,1.0,-9.9391,HDBFS,2025-11-25,0,-4.0086
3.8915,88,8.5637,0.5282,60.3502,11.3499,2.2463,0.0419,1,0.005,1.0,3.1388,HDBFS,2025-12-19,0,-6.2889
5.2662,24,3.5134,0.6079,65.2018,10.4954,1.7577,0.0506,0,-0.0029,1.0,0.0,HDFCAMC,2018-11-26,0,-1.1455
4.9193,8,1.7155,0.8848,61.3573,11.2658,1.8537,-0.0094,1,0.004,0.8146,4.5776,HDFCAMC,2019-03-01,0,11.273
10.8402,0,2.9561,0.9334,66.9022,9.2294,3.4327,0.1616,0,-0.0244,1.7809,53.6963,HDFCAMC,2019-08-27,1,50.5399
5.7277,27,2.6228,0.9002,60.7622,9.7889,2.4728,0.0391,1,0.0009,1.3941,16.49,HDFCAMC,2020-02-06,0,-6.3531
4.657,37,2.118,0.7639,60.0069,11.7421,1.7849,0.0159,1,0.0554,0.7882,-3.7509,HDFCAMC,2020-08-24,0,-6.18
6.8659,13,5.3492,0.8913,67.2118,21.4155,2.5453,0.0561,1,0.0495,0.9759,38.1134,HDFCAMC,2021-03-03,0,-7.1386
5.8807,34,3.5629,0.8957,67.6896,14.8986,1.8346,0.0422,1,0.0457,1.0244,-8.5077,HDFCAMC,2021-05-28,0,0.1532
7.6167,31,2.0553,0.8833,59.58,11.3711,3.1014,0.0408,1,0.0326,0.7804,-10.722,HDFCAMC,2022-04-01,0,-7.2335
6.6407,9,2.4839,0.8973,65.2049,9.7736,2.4964,0.0235,1,0.0037,0.9848,8.9384,HDFCAMC,2022-10-20,0,5.5248
5.1238,67,3.8169,0.9552,60.1638,16.6512,2.1106,0.0507,1,0.0428,0.8609,-13.4223,HDFCAMC,2023-05-26,1,39.0163
5.8392,15,2.8633,0.6467,67.3961,9.6362,2.1555,0.0694,1,0.0073,1.5089,29.0175,HDFCAMC,2023-11-17,1,31.3625
4.7919,45,2.963,0.6975,64.5633,8.5088,2.4564,0.0392,1,0.0156,1.1743,27.7123,HDFCAMC,2024-04-30,0,-6.7448
9.1983,67,3.4624,0.4825,63.4764,8.6464,2.9809,0.087,1,0.038,1.2248,19.0396,HDFCAMC,2024-06-03,0,-9.3999
5.7529,16,2.5025,0.9129,64.7204,9.2289,2.2057,0.085,1,0.0085,1.2862,44.9814,HDFCAMC,2025-07-15,0,4.4152
6.0419,91,3.6655,0.9501,57.4786,23.3428,2.3119,0.0056,0,-0.0001,1.0723,-3.8609,HDFCAMC,2025-12-18,0,-7.0515
7.3924,122,2.175,0.1133,60.159,8.5118,3.1603,0.0279,0,-0.0046,0.916,-9.1935,HDFCAMC,2026-02-03,0,0.3019
2.8109,27,1.9692,0.9303,64.2405,12.5074,1.3496,0.0,0,0.0,1.0,0.0,HDFCBANK,2016-08-30,0,-0.6525
3.1014,156,2.6942,0.5523,60.7208,8.7666,1.4082,0.0236,1,0.0082,1.0483,4.7469,HDFCBANK,2017-12-15,0,2.9291
1.6905,176,2.0989,0.8507,62.3237,9.6338,1.0477,0.027,1,0.0355,1.0382,7.8328,HDFCBANK,2018-01-15,0,0.3092
3.0267,179,2.7925,0.452,68.736,9.8786,1.2105,0.044,1,0.0407,1.0347,6.0849,HDFCBANK,2018-01-18,0,-1.334
3.1464,460,1.7578,0.8947,64.7117,8.6846,1.4297,0.0286,1,0.041,1.0817,13.5015,HDFCBANK,2019-03-12,0,12.3195
6.2924,28,2.754,0.9014,67.9433,25.3587,2.2586,0.0596,1,0.0144,1.0942,5.3553,HDFCBANK,2019-09-20,0,2.3183
8.6539,42,1.8826,0.7787,65.7044,9.0338,3.0292,0.0954,1,0.0608,1.1504,49.0141,HDFCBANK,2021-02-02,0,-4.874
3.2962,87,1.6382,0.8795,64.6779,10.0884,1.5419,0.0472,1,0.03,0.9585,-0.4301,HDFCBANK,2021-07-06,0,-3.941
9.6761,4,1.6295,0.8569,69.6447,10.4455,2.894,0.0812,0,-0.0281,1.0,40.5584,HDFCLIFE,2018-04-02,0,2.1875
5.159,30,4.1099,0.8386,59.6857,9.948,2.5414,0.0238,1,0.0236,0.9917,10.7817,HDFCLIFE,2018-07-20,0,-9.0493
3.8703,32,2.1851,0.8147,68.883,10.6428,1.7194,0.0385,1,0.0127,0.862,-11.8648,HDFCLIFE,2019-01-10,0,-5.3806
7.7792,17,2.0308,0.8571,58.9474,8.7931,2.6432,0.0048,1,0.0154,0.8622,4.5423,HDFCLIFE,2019-03-05,0,1.4244
11.3593,0,8.4742,0.593,67.6324,8.8815,4.6746,0.1371,0,-0.0244,1.5355,36.968,HDFCLIFE,2019-08-27,0,3.1873
2.3177,147,3.0584,0.7658,60.5917,12.1374,1.5822,0.0084,1,0.0409,0.8739,-0.7014,HDFCLIFE,2021-08-25,0,1.3239
4.067,37,2.1329,0.9186,61.1428,10.8304,1.6683,0.0049,1,0.0173,0.8738,4.8145,HDFCLIFE,2021-11-12,0,-5.5073
6.2219,30,1.69,0.9145,64.0917,12.2619,2.344,0.0304,1,0.0893,0.9368,0.4472,HDFCLIFE,2022-08-16,0,-2.792
5.4332,30,3.4359,0.9574,69.9665,11.4836,1.9038,0.065,1,0.0441,0.8747,6.126,HDFCLIFE,2022-11-24,0,-2.24
3.6918,13,3.5921,0.8557,65.1104,15.345,2.0064,0.0605,0,-0.003,0.9007,5.1089,HDFCLIFE,2023-01-03,0,-4.01
9.4485,2,5.4441,0.6603,66.4167,14.3376,2.5262,0.0941,1,0.0137,1.0167,-5.5297,HDFCLIFE,2023-04-24,0,21.2444
5.6531,40,3.3015,0.8581,68.8719,14.5413,2.3409,0.1008,1,0.0342,1.0445,24.1241,HDFCLIFE,2023-06-16,0,3.3847
5.4226,86,1.9487,0.7071,65.378,8.8677,1.8345,0.0281,1,0.0073,1.07,-0.9573,HDFCLIFE,2023-11-17,0,-0.9352
4.539,16,1.5874,0.69,59.7501,9.7985,2.2635,0.0074,1,0.0286,0.8273,-4.6332,HDFCLIFE,2024-03-04,0,-1.7563
6.4818,18,3.8123,0.8533,63.1116,9.0594,2.8403,0.0217,1,0.037,0.7816,3.2174,HDFCLIFE,2024-06-13,0,19.4476
5.1227,22,6.2864,0.3593,57.7408,28.5224,2.4973,-0.0078,0,-0.0276,1.0516,-13.1365,HDFCLIFE,2025-01-16,0,11.8828
8.1095,20,4.8472,0.8152,65.0543,12.5527,3.1099,0.0383,0,-0.0033,1.0443,2.2063,HEG,2017-01-04,1,38.2686
5.8491,15,5.1233,0.6758,62.6756,9.9344,3.6823,0.1075,1,0.0582,1.1557,11.5217,HEG,2017-02-22,1,38.2895
12.6749,0,4.0942,0.8161,66.3343,9.9704,4.2573,0.1017,1,0.0315,1.6146,52.8073,HEG,2018-05-09,0,-5.0579
10.3885,0,2.414,0.8757,68.6775,8.0294,3.8395,0.1045,1,0.0447,0.7187,1.0867,HEG,2019-11-27,0,-11.9343
12.2439,0,3.2636,0.764,67.4532,8.6815,3.9488,0.1288,0,-0.0023,1.1794,19.4542,HEG,2020-02-07,0,-15.671
9.8582,2,2.1921,1.0,65.3684,10.4525,4.3436,0.2376,1,0.031,2.9059,149.0585,HEG,2021-05-24,0,-14.2225
10.6031,0,3.6878,0.5639,61.06,10.3256,2.8077,0.056,0,-0.0217,0.9744,-8.1867,HEG,2023-01-16,0,-7.4493
11.3213,0,7.145,0.907,68.9893,12.4805,3.6457,0.1937,1,0.036,1.2355,19.277,HEG,2023-06-02,1,38.7137
6.8941,16,7.1539,0.3762,67.4546,8.2255,2.7648,0.0955,1,0.0155,1.707,65.2084,HEG,2023-09-08,0,-8.3298
4.9083,38,4.3658,0.4906,62.6211,8.0309,2.7892,0.0472,1,0.0096,1.6658,42.8673,HEG,2023-10-12,0,-8.9641
7.3856,16,5.4122,0.4523,58.7914,9.2494,3.4273,0.0419,1,0.0245,0.9482,7.1735,HEG,2024-02-05,0,-4.6891
8.8505,17,5.7054,0.7876,69.0043,10.2128,3.5385,0.0962,1,0.0299,1.0187,14.398,HEG,2024-02-06,0,-10.0855
3.8027,12,1.9023,0.7875,56.1501,10.708,2.2463,0.002,1,0.0269,1.0988,-13.3271,HEG,2024-09-13,0,4.4454
13.6647,0,9.7498,0.6192,68.9389,8.5726,4.3449,0.1744,1,0.0603,1.2159,0.0852,HEG,2025-05-19,0,-1.6864
6.1634,25,4.4469,0.8913,65.1284,11.664,2.9407,0.0692,1,0.0046,1.098,48.2841,HEG,2025-07-14,0,-5.4853
3.8945,9,3.8172,0.5365,63.5885,10.0972,3.008,0.0521,1,0.0133,1.0517,3.468,HEG,2025-10-09,0,1.3024
5.3073,29,2.9017,0.8161,64.3705,8.9731,2.2154,0.0507,1,0.0505,0.9918,-7.8332,HEROMOTOCO,2017-01-25,0,-5.7602
7.0339,33,1.5719,0.8697,64.2779,8.4855,2.3373,0.0557,1,0.058,1.0294,-4.985,HEROMOTOCO,2017-02-01,0,-6.3086
7.0553,99,2.9711,0.8827,66.3474,12.093,2.1998,0.0584,1,0.03,0.946,17.2275,HEROMOTOCO,2017-05-11,0,5.0786
7.1663,135,2.825,0.9435,60.642,16.1505,2.1418,0.0114,1,0.0192,0.9066,-4.7055,HEROMOTOCO,2017-12-19,0,-3.7959
9.2238,19,1.8224,0.8509,63.3215,11.0441,2.9671,0.0517,0,-0.0029,0.8765,-13.0238,HEROMOTOCO,2018-11-26,0,-0.4304
8.3623,31,4.0715,0.9332,69.414,13.4971,2.6422,0.1231,1,0.0187,0.9091,1.7073,HEROMOTOCO,2018-12-12,0,-5.4135
10.2085,0,3.3753,0.6823,63.5666,20.1273,3.8433,0.1233,1,0.0144,1.0601,15.6363,HEROMOTOCO,2019-09-20,0,-12.511
8.5957,46,3.1863,0.5154,67.8707,8.6366,2.9587,0.0805,1,0.0528,0.9284,11.1206,HEROMOTOCO,2021-01-22,0,-2.1956
6.1271,102,1.5635,0.8475,63.2536,9.2666,1.5686,0.0202,1,0.063,0.7373,3.5541,HEROMOTOCO,2021-09-14,0,-2.7168
7.2968,18,2.0397,0.9377,64.8572,11.0805,1.5748,0.0158,1,0.03,0.7853,-5.9722,HEROMOTOCO,2022-01-10,0,-0.4397
3.9629,20,3.7263,0.8714,65.002,8.6555,2.3045,0.0733,1,0.0948,1.0687,25.7113,HEROMOTOCO,2022-08-17,0,-6.4446
4.9964,27,2.2654,0.7771,63.7893,8.1308,1.9522,0.0513,1,0.0473,0.913,0.6669,HEROMOTOCO,2022-11-28,0,-3.0047
6.9707,13,2.6832,0.9187,68.9228,9.612,2.3018,0.1041,1,0.0491,1.0715,19.4928,HEROMOTOCO,2023-07-04,0,0.6088
5.3514,17,2.4389,0.829,61.1747,10.951,2.1532,-0.003,0,-0.013,0.865,-29.9069,HEROMOTOCO,2025-01-31,0,-6.9374
3.9376,29,2.9085,0.9463,62.1651,14.7122,2.0963,0.0443,1,0.0085,1.0346,22.6744,HEROMOTOCO,2025-07-15,1,25.3517
5.5326,43,2.5459,0.9412,66.6692,13.0957,2.1201,0.0633,0,-0.0129,1.0343,26.973,HEROMOTOCO,2025-08-04,0,23.0048
8.4434,46,3.0706,0.9438,68.956,8.0917,2.3116,0.0884,0,-0.0175,1.1047,25.4271,HEROMOTOCO,2025-08-07,0,15.2757
6.7958,43,2.9249,0.9519,67.2352,12.1933,2.3103,0.061,1,0.0262,1.2864,36.6654,HEROMOTOCO,2025-11-17,0,3.396
5.475,38,1.8556,0.6981,58.132,11.4057,2.705,0.0246,0,-0.0099,1.1297,4.8361,HEROMOTOCO,2026-02-25,0,-7.9019
9.7807,19,5.813,0.8519,69.772,19.0025,3.0895,0.0674,1,0.0419,0.9044,13.3333,HFCL,2017-04-05,0,-3.6458
9.3319,3,4.6675,0.8113,61.7214,12.4386,4.5969,0.0991,0,-0.0029,2.2288,61.6,HFCL,2017-12-07,0,-13.3607
11.3297,0,3.1095,0.8649,65.2917,11.4774,4.1156,0.0642,1,0.0349,0.6265,-17.9078,HFCL,2018-12-18,0,1.8033
5.8464,14,2.3783,0.6667,61.221,10.3419,2.7412,0.0348,1,0.0154,0.9848,15.736,HFCL,2019-03-05,0,-5.8478
7.2723,8,4.007,0.2,63.2918,13.8523,3.0137,0.0304,0,-0.011,0.9415,-0.6944,HFCL,2019-07-11,0,-8.9583
11.7014,0,4.6845,0.8295,58.9942,21.2172,5.2666,0.0116,0,-0.0326,1.3682,24.605,HFCL,2021-04-23,1,188.6894
14.8386,0,5.4632,0.7944,68.1899,10.9536,5.8744,0.165,0,-0.0175,1.5356,27.5439,HFCL,2021-12-08,0,-16.7407
8.7152,4,3.6875,0.8376,59.8786,9.8979,3.3218,0.0295,1,0.02,1.0978,11.7898,HFCL,2022-03-31,0,-5.9747
11.278,0,3.1667,0.8679,68.8032,10.3589,4.6596,0.1958,1,0.0768,0.9045,1.4295,HFCL,2022-08-08,0,-7.5729
8.9546,3,3.6089,0.8761,64.7304,12.2808,3.8305,0.0931,1,0.029,1.0608,56.4114,HFCL,2022-10-31,0,-7.2339
6.9881,15,3.228,0.8387,66.7815,8.4495,2.6984,0.0598,1,0.0418,0.8053,-15.1477,HFCL,2023-05-04,0,-4.2613
5.5614,13,5.1407,0.7404,61.3499,17.0439,2.7059,0.0155,1,0.0625,0.9362,8.5249,HFCL,2023-12-07,1,28.4229
7.568,19,8.3796,0.7381,68.1955,18.2877,3.3063,0.0808,1,0.0812,0.9305,13.178,HFCL,2023-12-15,0,21.3837
6.9736,11,2.313,0.8983,66.7036,8.3794,3.1568,0.1217,1,0.043,1.2066,31.6208,HINDALCO,2017-03-03,0,-8.0121
7.3659,15,2.2748,0.7206,63.8456,13.855,2.8403,0.0705,1,0.0593,0.8349,-6.11,HINDALCO,2019-04-01,0,-7.7572
7.3679,5,2.7539,0.8813,68.3195,12.3642,3.5501,0.1437,1,0.0566,1.0001,98.0282,HINDALCO,2020-08-05,0,-0.2893
7.7433,7,1.7482,0.7995,65.1145,10.6319,3.6136,0.1614,1,0.0904,1.2601,32.0945,HINDALCO,2021-01-04,0,-3.7117
7.4021,4,2.3052,0.9176,59.9454,11.1246,2.7374,0.047,0,-0.0093,1.1403,16.8858,HINDALCO,2021-12-31,0,-0.0988
7.8769,8,1.7325,0.9275,61.9949,8.3754,2.7216,0.0515,1,0.0331,0.887,34.812,HINDALCO,2022-11-04,0,1.7072
3.8815,30,2.3245,0.5376,61.3323,8.0807,1.9654,0.0363,1,0.0389,0.862,9.018,HINDALCO,2023-07-13,0,10.8438
8.5811,39,2.1107,0.5803,68.8683,9.076,2.2323,0.058,1,0.005,1.1463,20.688,HINDALCO,2023-11-15,0,12.3492
7.4546,9,2.6656,0.9307,66.3944,9.0406,2.2159,0.0775,1,0.0432,1.1515,10.4429,HINDALCO,2024-09-24,0,-3.1697
3.7593,69,2.8085,0.8691,62.516,18.8293,2.2064,0.0452,0,-0.0161,1.1244,8.1188,HINDALCO,2025-08-13,0,12.4108
6.3141,13,1.8037,0.8811,67.6299,8.924,1.9154,0.0626,1,0.0117,1.2692,27.645,HINDALCO,2025-12-12,0,6.3091
9.429,4,3.8235,0.6776,69.6748,9.1076,4.0607,0.1499,1,0.0163,1.4538,64.3429,HINDCOPPER,2017-12-28,0,-13.7837
6.8034,8,3.1717,0.5816,59.9755,9.2045,4.1599,0.0598,1,0.014,0.7516,-19.8396,HINDCOPPER,2018-05-29,0,-10.3081
9.5775,3,3.918,0.6087,59.4283,13.537,3.0403,0.0355,1,0.0336,0.7171,-21.0592,HINDCOPPER,2018-12-17,0,-7.2244
9.8361,10,3.5438,0.7971,67.6902,10.032,3.6143,0.0536,1,0.0154,0.88,3.1992,HINDCOPPER,2019-03-05,0,-10.2413
10.8005,0,2.8767,0.6615,55.8633,9.4127,5.7672,-0.0174,0,-0.0389,0.755,-29.9497,HINDCOPPER,2019-09-05,0,-2.209
12.1482,0,2.8033,0.6304,64.6088,9.3849,4.8649,0.1491,1,0.0938,0.8342,-40.9574,HINDCOPPER,2020-06-01,1,37.5
9.1454,3,9.5055,0.7778,62.9585,19.9187,3.3902,0.0201,1,0.0373,1.0913,25.2577,HINDCOPPER,2020-10-20,1,80.5479
6.4697,12,2.7619,0.808,60.0507,8.5495,2.935,0.0165,1,0.0372,1.081,30.601,HINDCOPPER,2022-11-07,0,-9.5705
5.0436,38,2.6303,0.8286,62.5615,8.0682,2.0477,0.0389,1,0.0361,0.9417,-6.1206,HINDCOPPER,2023-05-02,0,21.02
5.2744,11,2.8082,0.8561,69.4993,11.1033,2.7313,0.1102,1,0.0512,0.9753,17.7606,HINDCOPPER,2023-07-06,0,21.9984
5.7971,24,2.5691,0.9098,64.1314,12.0288,3.1456,0.0925,1,0.0401,0.8765,26.3185,HINDCOPPER,2023-07-25,0,19.713
7.2254,12,4.1171,0.7806,62.2377,8.5934,3.5307,0.1591,1,0.0179,1.5592,27.4876,HINDCOPPER,2025-11-11,0,-12.8036
11.1428,0,5.0898,0.9135,66.5338,11.375,3.1872,0.0906,1,0.0164,1.3776,34.2963,HINDCOPPER,2025-12-04,1,62.6206
8.1856,7,3.0989,0.7957,65.5458,8.2965,3.2229,0.1199,0,-0.0193,1.9224,11.7942,HINDCOPPER,2026-05-13,0,-8.7446
9.1214,64,4.7123,0.9315,63.7569,23.892,3.0989,0.0704,1,0.0359,1.1011,21.3685,HINDPETRO,2017-05-26,0,-10.9198
9.703,34,1.8152,0.9139,65.9681,9.4494,3.3408,0.0645,1,0.0154,1.0522,16.4748,HINDPETRO,2019-03-05,0,3.6252
15.3221,0,5.0093,0.9202,69.3153,12.5778,3.7115,0.1081,1,0.0465,0.8575,-3.4572,HINDPETRO,2020-11-05,0,2.318
8.2551,55,1.9907,0.9324,65.1394,8.2746,2.3089,0.0325,1,0.0721,1.0264,27.9615,HINDPETRO,2021-09-03,0,10.3269
6.9774,6,2.4213,0.9012,66.8815,9.7143,2.7839,0.0912,1,0.0615,1.1187,18.2401,HINDPETRO,2021-09-28,0,4.4408
8.7552,7,2.9059,0.951,66.3336,10.1198,3.8079,0.1635,1,0.0207,1.2187,25.6651,HINDPETRO,2021-11-08,0,-7.7607
8.6368,11,2.8233,0.9341,61.5529,11.494,2.5931,0.0152,1,0.0246,0.9838,23.0137,HINDPETRO,2022-01-05,0,-4.4627
9.9521,25,3.7107,0.8273,69.7619,14.5969,2.3401,0.0428,0,-0.0422,1.0794,16.484,HINDPETRO,2023-03-16,0,-8.4797
6.5174,33,3.5856,0.5228,66.4887,8.0746,2.4918,0.083,1,0.0476,1.1513,22.5151,HINDPETRO,2023-07-03,0,-1.5962
9.4823,51,5.1553,0.9208,69.8644,11.0094,2.8287,0.0898,0,-0.0079,1.0267,4.3633,HINDPETRO,2023-11-07,1,47.6075
10.7541,0,2.7075,0.8992,66.7068,11.5322,3.8258,0.0728,1,0.0168,1.8834,42.971,HINDPETRO,2024-05-02,0,-11.4732
10.8375,0,2.3038,0.8941,66.0469,9.088,3.7688,0.0803,1,0.0366,1.1351,9.5291,HINDPETRO,2024-07-25,0,12.0456
8.4113,1,1.5926,0.872,64.3345,13.0003,2.6526,0.0611,1,0.0117,0.9074,-16.0551,HINDPETRO,2026-05-06,0,-9.8648
3.8985,102,1.9266,0.8435,64.6793,9.1624,2.1825,0.0494,1,0.0214,1.2179,18.3374,HINDUNILVR,2017-11-10,0,0.3861
9.0037,38,2.1587,0.9166,66.5462,9.9914,2.2037,0.0833,0,-0.0029,1.1059,2.0838,HINDUNILVR,2018-11-26,0,0.381
3.5793,158,1.9636,0.7942,59.9263,8.321,2.2814,0.0066,0,-0.0647,1.0129,6.3128,HINDUNILVR,2019-08-07,0,16.9309
4.5618,135,1.5192,0.9525,68.3703,9.1995,1.9583,0.0598,1,0.0977,0.8254,3.423,HINDUNILVR,2020-12-07,0,1.5944
5.1762,55,2.2354,0.9013,63.6635,13.6216,1.9491,0.0236,0,-0.0003,0.866,8.4172,HINDUNILVR,2021-03-19,0,-0.2948
6.9558,3,2.8876,0.9041,61.4338,8.9912,2.7775,0.057,1,0.0083,0.9746,-2.9292,HINDUNILVR,2022-04-28,0,-3.2423
4.0387,37,1.724,0.8953,65.1993,8.2942,1.8985,0.0366,1,0.0182,1.3431,22.5177,HINDUNILVR,2022-09-22,0,-5.8929
4.701,82,2.05,0.949,64.2913,14.0136,1.7023,0.0289,1,0.0496,1.0192,3.8525,HINDUNILVR,2022-11-29,0,-2.2635
3.1262,73,1.8558,0.8502,56.7695,8.1401,1.8675,-0.0003,0,-0.0279,0.9306,1.1773,HINDUNILVR,2023-03-29,0,-4.9558
4.9321,341,3.1099,0.9219,69.6171,19.6921,1.736,0.0337,1,0.0002,0.8298,-6.9638,HINDUNILVR,2024-05-07,0,14.1828
4.919,360,3.3312,0.9181,69.5125,15.1967,1.9412,0.0891,0,-0.0234,0.9037,-2.5986,HINDUNILVR,2024-06-04,0,11.3545
4.3684,25,1.5592,0.6852,59.2641,8.2124,2.271,0.0034,0,-0.0189,0.9119,-7.0242,HINDUNILVR,2025-04-08,0,0.3549
5.5518,26,1.601,0.9358,68.0615,8.7974,2.2831,0.0304,0,-0.0244,0.9576,-5.855,HINDUNILVR,2025-04-09,0,-3.8633
4.6668,85,1.6589,0.929,69.791,11.579,1.2622,0.0373,1,0.0237,0.9544,8.3494,HINDUNILVR,2025-07-07,0,5.1605
6.1632,5,3.0835,0.7843,64.6492,11.2691,1.6466,0.0621,0,-0.0115,0.9994,13.6155,HINDUNILVR,2025-07-31,0,-0.8027
6.5323,10,2.0835,0.9625,60.2372,12.4658,2.5947,0.0035,0,-0.0025,0.9406,-8.4641,HINDUNILVR,2026-04-17,0,-2.7044
6.5293,15,1.6551,0.9379,61.4805,12.8583,2.7471,0.0702,0,-0.0087,1.0099,35.1952,HINDZINC,2017-10-03,0,-4.1098
7.9685,37,1.7663,0.7426,64.5174,8.9295,2.8297,0.0756,1,0.0236,0.8835,-7.5512,HINDZINC,2018-09-05,0,-9.8545
4.2222,8,2.5772,0.4381,68.1178,8.3431,2.243,0.0764,1,0.0593,0.9441,6.4492,HINDZINC,2019-04-01,0,-5.2137
4.5288,99,4.2251,0.5328,64.6026,9.4209,2.1859,0.0392,1,0.0173,0.921,3.9127,HINDZINC,2020-01-10,0,-7.0112
6.6423,6,5.6362,0.5395,60.4394,16.0249,3.3695,0.0886,1,0.1023,1.1057,35.7186,HINDZINC,2020-07-22,0,8.0518
5.4842,4,2.8572,0.6415,66.6298,9.9426,3.3879,0.123,1,0.0297,1.162,45.2193,HINDZINC,2021-03-02,0,-11.3944
3.7335,29,2.7964,0.7673,65.9018,13.9306,1.9709,0.0448,1,0.0264,1.0925,9.1652,HINDZINC,2021-07-15,0,-7.279
7.2256,90,2.8473,0.6425,63.6151,14.1842,2.2114,0.0373,1,0.0582,0.9105,-0.2547,HINDZINC,2021-10-13,0,-1.8314
6.8033,11,2.4372,0.7638,66.3524,10.1145,2.9905,0.0667,0,-0.0347,0.9769,5.8134,HINDZINC,2021-12-03,0,-2.1724
10.6818,0,9.7068,0.8302,67.3516,21.9548,3.7791,0.0952,0,-0.0461,1.1859,8.1253,HINDZINC,2022-03-02,0,-10.3583
5.0137,15,5.9183,0.8167,67.3205,20.8707,1.7121,0.041,1,0.0553,0.9496,-0.0786,HINDZINC,2023-12-04,0,-3.5024
11.3909,0,4.3025,0.3728,63.9697,8.0494,3.2463,0.0495,0,-0.0032,1.0376,-10.5102,HINDZINC,2025-03-19,0,-14.8035
6.6055,43,3.971,0.9169,67.2299,8.0364,2.4054,0.0695,1,0.0084,0.9896,11.6997,HINDZINC,2025-09-12,0,-0.3133
9.5723,33,3.8853,0.7418,63.2995,9.0891,2.5386,0.0548,1,0.0026,0.9804,18.5455,HINDZINC,2025-12-10,0,23.0658
6.2063,16,5.2041,0.697,64.5706,10.9208,2.8497,0.0751,1,0.0213,1.0,8.1285,HOMEFIRST,2021-07-08,0,-7.3477
5.3067,32,6.9791,0.7538,61.4511,13.942,2.9981,0.0478,1,0.0734,1.0535,18.5112,HOMEFIRST,2021-09-23,1,38.2333
12.2496,0,3.2977,0.8568,69.1423,10.7747,3.8704,0.1377,1,0.0625,1.1703,22.0167,HOMEFIRST,2023-12-07,0,-8.8402
10.3129,0,8.1949,0.571,68.8294,11.0123,3.7973,0.0685,1,0.0332,0.8661,-3.7698,HOMEFIRST,2024-06-11,0,22.8506
11.4531,0,13.4774,0.6542,57.9883,14.833,4.5957,0.0227,0,-0.0501,1.0189,-7.5929,HOMEFIRST,2025-02-28,0,-3.2926
11.9213,0,2.5196,0.8546,66.4989,8.7314,5.1449,0.1457,1,0.016,1.001,8.3183,HOMEFIRST,2025-04-15,0,24.1669
7.1935,7,4.4003,0.8512,66.2924,10.147,3.5899,0.1285,1,0.033,1.1459,21.9653,HOMEFIRST,2025-05-30,0,6.6108
9.3825,13,4.9145,0.7547,65.7914,16.0301,4.1306,0.1252,1,0.0585,0.9453,10.9288,HONASA,2024-07-04,0,-5.9321
7.1918,9,8.3677,0.855,64.0338,15.9999,3.6725,0.0942,1,0.0076,1.03,30.6528,HONASA,2024-08-08,0,-7.2505
8.784,20,12.8207,0.5414,64.4599,12.7982,5.0892,0.1047,1,0.0288,1.0258,27.9804,HONASA,2024-08-26,0,-7.9823
9.1472,9,4.2739,0.5604,61.0496,10.022,3.7306,0.0439,1,0.0298,0.5271,-37.2204,HONASA,2025-03-24,1,29.7
7.8035,7,3.0687,0.8824,65.33,12.4677,4.2624,0.1062,1,0.055,0.6055,0.1569,HONASA,2025-04-29,0,15.0046
2.6921,16,1.7365,0.6019,59.964,12.0694,1.9829,0.0,0,0.0,1.0,0.0,HONAUT,2016-08-12,0,-4.1081
2.1562,64,1.668,0.7085,55.3968,8.1521,1.5371,0.0005,0,-0.0187,0.9241,-12.2464,HONAUT,2016-12-29,0,-1.5054
4.1083,65,3.2759,0.743,68.973,13.5762,1.797,0.0402,0,-0.0076,0.9373,-9.5783,HONAUT,2016-12-30,0,-4.7471
4.9678,22,4.4646,0.6874,55.5921,10.1921,3.4643,0.0473,1,0.0359,1.1005,23.1268,HONAUT,2017-05-26,0,8.4936
9.0893,11,2.8809,0.738,64.5012,13.4452,3.6615,0.0348,1,0.0991,0.8377,14.2904,HONAUT,2020-11-18,1,33.8833
7.935,66,1.6433,0.9006,65.6084,8.3442,2.6333,0.0642,1,0.0441,1.1931,19.0617,HONAUT,2022-11-24,0,-6.1236
6.7534,4,3.2057,0.8402,64.9698,10.171,2.908,0.0838,1,0.0297,1.165,8.2258,HONAUT,2022-12-12,0,-8.7715
5.2988,73,1.8934,0.9368,62.8752,14.314,2.2969,0.027,0,-0.01,1.0465,-2.647,HONAUT,2024-10-18,0,-6.9429
6.7359,19,3.8273,0.7976,66.5642,15.5615,3.1076,0.0705,1,0.0407,1.1934,29.904,HSCL,2017-04-03,1,63.883
7.1155,9,5.7205,0.8789,61.7142,18.7342,4.2082,0.0402,1,0.0117,2.0908,86.5208,HSCL,2018-01-02,0,-6.2035
10.2652,0,3.987,0.6194,61.5309,8.9118,5.3483,0.0744,1,0.0896,1.0584,-21.5671,HSCL,2020-06-22,0,-8.2927
14.1583,0,9.9113,0.7111,68.1414,11.7991,4.3112,0.1214,1,0.0588,1.0253,0.6604,HSCL,2020-08-19,0,-2.1456
11.9935,0,2.9709,0.7237,65.8865,9.5106,4.0701,0.0957,1,0.0063,0.8362,14.1852,HSCL,2021-05-07,0,3.0122
9.3874,3,2.1035,0.8163,67.616,8.4906,4.2173,0.1775,1,0.0574,1.0657,17.037,HSCL,2021-06-08,0,-9.0689
10.071,0,4.9585,0.7463,60.8553,11.345,2.7901,0.0089,1,0.0686,0.942,-2.1505,HSCL,2021-09-17,0,0.5453
12.3015,0,5.6904,0.8545,66.7814,13.2574,3.2873,0.0754,1,0.0628,1.0369,7.186,HSCL,2021-09-21,0,-8.5382
10.4589,0,3.3609,0.7321,60.2866,8.9439,4.7989,0.0877,0,-0.036,1.3544,19.6866,HSCL,2022-03-15,0,10.4512
8.9084,11,1.9401,0.902,62.9058,8.4684,2.9008,0.0871,1,0.011,1.0,0.0,HUDCO,2017-09-05,0,-4.7753
10.1375,0,5.2042,0.5077,60.879,12.128,3.7906,0.0037,1,0.0228,0.7488,-23.1226,HUDCO,2018-06-13,0,-11.0889
5.9372,39,9.3113,0.1184,66.4292,15.1705,3.2451,0.0841,1,0.0276,0.7407,-9.1394,HUDCO,2018-09-06,0,-9.1093
3.6952,27,7.6415,0.4778,63.4866,16.291,2.729,0.0419,1,0.0196,0.8532,-24.3085,HUDCO,2019-01-21,0,-9.747
13.853,0,5.4208,0.9923,63.3512,27.0957,3.9328,0.0404,0,-0.0244,0.9617,-13.914,HUDCO,2019-08-27,0,-11.8542
8.7508,30,3.8324,0.75,67.6223,12.8409,3.2179,0.0762,1,0.0897,1.1912,4.7473,HUDCO,2020-11-23,0,2.2521
9.4322,14,3.7283,0.686,65.3528,9.7424,3.9909,0.1163,1,0.0579,1.0033,44.4954,HUDCO,2021-02-18,0,-8.0594
10.3409,0,7.2433,0.7778,67.3514,12.6932,2.8398,0.0663,1,0.0734,0.8454,3.9882,HUDCO,2021-09-23,0,-8.0835
7.0518,21,4.209,0.6271,60.3966,10.768,2.4097,0.0089,1,0.0149,0.7295,1.355,HUDCO,2022-01-06,0,-6.4509
3.9362,24,2.7508,0.619,67.0232,9.3253,1.5084,0.0481,1,0.0632,0.9199,5.9761,HUDCO,2022-07-29,0,10.1762
9.6322,9,2.9027,0.8814,61.0173,13.1449,2.7625,0.0489,1,0.0137,1.3105,-3.1471,HUDCO,2023-04-24,1,26.383
6.3321,26,3.827,0.5443,68.12,8.741,2.67,0.0675,1,0.0411,1.1461,33.7697,HUDCO,2023-07-24,0,13.9807
6.3744,22,3.0947,0.7257,64.316,9.4014,2.2672,0.0303,1,0.0069,1.1215,6.6004,HUDCO,2025-09-15,0,-1.1487
6.3536,6,2.5837,0.6227,69.5387,11.1003,2.5235,0.1108,1,0.0388,1.0231,14.4784,HYUNDAI,2025-06-09,1,32.5536
7.9254,15,7.8318,0.7218,68.7364,12.4295,2.5916,0.1119,1,0.0262,1.0765,8.9527,HYUNDAI,2025-06-20,1,33.2153
4.5788,79,1.6363,0.6425,59.6592,16.2868,2.5689,0.0137,0,-0.0073,0.9175,-3.7963,HYUNDAI,2026-02-20,0,-8.4136
7.2556,36,4.8174,0.8496,61.6789,13.3547,2.2282,0.0469,1,0.0537,1.0389,1.7393,ICICIBANK,2017-01-27,0,-1.9689
7.7898,39,2.1195,0.8792,67.2797,9.8361,2.6347,0.0789,1,0.058,1.0627,4.1126,ICICIBANK,2017-02-01,0,-5.0975
6.936,48,5.5837,0.8774,65.302,19.882,2.5808,0.0695,1,0.0283,0.9968,17.5913,ICICIBANK,2017-05-04,0,10.4396
10.3982,0,5.9121,0.8072,69.3226,29.5653,3.0013,0.0721,1,0.032,1.1243,6.2256,ICICIBANK,2017-10-25,0,0.3552
4.0692,39,2.7861,0.866,67.8507,10.0973,1.7516,0.0523,1,0.0355,0.9986,11.4948,ICICIBANK,2018-01-15,0,-0.7157
7.0988,16,4.2008,0.6414,65.147,11.6754,3.016,0.0639,1,0.03,0.9522,-2.3057,ICICIBANK,2018-05-08,0,-7.1443
6.568,5,1.7988,0.9358,59.0945,8.847,2.4868,0.0136,1,0.0353,0.8039,-3.0216,ICICIBANK,2018-07-26,0,12.76
9.1353,19,2.8378,0.856,65.204,16.5965,4.0754,0.0786,0,-0.0702,1.3037,24.2341,ICICIBANK,2018-10-29,0,-0.744
7.9463,30,1.7452,0.475,60.6496,9.9616,2.8452,0.045,1,0.0311,1.0355,11.8212,ICICIBANK,2019-05-20,0,2.1635
7.1174,68,3.194,0.826,55.4697,15.772,3.1044,0.015,1,0.0144,1.0855,8.6783,ICICIBANK,2019-09-20,0,24.128
10.0095,0,2.2532,0.8283,64.7292,9.2595,3.2609,0.084,1,0.0436,1.1149,18.8919,ICICIBANK,2019-09-23,0,23.8958
4.6263,30,1.7355,0.8951,62.5648,8.3056,1.7192,0.0468,1,0.0227,1.1131,9.3039,ICICIBANK,2021-07-13,0,4.5916
5.3845,149,1.5037,0.8333,62.1845,11.7709,1.9957,0.0289,0,-0.0113,1.0071,-5.0287,ICICIBANK,2023-03-31,0,4.0349
3.6102,20,2.8869,0.2055,63.0885,9.8809,1.9907,0.0486,1,0.0149,0.9803,6.0275,ICICIBANK,2024-01-23,0,2.9079
3.2644,106,1.8456,0.6458,63.03,11.5893,1.9292,0.0472,1,0.038,1.062,14.9596,ICICIBANK,2024-06-03,0,-6.561
3.4002,167,1.9583,0.9496,67.3296,12.3943,1.2477,0.0333,1,0.0081,0.9634,-0.3812,ICICIBANK,2026-01-06,0,-2.4034
8.0563,13,4.4161,0.6132,67.2037,8.0666,3.7851,0.1304,1,0.0389,1.0,0.0,ICICIGI,2018-01-17,0,-9.7939
5.1704,70,3.0748,0.6866,59.3832,9.7222,3.3119,0.0195,1,0.0247,0.9171,-7.4273,ICICIGI,2018-07-17,0,0.5578
8.3254,20,11.4794,0.3263,66.5547,8.0883,4.7431,0.091,1,0.0316,1.2578,29.7057,ICICIGI,2019-05-28,0,-10.0323
4.1298,117,1.8014,0.8712,62.3369,9.9998,2.4345,0.0301,1,0.0863,0.7487,2.0612,ICICIGI,2020-11-13,0,13.9843
8.3912,122,1.7504,0.6777,68.0143,10.53,2.9937,0.0722,1,0.0867,0.7833,8.5301,ICICIGI,2020-11-20,0,9.2908
5.421,123,3.7764,0.8878,66.8246,17.2566,2.4145,0.0361,1,0.0431,0.9196,14.789,ICICIGI,2021-08-27,0,-2.8206
5.7579,65,1.9219,0.9448,69.2575,8.9087,1.7595,0.0515,1,0.056,0.8528,-3.8938,ICICIGI,2022-11-30,0,-1.8863
4.1682,42,1.7168,0.8378,66.0361,8.9293,1.8695,0.0295,1,0.0087,0.9663,-7.5732,ICICIGI,2023-04-18,0,-5.0371
4.5749,128,7.1885,0.6732,61.0224,22.9562,2.2257,0.0233,1,0.0369,0.9771,8.4331,ICICIGI,2024-01-17,0,16.3996
4.603,31,5.696,0.5122,57.2395,9.9536,2.8887,0.0335,0,-0.0072,1.1769,16.2622,ICICIGI,2024-04-18,0,-7.6542
7.794,70,5.9748,0.7138,62.1661,8.5976,3.0837,0.0422,1,0.0391,1.0711,16.0402,ICICIGI,2024-06-14,0,23.7406
5.7015,151,7.4943,0.864,67.7168,24.045,2.3052,0.0694,1,0.0174,1.0359,0.7028,ICICIGI,2025-10-15,0,-3.756
4.9568,33,3.8255,0.8088,60.9272,13.26,2.696,0.0495,1,0.0339,1.2087,17.0257,ICICIPRULI,2017-06-07,0,6.4047
7.7475,62,2.3217,0.8886,68.4053,9.7449,2.4396,0.0729,1,0.0271,0.7804,-2.7253,ICICIPRULI,2018-01-08,0,-3.8145
7.2272,19,8.856,0.7411,64.845,15.5743,3.0141,0.06,1,0.0237,1.0343,12.1346,ICICIPRULI,2018-04-24,0,-3.248
5.4945,21,2.0726,0.7879,60.1768,8.257,2.6429,0.03,1,0.0174,0.9146,-11.8121,ICICIPRULI,2019-01-09,0,-4.6154
9.428,3,5.7545,0.7803,60.9812,16.1056,4.0255,0.09,1,0.042,1.0168,3.7433,ICICIPRULI,2019-03-27,0,2.7359
6.551,33,2.0889,0.8607,65.9778,8.8829,3.4074,0.0788,0,-0.0285,1.3433,14.3699,ICICIPRULI,2019-08-28,0,17.8511
4.2606,46,3.9923,0.7665,61.978,12.1371,2.2479,0.0219,1,0.0002,1.2763,20.2112,ICICIPRULI,2020-01-22,0,-11.3949
8.3681,7,7.1564,0.252,61.8325,12.1051,3.8894,0.0332,0,-0.0371,0.9415,-0.8916,ICICIPRULI,2021-04-20,1,30.9122
4.0797,21,6.2692,0.3436,61.4286,13.0873,2.7294,0.0839,1,0.015,1.1352,31.1333,ICICIPRULI,2021-07-22,0,3.0145
8.314,23,2.8139,0.8217,67.6274,10.449,2.2549,0.0379,1,0.0452,0.8539,-12.3131,ICICIPRULI,2022-01-17,0,-7.4834
8.5496,26,2.3919,0.8666,65.4671,10.7249,3.0812,0.0699,0,-0.022,0.9496,-9.8849,ICICIPRULI,2022-06-01,0,-7.3097
6.0986,16,1.9032,0.8314,68.1187,11.2338,2.1612,0.0608,1,0.0632,1.0129,15.035,ICICIPRULI,2022-07-29,0,-1.0018
6.1458,29,2.5853,0.6353,65.1671,8.0942,2.4686,0.0672,1,0.0467,0.9934,-0.6241,ICICIPRULI,2023-05-29,0,22.7317
7.4262,45,2.2857,0.8893,64.3715,8.6962,3.0252,0.0521,1,0.0309,1.3035,32.1057,ICICIPRULI,2023-09-15,0,-9.6285
4.0434,85,2.0694,0.8833,64.1063,9.0776,2.0128,0.0557,1,0.0026,0.9783,3.8278,ICICIPRULI,2025-12-10,0,2.6517
8.2834,9,7.7735,0.6826,69.2546,8.8914,3.0944,0.0,0,0.0,1.0,0.0,IDBI,2016-08-25,0,-2.766
7.8602,35,2.4555,0.8354,68.3843,9.5764,2.3312,0.0671,1,0.0051,1.002,5.252,IDBI,2017-01-09,0,0.0803
6.5988,30,3.215,0.8372,62.9987,13.1002,2.3825,0.0181,1,0.0259,0.9701,10.9375,IDBI,2017-04-28,0,-5.4267
6.5836,30,6.7501,0.8037,66.2361,17.9226,3.2054,0.0542,1,0.0166,1.0293,15.0,IDBI,2018-01-04,0,-12.0546
8.2734,44,2.0595,0.8818,63.5198,9.8982,3.8693,0.0774,1,0.0607,0.9444,15.4594,IDBI,2018-01-24,0,-17.7071
2.4136,8,1.5658,0.7619,65.1101,8.9677,1.8382,0.0517,0,-0.0254,0.9053,20.7101,IDBI,2018-11-09,0,0.1053
9.1585,11,4.1542,1.0,63.478,13.478,3.5879,0.0823,1,0.0499,1.3391,110.7056,IDBI,2020-08-21,0,-13.5419
10.7617,0,9.181,0.8072,63.7362,28.686,3.9295,0.0342,1,0.0279,1.4011,21.3729,IDBI,2020-10-16,0,-1.5755
14.3402,0,4.8779,0.74,69.1537,14.3299,5.0444,0.1591,1,0.0495,0.6841,-10.9434,IDBI,2021-03-03,0,17.4419
12.4581,0,3.7803,0.8506,68.5575,8.7421,4.4263,0.1645,1,0.0615,0.9507,15.9533,IDBI,2021-09-28,0,9.6413
9.8595,12,4.953,0.3095,66.1158,11.945,3.9194,0.0709,1,0.04,1.0348,4.3897,IDBI,2022-04-06,0,-11.2959
10.9706,0,1.8699,0.875,63.2376,9.9149,2.8774,0.0197,1,0.0014,0.7653,-13.8142,IDBI,2022-07-15,0,18.2073
10.791,0,3.8131,0.7886,66.8516,15.8578,3.2606,0.0755,1,0.0183,1.1043,-2.7281,IDBI,2023-04-13,0,14.6696
6.2042,5,3.9197,0.92,69.5184,12.3697,2.7172,0.1382,1,0.0311,1.2138,2.7199,IDBI,2023-05-17,0,13.7062
8.5271,14,3.1302,0.8108,64.2528,10.6475,2.6559,0.0261,1,0.0625,1.0967,16.7972,IDBI,2023-12-07,0,-4.9963
8.4185,25,4.0123,0.5729,60.8058,11.9046,3.4993,0.0693,1,0.038,1.2858,30.0,IDBI,2024-06-03,0,-11.6575
6.1621,24,6.0937,0.8557,68.4067,15.0321,2.3237,0.0695,1,0.0588,1.1902,7.4339,IDBI,2024-07-15,0,-1.4473
9.1971,26,6.3875,0.6949,68.5563,8.3135,2.7584,0.0946,1,0.0639,1.2223,7.0057,IDBI,2024-07-18,0,-2.6919
14.0046,0,6.1015,0.9146,68.0379,16.3903,4.5059,0.1494,1,0.0389,1.2689,15.9361,IDBI,2024-07-24,0,-5.1389
11.7097,0,3.0563,0.9407,68.7967,12.6237,3.3217,0.0798,1,0.0166,1.0081,-0.2941,IDBI,2025-03-21,0,-9.9671
8.9292,4,7.3439,0.8536,63.8026,19.2292,2.7648,0.0376,1,0.0028,1.2653,25.3838,IDBI,2025-08-21,0,-10.4583
3.9268,26,3.7577,0.6593,56.5914,8.0622,2.3675,0.0287,1,0.0356,1.0526,-3.9253,IDBI,2025-10-20,0,-0.6171
11.6278,0,5.2791,0.6516,68.759,9.5902,3.3554,0.117,1,0.0226,1.2469,16.4167,IDBI,2025-10-31,0,-9.5825
6.4008,15,2.941,0.7463,57.3831,8.8622,3.217,-0.0365,1,0.0294,1.1192,29.5714,IDEA,2017-05-10,0,-12.6739
13.5294,0,2.6178,0.8462,67.8577,10.3569,4.2644,0.0883,1,0.0867,1.2552,28.0255,IDEA,2020-11-20,0,7.767
8.9628,17,3.1558,0.8462,64.6525,10.5568,3.1704,0.0583,1,0.0582,0.7886,-29.6992,IDEA,2021-06-03,0,-4.5213
7.7695,8,2.5089,0.5385,56.4693,9.2527,4.5485,0.0218,0,-0.0244,1.0802,17.1271,IDEA,2021-11-22,1,25.5024
9.0728,42,4.5181,0.7,64.8144,9.9993,4.0293,0.1042,1,0.0427,0.9189,2.0942,IDEA,2022-09-07,0,-13.8889
6.9218,44,5.9351,0.75,62.9524,29.8292,2.8902,0.026,1,0.0349,0.8287,-7.9787,IDEA,2022-12-14,0,-12.3121
11.8577,0,3.3294,0.7,65.6915,8.0912,3.3644,0.0455,1,0.0235,0.7849,-20.2312,IDEA,2023-04-27,0,14.3885
8.6161,10,2.1088,0.8056,61.101,18.6497,5.7292,0.0227,1,0.0084,1.0765,9.0909,IDEA,2024-04-23,0,0.5091
3.8607,63,3.5951,0.2407,58.8092,14.5805,2.1417,0.0053,1,0.0336,0.7283,-5.4826,IDFCFIRSTB,2017-04-26,0,-0.9806
7.9886,28,4.3518,0.781,67.635,21.2667,2.9924,0.0861,1,0.0409,0.8633,10.3473,IDFCFIRSTB,2017-11-01,0,-12.2016
7.4696,27,4.1958,0.8675,68.545,17.2353,2.385,0.058,1,0.0214,0.835,5.5254,IDFCFIRSTB,2018-01-05,0,-2.7341
10.3994,0,2.0675,0.7451,62.8323,8.2115,3.685,0.048,1,0.0465,0.7153,-14.4868,IDFCFIRSTB,2018-07-30,0,7.3913
9.8643,16,3.3672,0.8,63.7329,11.763,2.967,0.0468,0,-0.0143,0.9648,0.9132,IDFCFIRSTB,2018-11-22,0,-8.7308
8.2476,11,1.5795,0.9216,62.5631,12.5273,2.9925,0.0543,1,0.004,1.0774,36.4943,IDFCFIRSTB,2019-03-01,0,7.547
12.0857,0,2.1657,0.8889,67.944,8.3051,4.0075,0.1378,1,0.0651,0.7725,44.2857,IDFCFIRSTB,2020-08-11,0,-4.0331
8.8091,10,1.9789,0.961,63.1099,9.7199,2.9884,0.0883,1,0.0521,1.4195,30.6538,IDFCFIRSTB,2021-06-02,0,-10.0732
8.9151,18,2.7234,0.9565,66.3368,11.6634,3.6018,0.1282,1,0.0448,0.7946,-9.7353,IDFCFIRSTB,2021-10-26,0,-11.7103
10.136,0,3.2631,0.7031,65.7128,11.6892,4.0816,0.1435,0,-0.0098,1.2738,55.102,IDFCFIRSTB,2022-10-04,0,8.013
7.2061,31,1.8048,0.9474,65.5988,8.1507,2.103,0.0465,1,0.0137,1.0069,-0.5973,IDFCFIRSTB,2023-04-24,1,39.8631
5.763,17,1.6693,0.9532,61.5078,10.8141,3.1128,0.0259,1,0.0421,0.8312,-2.3261,IDFCFIRSTB,2024-06-18,0,-4.0427
9.7033,6,3.9456,0.8642,60.52,10.6445,2.9341,0.022,1,0.0106,0.9105,-6.6512,IDFCFIRSTB,2025-04-03,0,-12.0331
5.4299,18,4.1758,0.8732,66.2599,16.1806,2.3819,0.1062,1,0.0359,1.0575,13.3735,IDFCFIRSTB,2025-06-06,0,1.3724
8.6505,50,4.1567,0.9621,69.2457,17.5787,2.2627,0.0839,1,0.0356,1.0741,8.2494,IDFCFIRSTB,2025-10-20,0,7.521
4.9535,18,9.9677,0.7666,62.967,11.9491,2.1176,0.0,1,0.0013,1.0,0.0,IEX,2017-12-12,0,-7.3333
10.8181,0,1.8932,0.643,62.0317,14.2042,4.9227,0.0294,1,0.0428,0.862,-12.4717,IEX,2019-10-17,1,36.391
10.0294,0,2.3646,0.6691,64.7275,10.2428,3.6954,0.0747,1,0.0629,1.182,48.6053,IEX,2020-08-10,0,-5.2715
6.0774,17,5.4786,0.7179,68.9281,17.282,3.3039,0.106,1,0.0212,1.2657,43.2291,IEX,2020-09-14,0,-12.3538
8.5279,19,2.1906,0.8352,62.552,9.6952,2.9889,0.0382,1,0.0893,0.768,-29.5732,IEX,2022-08-16,0,-7.8534
5.3588,36,4.4312,0.7852,63.6102,11.3608,2.2165,0.0339,0,-0.01,0.8995,2.7094,IEX,2023-02-21,0,-3.8285
9.6095,1,3.6308,0.6439,63.3241,8.987,2.917,0.0764,0,-0.0443,0.9844,6.7677,IEX,2023-03-15,0,-8.9458
5.117,41,3.6361,0.8908,66.1921,14.4444,2.0141,0.0536,1,0.0003,0.8183,-12.7085,IEX,2023-09-01,0,-2.6432
6.4998,13,3.123,0.1416,60.6292,12.7262,2.6934,0.0241,1,0.0286,1.0583,17.8855,IEX,2024-03-04,0,-8.8032
4.8865,69,4.4704,0.8659,62.4173,15.045,2.2466,0.042,1,0.0237,0.6904,-25.1493,IEX,2025-12-01,0,-6.4857
9.0145,94,9.55,0.7641,65.0222,25.445,2.7607,0.0572,1,0.0081,0.7254,5.2456,IEX,2026-01-06,0,-8.3645
6.2604,33,1.5063,0.9598,56.1324,8.9083,3.6665,0.0224,0,-0.0672,0.9838,-9.5261,IEX,2026-04-06,0,-1.2687
6.1353,9,2.2968,0.8919,64.6034,8.8274,2.7706,0.0526,1,0.0439,1.0483,30.2772,IFCI,2017-03-21,0,-3.6093
7.4586,35,4.8028,0.6067,66.4734,19.2369,3.0982,0.0838,1,0.0259,1.1035,13.8241,IFCI,2017-04-28,0,-9.3146
11.5301,0,3.9327,0.6571,63.6615,9.9844,2.9297,0.0535,1,0.0298,0.8443,-1.0772,IFCI,2017-07-21,0,-8.556
3.7181,34,2.5773,0.625,59.9553,14.3848,2.1654,0.0212,1,0.032,0.7216,-6.8627,IFCI,2017-10-25,0,-3.3542
11.3735,0,1.7553,0.56,65.6678,8.3123,3.8129,0.0259,1,0.0154,0.8882,10.6299,IFCI,2019-03-05,0,-10.2113
7.8747,27,3.2874,0.5,67.1738,9.2371,3.6272,0.061,1,0.0897,0.9892,-5.1852,IFCI,2020-11-23,1,35.1938
7.651,14,2.7084,0.5789,59.3948,10.9141,5.0752,0.0363,1,0.0205,1.0699,62.3932,IFCI,2021-03-01,0,17.9897
10.6121,0,4.9156,0.5946,61.3143,10.1141,4.7619,-0.0045,1,0.0686,0.7586,20.8531,IFCI,2021-09-17,0,-1.6393
13.758,0,4.1727,1.0,67.4848,24.2721,4.6204,0.1218,0,-0.0236,1.0281,-2.7211,IFCI,2021-12-02,0,-0.4762
9.9618,4,3.5678,0.7059,61.0984,12.5984,3.5714,0.0213,0,-0.0051,0.6636,-19.0083,IFCI,2022-07-13,0,3.7563
9.8166,4,3.6698,0.6667,66.4132,8.1146,3.6754,0.0886,1,0.0716,0.6867,-13.0802,IFCI,2022-08-02,0,0.1961
6.4999,6,2.2816,0.5,55.4133,8.6508,3.6237,-0.025,1,0.0087,0.8608,9.6257,IFCI,2022-10-25,1,29.8537
6.6359,12,4.0473,0.8889,67.0824,17.6756,3.1158,0.1041,1,0.0413,0.8485,-7.2519,IFCI,2023-06-07,1,33.0579
12.3037,0,3.1098,0.8824,67.6945,8.262,3.7667,0.1209,1,0.031,0.8096,6.2241,IFCI,2023-06-20,1,30.8594
10.047,0,2.9448,0.8636,69.3549,13.5651,3.7677,0.1333,1,0.0358,0.9603,30.0,IFCI,2023-07-27,1,55.1103
10.373,0,6.0866,0.7492,67.4074,13.6873,4.6993,0.1779,1,0.0569,2.0686,50.5844,IFCI,2024-07-12,0,-10.6307
6.6879,10,5.8776,0.5616,58.8816,13.2602,3.2252,-0.0072,1,0.0069,1.2244,40.9478,IFCI,2025-09-15,0,-5.5443
9.9655,12,4.9142,0.8187,67.5405,9.3582,3.2973,0.0458,1,0.0177,1.3051,36.2818,IFCI,2025-09-17,0,-9.9291
10.3931,0,8.2837,0.8034,60.8401,14.3443,3.181,0.0039,1,0.0117,0.8226,0.36,IFCI,2025-12-23,0,4.5875
8.2019,6,5.7723,0.8041,60.0738,12.3052,3.4926,0.0169,1,0.0021,1.0333,9.4824,IGIL,2025-09-10,0,-9.3288
6.36,14,8.0006,0.9644,62.3849,19.9225,3.0547,0.0478,1,0.0126,1.0188,2.889,IGIL,2025-11-06,0,-10.8647
9.6498,2,2.2788,0.6016,59.8762,13.3958,3.65,0.0452,0,-0.0046,0.8707,-8.9162,IGIL,2026-02-03,0,-5.4909
7.8679,32,3.2179,0.8892,69.4872,8.4198,2.4597,0.074,0,-0.0275,1.0,41.599,IGL,2016-12-15,0,12.1868
3.4388,21,1.9263,0.6714,68.2364,8.7256,1.7752,0.085,1,0.0537,1.5628,28.605,IGL,2017-01-27,0,2.4198
4.8918,15,3.5077,0.8378,66.1733,12.5154,2.1408,0.064,1,0.0255,1.0203,7.1514,IGL,2017-07-11,1,28.011
9.4022,3,3.2859,0.7292,69.1592,9.4185,2.4357,0.0924,1,0.0362,1.0703,12.7394,IGL,2017-07-27,1,34.5284
8.323,10,1.7998,0.8901,69.954,9.107,2.7046,0.1475,1,0.0257,1.3278,44.0973,IGL,2017-10-18,0,-5.9356
6.1112,18,4.3366,0.6678,64.0533,9.8702,3.7059,0.0699,1,0.0189,1.4355,44.5369,IGL,2017-11-28,0,-3.0931
8.585,22,1.8134,0.9507,63.9143,9.2996,3.3966,0.0824,0,-0.0055,1.4707,48.595,IGL,2017-12-04,0,-5.7051
6.5476,10,1.7462,0.8717,58.621,14.398,3.7583,0.0058,1,0.0181,0.8084,-9.2092,IGL,2018-06-08,0,-10.6687
5.1389,16,2.2141,0.7659,60.7811,10.2561,3.0032,0.0569,1,0.0561,1.0996,10.3265,IGL,2019-03-19,0,-0.7997
6.8324,59,5.8726,0.5704,65.4503,9.7043,3.4075,0.0744,1,0.0326,1.1087,24.0233,IGL,2019-05-27,0,-4.9472
4.2643,44,2.1905,0.7234,60.2054,12.8682,2.9776,0.0674,1,0.0144,1.1809,9.7069,IGL,2019-09-20,1,25.0475
8.0908,6,1.5526,0.8695,62.6358,9.1632,2.5372,0.0334,1,0.0312,0.7168,-8.017,IGL,2020-10-27,1,31.4792
4.2629,47,2.49,0.7854,60.4188,9.0293,2.5115,0.0333,1,0.0547,0.9756,-6.8844,IGL,2021-05-31,0,-0.199
3.2823,75,2.531,0.7368,60.6229,11.0948,2.1739,0.0502,0,-0.0081,1.0971,5.3289,IGL,2023-03-06,0,-6.6689
5.4951,94,2.0383,0.9411,61.8087,14.8358,2.8875,0.0508,1,0.0015,1.1394,9.7216,IGL,2023-04-05,0,3.9657
9.2522,42,1.747,0.7753,67.1174,8.1475,2.4859,0.0984,1,0.0533,1.1077,15.8197,IGL,2024-06-28,0,2.7225
6.0813,43,8.5791,0.8526,64.9905,17.5916,2.2173,0.0594,1,0.0109,1.021,3.3948,IGL,2025-10-07,0,-9.0095
10.0538,0,8.1984,0.7489,68.1744,11.7634,3.7415,0.1064,0,-0.0108,1.0,0.0,IIFL,2016-10-27,0,-9.8416
7.6032,12,2.1178,1.0,61.6734,8.5779,3.3394,0.044,1,0.0595,1.9758,146.0846,IIFL,2021-06-07,0,-9.6005
10.9846,0,2.9855,0.8221,67.7718,9.3556,4.0089,0.0558,1,0.0296,1.1122,10.3275,IIFL,2022-04-07,0,-2.34
10.8282,0,2.3519,0.857,60.5325,12.9168,4.3899,0.0725,0,-0.0309,1.4411,38.7432,IIFL,2023-01-31,0,-13.5144
8.5927,15,2.3135,0.9144,63.6173,14.6869,3.9566,0.0242,0,-0.0279,1.3248,4.8873,IIFL,2023-03-29,0,-7.3457
6.4467,26,3.336,0.7504,61.0583,14.8631,3.3898,0.0397,1,0.036,1.0299,-6.61,IIFL,2023-06-02,0,24.3908
7.2979,22,1.82,0.7408,60.7945,8.2957,3.2841,0.0798,1,0.0155,1.2257,32.2039,IIFL,2023-09-08,0,-3.5361
8.9377,19,2.0713,0.8723,64.1762,9.4252,3.1349,0.0594,1,0.0587,1.1898,11.4632,IIFL,2023-12-12,0,-11.6279
6.9503,10,2.1943,0.9391,56.6545,10.9235,3.3011,0.0237,1,0.0267,0.9224,-4.5825,IIFL,2024-03-01,0,-22.6002
5.4178,15,4.7122,0.8956,67.8777,10.6897,2.7722,0.1032,1,0.0096,1.2068,35.0869,IIFL,2025-12-24,0,-0.2352
5.8349,75,13.2721,0.739,69.7704,11.8348,2.422,0.0695,1,0.0226,1.0595,2.5227,IKS,2025-10-31,0,-3.181
8.8465,55,5.0536,0.818,57.1133,12.2158,4.4366,0.0252,0,-0.0074,1.0466,12.97,IKS,2026-02-05,0,-9.788
9.3275,16,3.3964,0.8666,67.2385,11.9975,4.1164,0.1129,1,0.0366,1.0,0.0,INDGN,2024-07-25,0,-11.9488
8.5682,19,2.5295,0.8216,64.9962,9.8815,3.7146,0.105,1,0.0701,0.852,0.4862,INDGN,2025-05-15,0,-7.1211
4.536,20,1.8206,0.4758,55.9089,8.1866,2.4639,0.013,1,0.0277,0.7777,-22.7902,INDHOTEL,2017-01-12,1,25.9277
5.182,48,2.4945,0.8667,66.8688,19.2885,2.6417,0.0724,1,0.0186,0.8541,2.1605,INDHOTEL,2017-11-23,0,11.7416
4.6489,14,4.5595,0.5119,69.1506,9.7577,2.7771,0.0745,1,0.0166,0.9723,19.208,INDHOTEL,2018-01-04,0,4.9217
11.6073,0,4.0727,0.6807,69.4491,8.2762,4.0348,0.1003,1,0.0162,1.3386,22.2084,INDHOTEL,2018-04-17,0,-8.9885
8.19,58,4.4546,0.8462,69.3842,9.8858,2.9531,0.0786,1,0.041,1.1987,18.937,INDHOTEL,2019-03-12,0,-4.2222
7.9049,39,2.8184,0.8425,64.3835,9.3866,2.9658,0.0413,1,0.0279,1.0076,13.0982,INDHOTEL,2019-05-31,0,-7.0822
9.7003,17,3.2826,0.877,67.5851,18.984,3.3067,0.0718,1,0.0144,1.0034,2.0118,INDHOTEL,2019-09-20,0,-9.9557
9.3454,44,6.0544,0.8148,62.681,16.6814,2.992,0.0377,0,-0.0327,1.189,-2.1417,INDHOTEL,2023-02-01,0,-6.7966
4.6278,53,2.6486,0.6533,62.2889,10.9663,2.0827,0.029,1,0.0048,1.1667,22.5899,INDHOTEL,2023-08-23,0,-0.8192
6.6445,58,4.2047,0.9212,68.3243,15.1372,2.2578,0.0678,0,-0.0032,1.2181,24.0526,INDHOTEL,2023-08-30,0,-5.0829
3.9931,26,2.2089,0.7912,63.7142,8.2638,2.5909,0.0767,1,0.0606,1.0384,16.1734,INDHOTEL,2024-01-03,0,19.6098
9.7102,42,2.7209,0.8542,67.6555,8.1394,2.9232,0.1204,1,0.0326,1.1455,19.6551,INDHOTEL,2024-01-29,0,8.809
10.4982,0,2.3199,0.9426,69.5726,8.3415,2.4101,0.1083,1,0.0167,1.0641,20.8653,INDHOTEL,2024-09-10,0,-4.1888
8.0281,38,6.6218,0.7978,64.5128,13.2086,3.2683,0.0705,0,-0.0346,1.2352,21.4014,INDHOTEL,2024-11-08,0,12.3376
8.3998,9,1.9063,0.6421,66.3378,15.487,2.8497,0.0586,0,-0.0032,1.3179,18.5434,INDHOTEL,2025-03-19,0,-9.467
8.0907,33,2.7402,0.9206,64.0521,15.9368,3.1487,0.0721,1,0.0112,1.0623,55.6894,INDIACEM,2017-04-19,0,14.6471
13.412,0,1.6035,0.898,65.0842,8.0795,4.1396,0.0662,1,0.004,0.8388,6.3903,INDIACEM,2019-03-01,0,8.8041
9.9375,14,6.5063,0.7568,68.2252,16.8549,4.7525,0.1567,0,-0.0167,1.7669,56.3612,INDIACEM,2020-05-15,0,-0.2634
9.9083,31,3.1087,0.8859,61.9741,12.1807,4.071,0.0648,1,0.0212,1.2435,27.2959,INDIACEM,2020-09-14,0,-11.8308
7.4575,21,3.1009,0.8204,60.997,14.6694,3.544,0.0692,1,0.0205,1.2022,45.7368,INDIACEM,2021-03-01,0,-11.6746
9.6249,6,2.8448,0.7938,62.3496,9.5107,4.5586,0.0903,1,0.0047,1.2136,22.7806,INDIACEM,2021-04-08,0,-13.0008
9.1872,9,5.4427,0.8146,61.1451,8.0148,3.4076,0.0266,1,0.0074,0.9116,-12.0051,INDIACEM,2022-07-08,1,40.4807
6.7133,19,2.0165,0.9381,63.9407,8.1552,2.7888,0.0489,1,0.0197,1.0465,25.0,INDIACEM,2023-08-04,0,1.861
7.6338,22,3.8695,0.9228,63.4385,12.2291,3.3166,0.0615,1,0.0225,1.1006,36.0748,INDIACEM,2023-08-09,0,0.2854
8.3454,11,4.1812,0.9158,64.868,10.8728,2.1985,0.0305,1,0.0153,1.1373,7.1112,INDIACEM,2023-11-28,0,3.6056
10.5213,0,10.0266,0.2993,61.4599,26.1062,2.8669,0.026,0,-0.0225,1.5475,0.3562,INDIACEM,2024-12-23,0,1.7454
9.3406,7,4.5869,0.7279,68.0248,9.6864,3.7989,0.1666,1,0.021,0.9453,-7.2643,INDIACEM,2025-06-03,0,-13.1593
6.0296,3,6.8274,0.8636,69.3823,16.5586,2.8152,0.1041,1,0.0005,0.9111,28.512,INDIACEM,2025-07-22,0,7.1622
6.6473,24,12.3752,0.6513,68.9108,10.9855,3.0192,0.1153,1,0.0028,1.2951,39.3016,INDIACEM,2025-08-21,0,-3.042
10.6478,0,5.4603,0.8937,66.6153,13.3178,4.069,0.1072,1,0.0006,1.3098,19.7529,INDIACEM,2025-12-17,0,-1.6896
10.4759,0,3.2189,0.9075,68.859,10.5903,3.469,0.1806,1,0.0582,0.9548,37.0822,INDIAMART,2021-10-13,0,-11.2062
10.8289,0,2.1747,0.8339,58.1149,13.0648,3.7647,0.0063,1,0.0548,0.5635,-34.3352,INDIAMART,2022-04-04,0,-10.0819
10.5383,0,2.9391,0.7023,68.8989,8.5614,3.7712,0.1434,1,0.0454,0.9494,-1.2297,INDIAMART,2022-09-02,0,-9.726
7.1717,29,2.851,0.7499,65.9399,8.1172,1.7847,0.0335,0,-0.0217,1.035,-3.3191,INDIAMART,2023-01-16,0,1.5858
6.7264,73,3.6248,0.8428,67.8832,9.0456,2.5407,0.0874,0,-0.0324,1.1978,6.3966,INDIAMART,2023-03-21,0,7.1458
3.1222,17,3.1938,0.8684,60.2673,17.9977,1.8123,-0.001,1,0.0657,0.8564,-7.773,INDIAMART,2023-12-06,0,-5.3574
5.694,21,4.0093,0.4966,63.1781,8.9815,2.2618,0.0217,1,0.0587,0.8744,-11.5955,INDIAMART,2023-12-12,0,-6.2639
4.3261,10,1.9139,0.9043,55.9615,10.8484,2.6118,-0.0116,1,0.036,1.0508,-1.036,INDIAMART,2025-10-27,0,-4.2053
6.1598,67,9.6927,0.8387,59.4867,27.469,2.2549,0.0025,0,-0.0103,0.8551,-11.093,INDIAMART,2026-01-16,0,-8.2569
10.4472,0,4.0611,0.8716,61.0118,17.9147,3.4737,0.0294,1,0.0213,1.1945,18.6187,INDIANB,2017-04-24,0,9.9896
4.7929,24,1.9222,0.837,60.7384,8.9074,3.1502,0.0233,1,0.0623,1.1127,39.9261,INDIANB,2018-01-23,0,-10.6603
8.0613,10,3.6905,0.7259,64.6632,8.7727,4.0418,0.1091,1,0.03,0.9549,-12.9913,INDIANB,2018-05-08,0,-11.4111
7.0189,5,2.5834,0.7438,57.6631,8.707,3.5244,0.0305,1,0.0241,0.664,-34.0188,INDIANB,2018-12-13,0,-0.2458
15.3046,0,2.9187,0.8511,67.305,8.5275,4.9742,0.0897,1,0.0213,0.8083,17.8291,INDIANB,2019-03-06,0,0.2599
10.5377,0,4.8671,0.4624,58.7253,9.4084,3.9835,0.0559,1,0.1154,0.4741,-51.5924,INDIANB,2020-06-03,1,31.6583
8.5257,4,3.2892,0.8667,64.9105,13.8874,3.2715,0.073,1,0.0651,0.7128,51.1163,INDIANB,2020-08-11,0,-7.3158
8.2146,20,2.9791,0.9206,66.1904,8.562,3.0868,0.0675,1,0.0854,0.9739,-1.4683,INDIANB,2020-11-10,0,18.0389
8.615,6,2.0481,0.9051,61.5111,8.1854,2.9644,0.0173,1,0.0692,0.886,19.2827,INDIANB,2021-09-15,0,-7.323
4.6331,6,2.752,0.519,68.3357,9.4422,3.4175,0.1188,1,0.0822,1.2067,18.5935,INDIANB,2022-08-11,0,3.8702
6.3099,15,3.3264,0.8486,68.0671,12.0644,3.3252,0.1314,1,0.0575,1.323,20.7277,INDIANB,2022-08-25,0,-1.4132
5.1235,19,3.0769,0.9362,64.3465,15.673,1.9203,0.0257,1,0.0422,0.9878,4.5374,INDIANB,2023-06-30,1,45.2203
6.905,22,2.8849,0.8787,62.4183,13.6854,3.0565,0.0801,0,-0.0064,1.4999,48.8678,INDIANB,2023-11-13,0,-9.1867
7.6716,18,3.6953,0.4853,68.446,10.1651,3.383,0.0767,1,0.0165,1.2633,20.0104,INDIANB,2024-01-25,0,7.3482
6.22,6,2.7482,0.9125,64.914,11.0331,2.9878,0.0735,1,0.0181,1.1376,29.1705,INDIANB,2024-04-29,0,-7.6562
9.645,20,2.087,0.8946,66.6145,10.4475,3.953,0.1003,1,0.0095,1.192,36.5179,INDIANB,2024-05-21,0,-10.3769
6.8868,22,5.8495,0.8591,63.4888,28.1708,3.0582,0.0417,0,-0.0312,0.9865,1.1835,INDIANB,2024-10-28,0,-6.2844
8.9618,6,2.8934,0.7917,57.706,11.0044,3.6806,0.0047,0,-0.0276,0.9639,6.9605,INDIANB,2025-01-29,0,-10.2155
8.8535,2,2.7359,0.9384,62.4759,8.7247,3.3335,0.0764,1,0.0206,1.1596,-5.951,INDIANB,2025-04-16,0,13.8219
3.7172,59,2.0272,0.8599,68.3576,10.3191,1.7723,0.0653,1,0.0021,1.2096,23.1749,INDIANB,2025-09-10,0,20.5655
9.6453,2,2.408,0.7909,67.8609,11.1059,2.8432,0.0775,0,-0.0251,1.4232,28.5202,INDIANB,2026-01-22,0,-8.1726
2.1955,17,5.1368,0.8912,59.8931,9.1326,3.0699,0.0463,0,-0.0298,1.0,-5.1373,INDIGO,2016-11-09,0,-11.2516
6.3682,17,2.1086,0.7085,62.2763,8.4373,2.3654,0.0834,1,0.0344,1.1892,39.8011,INDIGO,2017-07-28,0,-6.8492
4.1012,51,2.5116,0.6199,58.9502,10.7214,2.8079,0.0479,1,0.0607,0.925,5.2153,INDIGO,2018-01-24,0,-3.4769
4.9938,61,2.1307,0.5114,60.8774,8.8194,3.7733,0.0554,1,0.0017,0.9333,14.5058,INDIGO,2018-02-08,0,-0.6014
9.9765,3,6.8596,0.9106,61.9122,9.8645,3.851,0.0874,1,0.0074,1.1263,32.0726,INDIGO,2019-01-24,0,-7.3051
9.9755,5,2.8854,0.56,57.1335,10.0596,5.9058,0.0594,1,0.1154,0.862,-30.534,INDIGO,2020-06-03,0,-6.7317
14.4008,0,1.7389,0.906,65.5623,8.4289,5.803,0.1515,1,0.1079,0.929,-24.1994,INDIGO,2020-06-04,0,-15.0222
9.462,5,5.4159,0.821,60.2836,15.779,4.184,0.0328,1,0.0613,0.7905,-2.9639,INDIGO,2020-08-12,0,14.7894
6.6242,9,1.8941,0.9015,61.8576,8.8179,3.8817,0.09,1,0.0465,1.0664,42.3743,INDIGO,2020-11-05,0,6.075
7.6155,7,5.5565,0.9573,65.4532,16.4826,4.8455,0.1022,1,0.0061,1.0959,26.5387,INDIGO,2021-10-29,0,-1.8323
6.483,36,3.3829,0.937,64.7835,9.1534,2.5159,0.0476,1,0.0324,0.9931,11.8043,INDIGO,2022-11-23,0,-0.5165
5.3102,51,8.4389,0.8205,60.2711,9.6701,2.6709,0.052,1,0.0215,1.1514,30.2398,INDIGO,2024-03-11,0,7.7755
4.5456,6,2.2827,0.7611,69.1524,10.9601,2.3505,0.073,0,-0.0226,1.0892,9.5572,INDIGO,2024-12-24,0,-7.6491
10.3659,0,2.3297,0.3001,57.6314,10.125,4.7206,0.0077,0,-0.0228,0.8444,-20.0779,INDIGO,2026-04-08,0,-8.2999
4.4778,31,1.5929,0.8349,66.6479,8.3294,1.8257,0.0649,0,0.0,1.0,0.0,INDUSINDBK,2016-09-06,0,-6.7721
5.7479,300,1.5503,0.8564,64.2855,11.7157,1.9799,0.0744,1,0.0211,1.0694,12.169,INDUSINDBK,2018-04-23,0,2.4501
3.8592,327,3.3685,0.6867,62.0973,11.5775,2.3835,0.0523,1,0.0218,1.1286,17.9794,INDUSINDBK,2018-05-31,0,-0.4377
5.3782,63,3.9276,0.7852,62.7725,11.0338,2.0606,0.0349,1,0.041,0.8623,15.0077,INDUSINDBK,2019-03-12,0,6.202
7.6991,28,2.4701,0.8097,55.8626,17.7243,3.7963,0.0185,1,0.0144,0.8533,-0.8887,INDUSINDBK,2019-09-20,0,-8.2729
9.5048,19,2.0443,0.8652,67.7732,8.6336,2.9791,0.1064,1,0.0568,0.4968,24.2938,INDUSINDBK,2020-08-26,0,-2.4895
3.4366,66,2.309,0.942,61.3498,13.8792,2.1385,0.0275,1,0.063,0.8747,11.8736,INDUSINDBK,2021-09-14,0,6.0188
9.5818,16,2.7605,0.8752,63.5414,8.8435,3.6302,0.0755,1,0.0197,0.8701,-16.5761,INDUSINDBK,2022-02-02,0,-9.1714
4.2687,17,3.0327,0.8673,63.0689,8.3328,2.7295,0.081,0,-0.002,0.9057,20.3286,INDUSINDBK,2022-05-02,0,-12.0332
12.0876,0,5.797,0.7997,69.2703,10.6924,3.2433,0.0976,1,0.0345,1.1466,5.14,INDUSINDBK,2022-07-21,0,20.5279
8.5395,10,2.6953,0.9353,61.7928,12.6735,2.3513,0.0132,0,-0.0054,1.0695,2.3758,INDUSINDBK,2023-03-08,0,-7.7505
6.9223,71,2.2051,0.8649,65.1936,13.0406,2.1148,0.0327,1,0.038,0.8817,-8.2391,INDUSINDBK,2024-06-03,0,-6.4264
13.5661,0,2.428,0.8998,56.7758,8.5704,4.3047,-0.0896,1,0.0206,0.6167,-21.0842,INDUSINDBK,2025-04-16,0,-4.8525
4.7044,23,2.2203,0.8694,67.3686,8.5438,2.2885,0.0678,0,-0.009,1.2522,28.4421,INDUSINDBK,2026-02-26,0,-7.0306
6.3366,9,2.2213,0.8478,63.2036,9.1755,2.9863,0.0396,1,0.0141,1.0,0.0,INDUSTOWER,2016-09-21,0,-8.7659
8.9781,9,3.413,0.8072,69.7267,11.8042,2.34,0.0662,1,0.0356,0.8796,-4.2768,INDUSTOWER,2017-03-29,0,14.497
4.7992,43,1.9151,0.9155,66.0112,16.594,2.5052,0.0632,1,0.0129,1.0167,34.0211,INDUSTOWER,2017-07-03,0,-2.8914
10.873,0,3.0876,0.83,69.7095,8.4412,3.3342,0.1127,1,0.0153,1.0833,16.4295,INDUSTOWER,2017-10-12,0,-2.0853
8.2232,105,1.5436,0.8651,64.5593,8.5786,3.3603,0.0407,1,0.0215,0.8364,-8.1257,INDUSTOWER,2018-07-11,0,-9.0814
8.2805,21,4.5499,0.8804,66.3331,18.9111,4.6813,0.0845,1,0.0406,1.0133,42.2044,INDUSTOWER,2020-09-03,0,-16.25
8.115,6,2.6003,0.5859,69.6352,8.0821,4.0112,0.1843,1,0.0917,0.9042,27.1636,INDUSTOWER,2021-01-05,0,-7.2164
8.8411,16,5.2558,0.8892,69.5573,14.8214,3.1051,0.0729,1,0.0704,0.8099,-4.2591,INDUSTOWER,2021-09-07,0,9.0225
8.7429,5,6.268,0.6527,66.9032,15.7613,2.8272,0.0136,1,0.0318,0.8099,-22.6933,INDUSTOWER,2023-04-28,0,-9.7089
4.226,18,2.2455,0.9045,63.8357,10.5559,2.8709,0.0828,1,0.0515,0.8481,0.7636,INDUSTOWER,2023-07-17,0,-7.0638
3.9968,8,3.3798,0.7848,62.9332,12.1982,2.287,0.0449,1,0.0625,1.0967,7.2496,INDUSTOWER,2023-12-07,0,-7.7103
6.1616,13,3.9435,0.8855,66.4471,14.7875,2.59,0.0826,1,0.0695,1.0682,18.3691,INDUSTOWER,2023-12-14,0,-11.1503
9.485,17,2.8858,0.6979,66.1529,9.8232,4.0905,0.1361,1,0.0248,1.3027,23.5083,INDUSTOWER,2024-02-23,0,-6.0796
7.1311,36,3.3797,0.4007,59.0231,11.9486,3.5223,0.0262,1,0.0071,1.0004,7.0951,INDUSTOWER,2025-04-01,0,20.559
4.6339,31,2.1934,0.9108,62.9317,10.7106,2.2464,0.0372,1,0.0262,1.1433,12.9172,INDUSTOWER,2025-06-20,0,-1.1537
3.5674,9,1.9577,0.9352,66.2922,8.826,2.1461,0.0994,1,0.0216,1.0149,5.6283,INDUSTOWER,2025-12-05,0,-2.3345
6.0496,27,2.6201,0.7846,69.5185,10.25,2.4241,0.0867,1,0.0078,1.0024,25.2119,INDUSTOWER,2026-01-01,0,-7.6861
4.9089,17,1.8535,0.8711,62.6835,12.014,1.698,0.0125,1,0.0278,0.9026,1.4653,INFY,2017-05-25,0,-5.1125
4.4859,75,3.1203,0.7308,63.6577,14.4732,2.2625,0.0561,1,0.0119,0.9316,5.598,INFY,2017-08-17,0,-6.4152
5.0696,48,2.2415,0.7313,58.8261,11.2547,2.5484,0.0294,1,0.0193,1.2524,17.8686,INFY,2018-04-20,0,11.5994
4.6339,35,4.3663,0.8244,68.2822,12.0534,1.9257,0.0793,1,0.0226,1.0263,-2.9324,INFY,2020-01-13,0,-2.5911
5.2976,11,2.351,0.9183,64.8508,13.379,2.6812,0.0995,1,0.0842,1.217,-1.9605,INFY,2020-06-26,0,24.0366
5.0585,25,2.776,0.7041,64.5414,8.8521,2.3121,0.0615,1,0.0212,1.3435,47.0956,INFY,2020-09-14,0,19.4317
5.4734,70,1.9572,0.8839,65.8767,11.6622,2.4456,0.0521,1,0.071,1.0586,26.8375,INFY,2021-10-18,0,-4.9931
6.7643,4,1.8042,0.2617,56.5946,10.4499,2.4167,-0.0072,0,-0.0175,0.8664,-3.6469,INFY,2022-10-14,0,1.6473
3.6519,35,2.1188,0.9013,63.8959,11.0764,1.3997,0.0533,1,0.0422,0.8443,-15.2531,INFY,2023-06-30,0,-0.7369
3.8145,88,2.332,0.8077,62.5641,11.633,1.6061,0.052,1,0.0695,1.0298,12.0894,INFY,2023-12-14,0,4.9342
5.4578,108,3.5287,0.9161,64.4107,18.2023,2.2493,0.0916,1,0.0609,1.0848,13.8057,INFY,2024-01-12,0,-2.842
5.2358,44,2.6733,0.5625,59.4063,11.288,2.0155,0.0312,1,0.0352,0.9865,-4.588,INFY,2025-10-23,0,5.2004
5.2708,103,2.706,0.8966,65.9569,18.4496,1.865,0.0632,0,-0.0103,1.0631,19.734,INFY,2026-01-16,0,-6.5875
9.0943,11,2.268,0.8254,65.7648,11.3454,2.5895,0.0407,0,-0.0087,0.8979,-24.4111,INFY,2026-06-02,0,-7.0811
5.1712,6,3.935,0.8443,60.9803,14.9089,2.6503,0.0403,1,0.0319,0.8587,14.4695,INOXWIND,2017-01-19,0,-10.6767
9.7842,10,9.4974,0.7279,65.5247,23.9572,4.4959,0.0643,1,0.0323,0.5839,-12.1631,INOXWIND,2017-10-27,0,-4.5112
14.6996,0,6.9114,0.8459,69.3423,13.7325,4.9026,0.1033,1,0.0443,0.7102,-16.3124,INOXWIND,2018-07-27,0,-2.3947
6.2861,15,6.493,0.8313,64.5714,11.3378,3.4915,0.1277,1,0.0054,0.7812,-2.551,INOXWIND,2018-09-17,0,-11.6905
11.5138,0,4.7112,0.8191,63.4727,26.2589,5.8722,0.0802,1,0.0462,0.5939,-46.3873,INOXWIND,2019-11-25,0,-10.3947
10.0858,0,6.033,1.0,68.1198,13.2855,3.7743,0.1341,1,0.0605,1.1079,126.257,INOXWIND,2020-08-07,0,-6.6076
9.6262,10,2.6296,1.0,66.3604,12.7823,5.0368,0.124,1,0.0031,1.5198,112.0332,INOXWIND,2021-03-23,0,-11.8454
10.5517,0,4.7434,0.8924,68.176,26.3457,3.5605,0.0295,1,0.0511,1.3503,49.5114,INOXWIND,2021-10-11,0,-5.2364
7.8818,11,4.5825,0.8318,61.5291,18.4269,3.9569,0.0314,1,0.0244,0.7802,-19.7525,INOXWIND,2022-07-26,1,52.0244
9.5058,6,2.5072,0.8654,62.668,10.854,3.8851,0.0604,1,0.0137,0.6874,-11.7868,INOXWIND,2023-04-24,1,80.3812
10.8511,0,5.5648,0.6439,65.8074,12.71,3.9986,0.084,1,0.0098,2.0094,52.8203,INOXWIND,2023-10-17,1,105.4545
12.5207,0,3.7819,0.9423,67.5973,12.4142,6.3088,0.1662,0,-0.0076,1.9446,58.314,INOXWIND,2023-11-06,1,76.2818
9.398,8,9.6647,0.5706,63.2037,15.7237,4.038,0.0639,1,0.0585,1.1595,-0.224,INOXWIND,2024-07-04,0,-10.8658
5.5536,8,2.7841,0.6529,56.0446,10.9228,3.1809,0.0019,0,-0.0083,1.0,0.0,INTELLECT,2016-10-28,0,-9.8158
5.6405,3,2.6594,0.674,56.876,9.1193,3.1738,0.0436,1,0.0505,0.6957,-24.775,INTELLECT,2017-01-25,0,-8.7579
6.6191,13,2.8946,0.5578,60.629,8.6767,2.7713,-0.0037,1,0.0419,0.6598,-10.0402,INTELLECT,2017-04-05,0,-5.4237
5.7848,18,2.1446,0.468,69.7225,8.5003,3.0806,0.1012,1,0.0123,0.8913,8.6344,INTELLECT,2019-05-23,0,10.1839
6.8612,29,4.8566,0.8578,63.4817,21.1171,3.3229,0.0362,1,0.0264,2.1,68.0518,INTELLECT,2021-07-15,0,-6.859
9.9513,21,4.2763,0.8318,66.5453,11.8182,3.9932,0.1044,1,0.0147,0.8161,3.5154,INTELLECT,2021-11-10,0,-14.6863
12.3943,0,6.3295,0.8236,68.8272,8.3434,4.3803,0.1391,0,-0.0189,0.9757,24.2885,INTELLECT,2021-12-30,0,-13.0357
6.0127,25,2.6665,0.8999,64.9651,10.8433,3.3254,0.1103,1,0.0455,1.3779,40.2451,INTELLECT,2023-07-14,0,-9.4969
11.961,0,8.8558,0.9818,67.5259,30.0008,3.9603,0.1497,1,0.0334,1.4992,72.6945,INTELLECT,2023-07-28,0,-1.4323
9.3223,65,5.7244,0.7608,66.7356,11.0967,2.7353,0.0673,1,0.0277,1.1985,15.6083,INTELLECT,2023-11-30,0,22.546
9.548,2,3.4108,0.5963,63.2139,8.9763,3.6678,0.0166,1,0.0341,1.1849,9.7853,INTELLECT,2024-06-10,0,2.9315
10.1173,0,2.116,0.9341,56.0657,9.0411,3.5621,-0.0211,1,0.0021,1.3771,25.3061,INTELLECT,2025-09-10,0,-5.655
12.4024,0,10.3035,0.8791,69.6338,10.272,4.011,0.1387,1,0.0226,1.3299,6.4479,INTELLECT,2025-10-31,0,-9.4216
6.2039,74,3.4278,0.8333,57.0536,22.1813,3.6249,0.0176,0,-0.0188,1.0,-0.3731,IOB,2016-11-10,0,4.6992
7.0272,127,3.3986,0.4138,65.7173,8.7086,1.8956,0.0422,1,0.0505,0.9438,-5.1095,IOB,2017-01-25,0,-0.0388
3.0512,29,2.0281,0.7778,62.1342,8.7101,2.0482,0.0309,1,0.0419,1.0061,11.7647,IOB,2017-04-05,0,1.0565
4.6107,29,5.6725,0.463,56.2533,12.9919,3.0769,0.0077,1,0.0326,0.8611,-2.8037,IOB,2017-07-25,0,-8.1467
3.3234,8,3.6312,0.7333,55.073,18.8842,2.108,-0.0214,1,0.0205,0.7867,-25.2381,IOB,2017-09-12,0,-4.8739
5.8179,9,4.7145,0.4333,63.9508,8.8779,2.1956,0.0143,1,0.0182,0.827,-20.2614,IOB,2017-09-13,0,-8.5253
6.2368,26,4.3915,0.1667,64.7748,12.4556,2.6915,0.0161,1,0.0214,0.8712,6.8584,IOB,2018-01-05,0,-7.0782
7.1247,17,5.9542,0.0256,56.6984,12.7254,4.2904,0.0449,0,-0.0043,0.7531,-13.7255,IOB,2018-09-18,0,-9.4888
6.8096,16,3.5406,0.1538,56.279,10.6725,2.6455,-0.033,1,0.0072,0.7525,-3.5714,IOB,2019-06-28,0,-7.48
8.6831,20,3.564,0.7143,64.266,8.6725,2.9927,0.0227,1,0.0193,0.7635,4.5454,IOB,2019-07-04,0,-8.937
6.0661,34,3.6993,0.8333,64.3709,16.0872,2.8223,0.0416,1,0.0567,0.6862,-11.6379,IOB,2019-10-30,0,-1.9417
9.4487,10,3.0651,0.619,67.5685,20.1228,3.9823,0.1049,1,0.0173,0.9629,7.109,IOB,2019-12-26,0,-12.1186
9.8891,5,5.8003,0.7857,60.3701,18.1163,3.8634,-0.031,0,-0.098,1.0412,-23.1884,IOB,2020-04-20,1,37.8481
4.2735,16,2.2269,0.6667,62.2982,12.6186,2.43,0.0072,1,0.0465,1.0294,-16.3793,IOB,2020-11-05,0,1.4286
9.0135,12,3.4339,0.8235,66.1654,11.1073,3.178,0.0732,1,0.0727,0.8572,25.5319,IOB,2021-02-04,0,23.9583
6.2572,4,4.232,0.4545,61.0523,9.0504,3.8942,0.0487,1,0.0196,1.5559,51.7699,IOB,2021-05-19,0,10.7493
11.241,0,5.9662,0.7727,68.0086,19.8056,3.124,0.0271,1,0.0736,1.1169,43.5331,IOB,2021-09-16,0,-10.4104
9.5793,20,5.9537,0.4286,60.2899,28.714,3.3492,0.0492,0,-0.0247,1.1661,-15.7303,IOB,2021-11-24,0,-11.3043
6.2704,8,2.2911,0.6296,56.869,23.2997,3.1097,-0.0117,1,0.021,0.9445,-8.2324,IOB,2022-03-30,0,-6.0377
4.7519,27,5.1633,0.5417,57.1629,13.8697,2.6411,0.0361,1,0.0575,0.9515,-4.5455,IOB,2022-08-25,0,-2.8333
5.1242,34,2.7483,0.6111,64.7649,10.2038,3.0197,0.056,1,0.0469,0.9564,0.8197,IOB,2022-09-06,0,-4.6866
6.1977,38,4.0337,0.7576,65.8652,8.0605,2.3578,0.045,1,0.0491,0.7694,0.1945,IOB,2023-07-04,1,81.4313
7.2503,10,5.3359,0.8248,61.23,15.3468,3.2123,0.0462,1,0.0588,1.3874,8.2595,IOB,2024-07-15,0,-11.4516
12.8843,0,6.3525,0.8906,68.7709,8.1254,3.1588,0.0977,1,0.0297,0.7452,-16.9431,IOB,2025-06-02,0,-11.6863
3.6332,28,2.075,0.6962,67.151,8.5241,1.8684,0.0484,1,0.0354,1.3067,36.7835,IOC,2017-03-31,0,6.7976
6.1996,19,2.7801,0.8368,66.8628,12.0805,2.3049,0.0409,1,0.0355,0.912,7.4871,IOC,2017-10-26,0,-9.5611
5.8322,85,5.3372,0.7358,69.2305,10.6542,2.3055,0.0542,1,0.0518,1.0285,0.5556,IOC,2018-01-30,0,-8.1714
6.2302,112,2.8745,0.8457,69.4334,10.861,2.1608,0.0649,0,-0.0173,0.9334,1.1754,IOC,2018-03-12,0,-5.3868
7.6109,15,2.123,0.1493,57.0661,8.7455,3.6165,0.0161,1,0.0198,0.8768,-8.0604,IOC,2018-05-28,0,-5.3562
8.7729,12,1.8644,0.6935,56.7154,8.7431,4.0147,0.0022,1,0.0144,0.8981,-9.4676,IOC,2019-09-20,0,1.7844
6.5003,19,3.8058,0.8214,65.5434,9.8076,2.916,0.1088,1,0.1095,0.8742,-2.7287,IOC,2020-07-21,0,-9.8397
3.7241,45,1.9377,0.9206,58.1953,8.3161,2.1133,-0.0005,1,0.0428,1.0646,19.3079,IOC,2021-08-16,0,17.973
5.2111,55,1.9879,0.8846,65.6852,8.3106,2.1651,0.048,1,0.0661,1.0128,28.0044,IOC,2021-08-31,0,14.0405
3.0092,61,2.3993,0.8636,66.0759,13.3525,1.1498,0.0263,1,0.0235,1.1701,2.943,IOC,2023-04-27,0,9.9382
4.0475,33,2.9192,0.7206,60.275,10.7751,1.5464,0.0089,1,0.0155,1.0965,17.2307,IOC,2023-09-08,0,-5.6545
5.4688,68,4.1484,0.7843,58.8763,8.9849,1.9315,0.0182,0,-0.0297,1.0984,3.6426,IOC,2023-11-01,1,66.3084
8.049,37,2.584,0.869,61.859,17.5253,2.3429,0.0516,1,0.038,1.4418,22.0752,IOC,2024-06-03,0,-10.4068
7.9657,73,2.5575,0.9356,68.3034,9.9436,2.577,0.0943,1,0.0366,1.1301,5.7351,IOC,2024-07-25,0,-7.3736
3.2166,42,2.0369,0.677,60.4026,9.024,1.5221,0.0049,1,0.0038,1.0862,2.057,IOC,2025-09-11,0,12.1293
4.7403,27,1.9246,0.8525,63.5511,10.7628,1.9067,0.0391,1,0.0074,1.1644,21.2961,IOC,2025-12-31,0,-5.5144
6.6268,7,1.5392,0.8894,68.3635,13.009,3.1263,0.0,0,0.0,1.0,0.0,IPCALAB,2016-08-24,0,4.8411
5.4449,30,6.9873,0.558,57.4871,11.9757,3.1149,0.0113,1,0.0242,1.1793,2.5516,IPCALAB,2017-01-11,0,13.5135
4.1611,78,1.9549,0.7815,63.6455,8.3265,2.3626,0.0534,1,0.036,0.9346,1.8328,IPCALAB,2017-03-23,0,-0.2483
7.7252,23,5.9785,0.8522,68.88,8.2734,4.7824,0.0859,0,-0.01,1.3996,25.7453,IPCALAB,2018-02-09,0,14.6032
6.5113,20,2.0727,0.7474,61.5172,11.3777,3.1141,0.0402,1,0.0066,1.1842,8.4889,IPCALAB,2018-07-04,0,0.7052
8.6462,48,2.0017,0.6098,63.4662,8.91,3.2146,0.0374,0,-0.0154,1.1759,31.3053,IPCALAB,2019-02-18,0,12.1192
3.8752,25,1.6426,0.8356,69.674,14.0466,2.3936,0.0799,0,-0.0005,1.2538,22.9722,IPCALAB,2020-01-08,0,-3.3545
6.9847,12,5.9051,0.8453,67.3851,10.223,3.293,0.1201,1,0.0058,1.251,46.2843,IPCALAB,2020-02-12,0,-5.3019
5.8088,10,2.9886,0.8846,69.3019,16.0759,3.0159,0.1096,1,0.0791,1.729,18.0898,IPCALAB,2020-07-16,0,6.8903
6.7592,13,1.7206,0.802,62.9485,9.6537,4.1399,0.1282,1,0.0212,1.4128,38.2594,IPCALAB,2020-09-14,0,-3.1284
9.0774,21,7.3097,0.7228,68.9777,17.0327,3.2134,0.1314,1,0.0312,1.2102,44.1623,IPCALAB,2020-10-27,0,-11.7307
7.666,32,2.216,0.8641,68.0167,10.2256,2.8425,0.0627,1,0.0017,0.7385,-8.2992,IPCALAB,2021-04-07,0,2.3115
7.8028,35,3.3734,0.8146,69.7335,11.5862,3.3736,0.0991,1,0.0287,1.0496,23.2942,IPCALAB,2021-08-09,0,4.611
6.71,20,2.9688,0.9412,61.8482,11.7454,3.5458,0.051,1,0.01,0.9239,1.4063,IPCALAB,2022-03-29,0,-10.5395
4.4716,6,1.6488,0.9455,65.5767,12.7535,2.4475,0.1012,1,0.0705,0.9902,2.5514,IPCALAB,2022-08-04,0,-9.8332
3.5014,70,3.4128,0.7697,63.8541,10.1053,1.8055,0.0183,1,0.003,0.8685,-9.2847,IPCALAB,2022-12-21,0,-7.9176
3.834,139,1.5271,0.8044,55.9284,16.1303,2.1384,-0.0174,0,-0.0113,0.8673,-6.28,IPCALAB,2023-03-31,0,-3.1412
5.3002,142,2.1484,0.6995,65.5601,9.7043,2.1324,0.0108,1,0.0044,0.8784,-4.4474,IPCALAB,2023-04-06,0,-5.4685
7.429,11,2.7801,0.852,66.2711,8.429,2.0066,0.004,1,0.036,0.8658,-13.2293,IPCALAB,2023-06-06,0,-6.4037
4.4479,17,3.9286,0.7791,68.3965,8.9529,2.168,0.0824,1,0.0309,1.014,34.0848,IPCALAB,2023-09-15,0,19.4678
7.4713,41,8.3301,0.7998,68.4387,16.3013,2.4168,0.0949,0,-0.017,1.1121,35.9189,IPCALAB,2023-10-23,0,6.8151
6.9917,41,5.2993,0.931,67.0081,10.7394,3.0471,0.0796,1,0.0299,1.2044,34.3456,IPCALAB,2024-02-06,0,-6.5851
8.5772,23,3.7117,0.8999,67.2951,9.0756,3.1272,0.0809,1,0.0228,1.2,18.944,IPCALAB,2024-04-04,0,-3.0933
5.0182,32,1.5653,0.9152,67.9326,8.2355,2.7689,0.0924,0,-0.0013,1.0863,19.0224,IPCALAB,2024-10-08,0,-0.4233
9.8115,17,4.8678,0.6193,65.9615,20.2111,2.466,0.0272,1,0.0178,0.9602,1.7343,IPCALAB,2025-09-19,0,-7.5953
5.4413,17,2.8249,0.898,66.4228,13.127,2.8636,0.0866,1,0.0486,0.9773,10.3269,IRB,2017-03-15,0,-4.6363
5.4421,39,6.7465,0.2764,63.0378,8.9,3.4355,0.0583,1,0.0122,0.9795,33.8278,IRB,2017-04-18,0,-5.075
3.7386,13,1.9592,0.9318,60.7141,11.3273,2.3493,0.0234,1,0.0344,0.8678,-5.4849,IRB,2017-07-28,0,-6.7242
4.5402,12,1.6381,0.8036,56.4753,8.1583,2.5574,0.0242,1,0.018,0.8301,-11.9926,IRB,2017-09-14,0,-5.586
6.3005,22,9.0364,0.5358,56.3834,17.2482,3.8112,0.0312,0,-0.018,0.9135,-2.5315,IRB,2017-09-28,0,0.9888
8.0892,6,2.1431,0.8176,57.1479,9.8441,3.5363,-0.0042,1,0.0351,1.2926,82.6439,IRB,2020-10-22,0,-7.661
5.0607,29,4.2324,0.8047,58.3761,14.2506,3.1834,0.0165,1,0.0297,0.7233,-3.5913,IRB,2021-03-02,0,-7.3684
6.5554,31,5.5819,0.88,62.2687,16.0542,3.2304,0.0515,1,0.0547,0.7939,-3.1678,IRB,2021-05-31,1,40.0343
9.4039,5,3.2531,0.8732,67.4297,11.6199,3.9096,0.1235,1,0.057,1.511,73.7397,IRB,2021-09-29,0,24.198
4.5994,64,2.3384,0.6667,58.3913,11.0332,2.6619,0.0132,1,0.0039,0.8528,0.4611,IRB,2023-08-21,0,9.7398
5.5676,66,2.6473,0.6,62.0938,9.3093,2.6999,0.0358,1,0.0048,0.8733,2.5305,IRB,2023-08-23,0,7.1506
10.6412,0,5.89,0.5132,66.3298,8.7808,4.014,0.1587,1,0.0025,1.1694,24.1503,IRB,2023-10-18,1,31.0943
7.3001,7,3.8629,0.7411,62.2415,8.3275,2.8781,0.0482,1,0.058,1.3547,13.1073,IRB,2024-07-16,0,-11.5944
5.7329,63,7.4246,0.2167,57.138,12.2264,2.6926,0.0347,1,0.0262,0.8443,-9.1,IRB,2025-11-17,0,-8.0167
7.2304,13,4.8064,0.7846,65.1728,18.2206,3.6198,0.0671,0,-0.0993,1.1868,0.5506,IRB,2026-03-30,0,-7.4234
13.1055,0,2.7536,0.6552,63.2705,9.6093,3.0606,0.0,0,-0.0327,1.0,0.0,IRCON,2018-11-12,0,1.2052
5.4758,13,2.9532,0.7771,61.7904,12.0836,2.8143,0.0122,0,-0.0027,1.0,13.8664,IRCON,2019-02-28,0,-10.0642
4.9187,25,4.1639,0.9136,63.844,17.5723,2.0339,0.032,1,0.0144,0.8991,-5.4449,IRCON,2019-09-20,0,7.9054
6.9149,9,5.0402,0.7095,65.9917,8.5945,2.4422,0.0391,1,0.0241,1.0606,24.1903,IRCON,2020-01-02,0,12.8795
11.5299,0,6.5991,0.8376,66.8281,12.1397,5.4563,0.148,1,0.1056,1.4162,-12.4924,IRCON,2020-07-06,0,-17.1154
10.1376,0,4.6362,0.9379,63.0652,14.8123,3.3182,0.0467,1,0.0854,0.7123,-15.5046,IRCON,2020-11-10,0,0.1983
9.5039,3,9.8972,0.7192,66.0016,18.7765,3.302,0.051,1,0.0784,0.7381,16.6562,IRCON,2021-02-09,0,-4.2474
5.2297,12,4.1944,0.5472,65.8532,14.6232,2.204,0.0556,1,0.0141,0.9953,8.8317,IRCON,2021-05-10,0,-1.4462
8.224,19,1.9514,0.8437,69.966,8.4521,2.339,0.1119,1,0.071,0.9046,4.2227,IRCON,2021-10-18,0,-7.3926
4.4102,17,1.6956,0.8333,59.049,8.5668,1.8196,0.0034,1,0.049,0.9514,-7.044,IRCON,2022-04-05,0,-4.9645
5.9921,20,1.9877,0.7179,65.3657,11.3992,2.3015,0.0362,1,0.0374,0.9565,-1.7355,IRCON,2022-04-08,0,-7.2664
3.6714,22,3.4179,0.8519,69.6458,10.6785,1.3462,0.0384,1,0.0716,0.8908,-5.9107,IRCON,2022-08-02,0,2.0127
7.9394,51,3.4069,0.6333,67.4102,9.464,2.5453,0.0885,1,0.042,0.9719,8.2119,IRCON,2022-09-15,0,-9.4867
9.1392,67,4.8516,0.7887,69.9575,9.1198,3.249,0.1048,0,-0.0141,1.1039,12.338,IRCON,2022-10-10,0,24.7269
5.374,29,1.5209,0.8269,60.0143,11.4661,3.2207,0.0281,0,-0.0113,1.4259,1.7463,IRCON,2023-03-31,1,49.777
12.0081,0,5.2366,0.7831,67.6968,8.1693,4.2264,0.2605,1,0.0098,2.3552,86.2438,IRCON,2023-10-17,0,-16.2337
11.7728,0,2.9673,0.8466,68.2815,9.7871,4.6003,0.1622,1,0.0606,2.03,71.6245,IRCON,2024-01-03,0,6.1091
8.2918,6,3.1973,0.792,62.9698,8.8632,3.5352,0.0844,1,0.0096,1.3446,51.4714,IRCON,2024-04-24,0,-5.8531
10.3329,0,3.8217,0.921,63.428,9.5848,4.4086,0.1209,1,0.0554,0.7958,-18.7784,IRCON,2025-05-14,0,10.1824
8.9633,16,6.7666,0.7742,62.8189,11.2147,3.3129,0.0409,1,0.0069,1.1556,21.5725,IRCON,2025-09-15,0,-8.0704
9.9787,6,11.4659,0.6121,63.3055,14.2599,3.5748,0.0392,1,0.0117,0.811,1.8821,IRCON,2025-12-23,0,-8.0264
4.7227,29,4.3904,0.7913,67.5755,12.9802,2.033,0.0508,1,0.0252,1.0,0.0,IRCTC,2019-12-30,1,71.4492
4.0216,59,4.0798,0.5703,65.1294,13.1939,2.4081,0.0363,1,0.0214,0.9813,6.8336,IRCTC,2020-09-07,0,-8.1478
3.6089,104,7.7468,0.5517,66.1208,25.2425,1.7426,0.0194,1,0.0854,0.7488,-1.6997,IRCTC,2020-11-10,0,0.5007
4.4828,21,1.6152,0.7215,65.6439,9.8325,2.4503,0.0489,1,0.0727,0.8594,12.5524,IRCTC,2021-02-04,0,11.447
5.0875,5,2.0023,0.8313,68.1107,11.3063,2.7929,0.1259,1,0.0328,1.3349,29.7362,IRCTC,2021-07-05,1,71.9136
7.8061,19,2.987,0.8967,64.48,8.1615,2.669,0.0636,1,0.0427,1.738,50.2325,IRCTC,2022-01-14,0,-9.1709
7.3464,16,3.4072,0.9167,64.4939,15.2432,2.2333,0.0329,1,0.0632,0.7537,-16.806,IRCTC,2022-07-29,0,5.4417
3.3505,92,3.5452,0.9398,67.2851,11.5388,1.7831,0.0644,1,0.0467,0.8918,1.3481,IRCTC,2023-05-29,0,-0.982
5.6008,106,2.5755,0.7942,68.2052,11.7932,1.9211,0.0693,1,0.0342,0.9018,6.1,IRCTC,2023-06-16,0,-4.7213
5.0814,139,3.5602,0.9127,69.7211,12.4007,1.5893,0.0379,1,0.0139,0.9502,9.1691,IRCTC,2023-08-03,0,1.3724
6.7115,145,4.6121,0.4978,64.6605,8.0413,2.2442,0.039,1,0.0098,0.9555,15.6599,IRCTC,2023-08-11,0,1.8077
4.4396,155,2.1804,0.7853,67.8825,8.3308,2.495,0.0636,0,-0.0042,0.9987,12.114,IRCTC,2023-08-28,0,-1.5256
5.8983,43,1.9279,0.9348,61.9151,10.5983,3.0632,0.0326,1,0.0226,1.2375,43.2696,IRCTC,2024-04-01,0,0.9568
7.852,15,2.7414,0.8965,67.6326,9.2766,3.0294,0.1111,1,0.0069,1.4133,23.4146,IRCTC,2024-05-17,0,-6.5532
5.9392,23,2.0436,0.9345,62.3044,8.3925,1.7631,0.0191,1,0.0075,0.7991,-11.9411,IRCTC,2024-12-11,0,-6.1947
6.8638,59,1.9226,0.8792,60.4539,10.4856,2.996,0.0321,0,-0.013,0.903,-9.204,IRCTC,2025-01-31,0,-13.2904
4.1999,165,6.9346,0.7911,65.1419,15.8592,1.4954,0.017,1,0.0051,0.903,-1.8303,IRCTC,2025-12-26,0,-5.4711
4.3476,15,2.7698,0.7763,59.4335,9.3163,2.2983,0.0053,0,-0.0073,0.8835,-7.8976,IRCTC,2026-02-20,0,-8.7237
6.3599,5,4.0558,0.7023,64.7194,9.1501,2.5813,0.0904,1,0.0388,0.8166,-5.9729,IREDA,2025-06-09,0,-9.4311
5.616,20,3.3302,0.684,61.4595,10.6244,2.1358,0.0108,1,0.0069,0.9668,-4.0431,IREDA,2025-09-15,0,-2.3958
8.2748,10,3.4193,0.8728,62.9238,11.5202,2.6255,0.0249,1,0.0145,0.8447,-0.5696,IREDA,2026-01-02,0,-10.2393
7.1892,3,2.7479,0.6098,67.2064,11.9782,2.2059,0.0,1,0.0205,1.0,0.0,IRFC,2021-03-01,0,-8.2759
5.5087,8,3.138,0.9062,60.5785,23.0295,1.853,-0.0173,1,0.0141,1.0,0.0,IRFC,2021-05-10,0,5.6376
3.4165,155,2.4293,0.9412,65.505,16.2545,1.2206,0.0133,1,0.0427,0.9184,5.9767,IRFC,2022-01-14,0,-3.8831
5.7692,197,2.1325,0.6818,60.9638,8.1671,1.9537,0.0116,1,0.0015,1.0534,-7.2774,IRFC,2022-03-17,0,-7.18
2.2231,25,2.1955,0.7692,66.4301,8.392,1.0413,0.0284,1,0.0087,0.9861,8.7824,IRFC,2022-10-25,1,34.3244
9.7165,29,5.8584,0.7805,66.8922,11.8062,2.7556,0.0605,1,0.0137,1.4013,-4.8309,IRFC,2023-04-24,0,10.2178
8.0846,9,2.7104,0.8989,67.6332,8.2328,3.1364,0.0869,1,0.009,1.8021,90.307,IRFC,2024-04-26,0,-9.9597
5.8812,11,4.8075,0.756,67.3462,10.2771,2.6791,0.1129,1,0.0576,1.6927,18.7571,IRFC,2024-07-05,0,-3.8935
10.1249,0,3.038,0.8196,62.2004,8.1616,3.1031,0.0649,1,0.0053,0.8523,-18.3282,IRFC,2024-12-06,0,-6.8381
7.1234,136,6.1621,0.5984,63.6606,9.7632,2.3864,0.0189,1,0.0117,0.845,-2.0815,IRFC,2025-12-23,0,-5.0188
10.0637,0,2.1251,0.5004,65.3608,16.603,3.5297,0.0,0,-0.0032,1.0,0.0,ITCHOTELS,2025-03-19,0,-2.5751
10.1374,0,2.3975,0.8873,67.1264,8.0233,3.3639,0.1122,1,0.0393,1.0,0.0,ITCHOTELS,2025-05-22,0,4.0963
4.1494,8,1.8561,0.8909,69.564,10.0272,2.228,0.0,0,0.0,1.0,0.0,ITC,2016-08-02,0,-2.8731
3.4255,70,3.4634,0.2139,58.3002,12.7332,2.3174,0.002,0,-0.0306,1.0,0.0,ITC,2016-11-04,0,-7.9689
4.5536,21,4.4427,0.3678,69.7924,13.4214,2.193,0.0717,1,0.0526,1.0639,9.6491,ITC,2017-03-17,0,8.7682
4.3102,47,2.1716,0.8165,66.4429,9.7827,2.1534,0.0625,1,0.0336,1.1224,24.7694,ITC,2017-04-26,0,12.3052
5.1206,63,3.5235,0.3102,58.3203,8.3638,2.039,0.0312,1,0.0233,1.0595,15.9879,ITC,2017-05-19,0,11.902
7.5534,64,3.125,0.9111,69.7386,11.4183,2.2468,0.0907,1,0.0233,1.1399,25.0927,ITC,2017-05-22,0,8.3993
5.0042,11,2.3688,0.9273,69.1767,9.5397,1.7689,0.1017,1,0.004,1.1783,23.2816,ITC,2017-06-30,0,-6.8786
4.043,109,2.2091,0.7849,63.5173,9.8475,1.7713,0.0466,1,0.0407,0.8643,-0.0731,ITC,2018-01-18,0,-4.5616
5.3528,168,2.4892,0.6743,67.7158,8.9028,1.6291,0.0407,1,0.015,0.9943,8.4696,ITC,2018-04-18,0,-1.9946
6.4695,235,2.1667,0.7368,66.5186,10.5561,2.1078,0.0519,1,0.03,1.0374,8.1101,ITC,2018-07-23,0,6.2742
3.2487,115,2.0357,0.8602,67.8279,10.9578,1.668,0.0673,1,0.0437,1.012,6.9804,ITC,2019-04-12,0,-4.6574
5.2056,15,3.3433,0.467,60.0659,21.7126,2.3824,0.0017,1,0.0436,0.8805,-10.1542,ITC,2019-09-23,0,-3.5824
6.3845,25,2.2742,0.8442,62.8746,8.6179,2.1306,0.0247,1,0.0854,0.8255,-10.7357,ITC,2020-11-10,0,12.2021
10.095,0,2.2922,0.9058,67.4367,10.1243,3.2119,0.1026,1,0.0727,0.8819,34.6706,ITC,2021-02-04,0,-10.0409
4.2518,10,2.7286,0.7986,63.2038,10.2611,2.0659,0.037,0,-0.0121,0.9954,28.2049,ITC,2021-03-18,0,-5.1918
3.8795,46,3.2519,0.8967,60.1022,16.436,1.5649,0.0152,0,-0.0031,1.0515,2.9975,ITC,2021-05-14,0,1.5625
4.0413,95,2.4885,0.831,69.6639,11.4507,1.3788,0.0357,1,0.0156,0.9371,5.8311,ITC,2021-07-23,0,15.8879
5.2897,104,2.1382,0.8477,65.8808,10.8895,1.9247,0.0453,1,0.0333,0.9349,2.5578,ITC,2021-08-05,0,12.4072
5.0663,54,2.8649,0.8912,61.2735,10.1134,2.0558,0.0288,1,0.0084,0.9929,-6.4682,ITC,2022-02-01,0,-4.9565
2.642,142,2.3112,0.9151,63.2277,16.4856,1.2331,0.0217,1,0.0345,0.9233,-8.6051,ITC,2023-12-01,0,0.2066
3.1632,14,4.9964,0.0772,55.4128,16.4474,2.2403,-0.0208,1,0.0054,0.8626,0.116,ITC,2024-03-13,0,-0.5641
4.649,124,2.0618,0.7199,64.1869,10.5432,2.0832,0.0286,0,-0.0138,1.0125,-6.7707,ITC,2025-02-01,0,-7.6353
5.8806,30,1.8095,0.8933,69.1877,8.2419,1.9661,0.0537,1,0.0507,0.9581,-1.6224,ITC,2025-04-22,0,-3.524
6.299,59,1.5618,0.8992,62.7681,11.8634,1.6262,0.0292,1,0.0002,0.8296,-19.742,ITC,2026-04-29,0,-5.0466
10.4455,0,6.0354,0.2708,62.2217,11.2627,4.7044,0.0,0,0.0,1.0,0.0,ITI,2016-08-17,0,-12.5801
11.4988,0,5.5399,0.246,58.4181,13.6277,4.9637,-0.0001,1,0.0165,1.3802,87.6054,ITI,2017-12-20,0,-13.7655
9.7928,4,5.7177,0.49,58.8247,8.2749,5.2511,0.0139,1,0.0117,1.4798,62.7881,ITI,2018-01-02,0,-14.3166
11.5426,0,3.8056,0.3932,59.5884,8.1142,4.0017,0.0765,1,0.051,1.2071,11.3086,ITI,2019-04-09,0,-12.3103
11.0533,0,5.6647,0.7837,61.9374,15.7825,4.8316,0.0981,1,0.0565,1.2348,5.9684,ITI,2020-06-17,1,25.7228
5.1406,40,4.5783,0.5155,63.5476,8.0424,3.3017,0.0618,1,0.0977,1.1899,-1.0939,ITI,2020-12-07,0,-9.8557
7.398,90,11.1407,0.8156,64.6851,23.921,3.9101,0.0588,1,0.0667,0.7067,7.8188,ITI,2021-02-17,0,-13.9556
8.4945,11,2.7304,0.8571,67.8722,10.0211,3.428,0.1327,1,0.0577,0.8684,7.5795,ITI,2021-06-15,0,-4.5694
4.9391,17,7.8202,0.597,64.1113,16.4781,3.1928,0.0324,1,0.0491,0.9102,3.1056,ITI,2021-09-30,0,-6.517
9.2029,18,10.6991,0.7283,67.0146,16.2924,3.1991,0.0549,1,0.0363,1.1048,29.4713,ITI,2022-11-01,0,-7.7162
3.5899,42,4.5138,0.7767,64.3227,13.5473,2.1552,0.0417,1,0.0358,1.0039,24.3526,ITI,2023-07-27,1,131.7019
9.7895,14,8.101,0.6155,67.7055,13.9505,4.4521,0.1682,1,0.0625,2.4612,176.208,ITI,2023-12-07,0,3.5759
11.2272,0,9.4734,0.8223,55.6682,18.0327,4.7875,-0.0149,1,0.0074,0.9115,2.9471,ITI,2024-04-22,0,-3.4366
3.2565,8,6.1614,0.3582,62.0287,8.7586,3.9654,0.0564,1,0.0569,0.9074,1.2694,ITI,2024-07-12,0,-10.7074
11.0788,0,3.9927,0.5666,63.5406,8.0656,3.4258,0.0578,1,0.0069,1.1982,31.2513,ITI,2025-09-15,0,-3.7388
10.5771,0,4.1567,0.776,64.274,16.3021,4.2721,0.151,1,0.0361,0.4911,-43.6901,J&KBANK,2017-05-16,0,-4.1096
7.9263,25,2.542,0.6574,68.1076,9.5446,2.7722,0.0543,1,0.0117,0.8829,1.0533,J&KBANK,2018-01-02,0,-8.6104
7.0136,26,6.9691,0.337,61.0221,12.6589,3.3485,0.0306,1,0.0158,0.7878,-29.0235,J&KBANK,2019-01-15,0,-4.6222
6.3885,19,2.4789,0.675,66.9547,14.7835,2.7839,0.0872,1,0.0154,0.8277,-2.3283,J&KBANK,2019-03-05,0,23.1429
8.4036,14,3.2472,0.7123,58.4368,11.58,4.1286,-0.002,1,0.0428,0.5819,-17.8266,J&KBANK,2019-11-19,0,-11.5782
4.1071,14,2.3224,0.6071,58.6387,10.039,2.3771,0.0021,1,0.0225,0.7299,-22.818,J&KBANK,2020-01-16,0,-9.4551
6.0874,17,5.8964,0.75,60.8842,23.5584,2.9304,-0.0017,1,0.0731,0.8704,-10.3448,J&KBANK,2020-11-09,1,37.7987
7.0838,23,3.6882,0.8878,64.0033,14.8493,3.2564,0.0812,1,0.0422,1.0458,18.8051,J&KBANK,2023-06-30,1,75.7429
7.537,9,7.594,0.5785,57.7254,14.4042,4.2328,-0.0003,1,0.0368,0.7778,-11.3268,J&KBANK,2024-08-02,0,-5.1706
9.859,8,3.8165,0.6486,62.7576,8.8799,4.164,0.0323,0,-0.0333,0.7637,-7.915,J&KBANK,2024-11-07,0,-13.0713
6.6801,28,1.9244,0.9045,57.6771,8.8599,3.2468,0.0284,1,0.0106,1.0407,1.5733,J&KBANK,2025-04-03,0,-3.6069
5.5389,38,2.7941,0.9014,60.3238,10.7,2.5273,0.0501,1,0.0171,1.0635,5.7195,J&KBANK,2025-10-10,0,-6.139
6.4879,109,3.2519,0.5521,62.304,9.1026,2.7253,0.0404,0,-0.0251,0.968,5.9563,J&KBANK,2026-01-22,0,0.2094
3.1689,45,2.0557,0.5789,59.6041,13.1022,2.7583,0.0331,1,0.0583,1.3208,-4.9246,JBCHEPHARM,2017-02-02,0,-8.4758
3.2967,75,2.0398,0.6727,56.7717,13.9383,2.2245,-0.0005,1,0.0465,0.859,-4.2245,JBCHEPHARM,2017-03-20,0,-3.8304
3.7106,112,3.6412,0.5235,61.7062,9.5161,2.2003,0.0304,1,0.0301,0.8753,-1.6795,JBCHEPHARM,2017-05-15,0,-6.1973
5.1229,38,2.6075,0.6725,56.3599,9.44,2.6634,0.0192,1,0.0323,0.7816,-16.118,JBCHEPHARM,2017-10-27,0,12.3295
7.0359,43,2.1301,0.7735,68.7707,8.3435,2.9126,0.0779,1,0.0393,0.8137,-9.7264,JBCHEPHARM,2017-11-03,0,3.0206
5.9194,61,4.4468,0.5443,62.6179,13.8816,2.8221,0.0427,1,0.0158,1.2432,-7.3639,JBCHEPHARM,2019-01-15,0,-6.1203
9.7921,144,9.8995,0.5321,68.3083,11.2717,3.5548,0.0667,1,0.0204,1.0587,19.424,JBCHEPHARM,2019-05-22,0,3.6958
6.8435,41,3.1749,0.8252,65.696,13.5696,2.9971,0.0438,1,0.0726,1.2596,33.8073,JBCHEPHARM,2021-09-24,0,-7.9169
5.8076,31,4.1933,0.8402,61.4768,19.7096,2.9128,0.026,0,-0.0326,1.0162,-4.143,JBCHEPHARM,2021-12-23,0,-4.2931
5.6836,8,2.2805,0.8445,64.3111,10.0247,2.6384,0.0868,0,-0.0196,0.9235,3.9611,JBCHEPHARM,2022-01-27,0,-10.3868
2.6688,135,1.809,0.8574,64.4111,16.2434,2.5327,0.0287,1,0.0044,0.9905,-0.9299,JBCHEPHARM,2023-04-06,0,-3.7755
8.248,8,2.3963,0.6167,62.9406,8.9032,4.256,0.0596,1,0.0341,1.1409,11.4381,JBCHEPHARM,2024-06-10,0,-11.2799
3.4736,5,2.273,0.5236,60.8834,8.8986,2.2615,0.0596,1,0.0377,0.9482,0.6823,JBCHEPHARM,2025-06-11,0,-5.6217
4.9074,12,4.1312,0.7996,62.9272,15.3705,2.8816,0.0786,1,0.0262,0.925,3.9457,JBCHEPHARM,2025-06-20,0,-8.3083
5.4548,134,4.4999,0.7405,66.2473,11.1398,2.4845,0.0729,0,-0.0041,1.1122,20.2302,JBCHEPHARM,2026-02-16,0,-1.0126
6.3107,71,10.2332,0.1306,61.0809,12.2432,3.403,0.037,1,0.0235,1.0166,12.6772,JBMA,2017-06-14,0,-8.2453
6.1968,22,5.2719,0.581,55.9061,16.7209,4.3423,0.0095,1,0.0165,1.796,70.0319,JBMA,2017-12-20,0,-6.6134
7.6739,19,13.3575,0.4914,57.3221,12.7745,4.3234,0.0456,1,0.0175,0.9098,-16.2815,JBMA,2018-12-27,0,-12.1459
6.7874,19,5.0424,0.7707,67.9702,13.8017,3.5027,0.1041,1,0.0991,1.2024,27.868,JBMA,2020-11-18,0,-4.5177
7.7408,7,7.9091,0.502,65.0488,11.4886,3.5238,0.1214,1,0.0574,1.3693,25.5763,JBMA,2021-06-08,0,-4.7358
6.7754,6,3.2859,0.8305,60.9947,14.9019,2.7046,0.038,1,0.063,0.9533,18.9746,JBMA,2021-09-14,0,-9.0408
10.8938,0,10.9585,0.7035,65.7858,17.0108,4.4293,0.0901,1,0.0734,1.014,14.1233,JBMA,2021-09-23,1,111.2595
6.6642,35,8.0734,0.618,66.3824,20.8408,3.1136,0.073,1,0.0175,0.9609,9.6485,JBMA,2022-12-19,0,10.9273
14.9739,0,7.7539,0.8553,68.2783,12.1469,4.7841,0.1673,0,-0.0022,1.0582,19.0718,JBMA,2022-12-22,0,3.925
5.9156,13,2.7296,1.0,55.3917,13.2689,3.045,-0.0318,1,0.0052,1.5334,-7.7937,JBMA,2023-11-20,1,60.8457
8.8497,27,2.7143,1.0,67.0221,10.5923,3.3776,0.0763,1,0.0646,1.269,-4.7038,JBMA,2023-12-11,1,39.2077
6.9647,15,3.272,0.8757,59.8158,13.9654,3.1532,-0.0059,1,0.0181,1.3504,36.2792,JBMA,2024-04-29,0,-7.357
12.3003,0,6.1106,0.855,69.5449,8.9749,4.204,0.1549,1,0.026,1.5168,11.3905,JBMA,2024-05-27,0,-13.0766
8.3419,9,3.6276,0.6458,62.3159,10.4153,3.4453,0.1209,1,0.0573,1.3502,9.6019,JBMA,2024-07-01,0,-9.7747
3.6739,12,7.2407,0.3298,58.6814,9.1324,3.3778,0.0063,1,0.0291,0.9318,1.4413,JBMA,2024-09-12,0,-8.9314
5.6386,2,3.3512,0.4373,60.6264,8.0098,3.2659,0.0879,1,0.0388,0.892,-0.4266,JBMA,2025-06-09,0,-8.5512
3.9482,9,5.628,0.8509,58.7094,13.1358,2.2794,-0.0102,1,0.0001,0.8198,32.4654,JBMA,2025-07-24,0,-8.7988
9.0856,4,6.03,0.8409,66.7086,17.3916,3.125,0.052,1,0.0188,1.2019,35.5263,JINDALSAW,2017-06-16,0,9.4973
9.2984,20,5.6173,0.6646,67.6072,11.6697,3.714,0.0752,1,0.005,1.0628,-7.2448,JINDALSAW,2019-01-31,0,-15.4596
12.9888,0,11.5066,0.8819,68.8062,24.0618,3.7077,0.0731,1,0.0169,1.0069,21.9514,JINDALSAW,2020-01-01,0,-0.6721
11.5714,0,5.3865,0.7899,62.9366,12.4491,4.3813,0.0847,1,0.0489,0.8305,28.6728,JINDALSAW,2020-08-17,0,2.1935
5.5028,20,3.0899,0.5821,60.5984,8.3331,3.0915,0.025,1,0.086,0.9475,5.6654,JINDALSAW,2020-11-12,0,9.5568
11.4439,0,6.601,0.8431,67.7718,17.0127,3.9337,0.0971,1,0.0464,0.9762,33.3334,JINDALSAW,2021-02-25,0,-10.8208
9.4151,11,6.3315,0.6795,62.696,11.0009,4.5335,0.0711,1,0.0069,1.0702,2.1999,JINDALSAW,2021-04-29,1,66.6491
7.4724,27,3.4632,0.6291,58.1263,8.3001,3.271,0.01,1,0.0657,1.323,13.1772,JINDALSAW,2021-10-14,0,-9.4103
9.5869,11,5.8812,0.8049,66.6289,13.5187,3.0916,0.0856,1,0.0452,0.7575,-6.4892,JINDALSAW,2022-01-17,0,-8.193
8.921,2,3.5968,0.466,60.6857,8.3588,4.1228,0.1406,0,-0.0353,1.3566,34.9537,JINDALSAW,2023-01-27,1,25.8607
9.9413,11,2.3332,0.8081,63.5518,9.6292,3.1718,0.0186,1,0.0053,1.1907,11.6743,JINDALSAW,2024-12-06,0,-8.1927
7.196,7,3.3795,0.8924,58.6625,10.9008,2.614,-0.0164,1,0.0388,0.7211,-4.8252,JINDALSAW,2025-06-09,0,-6.6466
12.4466,0,11.181,0.513,67.1414,8.4789,3.0336,0.0534,1,0.0376,0.7323,8.8001,JINDALSAW,2025-06-10,0,-11.0511
9.7175,41,16.9473,0.8553,64.4498,32.4914,3.3326,0.0857,0,-0.0145,0.7701,-11.181,JINDALSAW,2026-01-19,0,-2.5475
10.2651,0,1.9483,0.8708,68.1523,8.4393,3.4517,0.2201,1,0.0394,1.5924,99.1748,JINDALSTEL,2017-04-06,0,-12.7293
9.8431,11,2.6044,0.9443,60.7154,9.4565,2.9379,0.0727,1,0.0433,0.9059,5.2471,JINDALSTEL,2022-01-13,0,-8.0097
7.3508,5,3.6913,0.9421,64.1501,16.7387,3.2121,0.127,0,-0.0048,1.5666,41.0779,JINDALSTEL,2022-12-27,0,-1.1304
4.5697,8,2.749,0.6803,59.4426,9.7091,2.8912,0.0675,0,-0.0327,1.5388,40.0691,JINDALSTEL,2023-02-01,0,-10.3526
8.0187,7,2.5628,0.7194,66.6534,12.2067,2.3381,0.0406,1,0.029,1.0403,-1.3988,JINDALSTEL,2023-06-19,0,21.8485
7.2059,24,2.6461,0.8278,63.2063,8.0298,3.2911,0.0832,1,0.0303,1.0521,12.6352,JINDALSTEL,2024-02-02,0,-9.2812
6.8416,11,2.2066,0.9566,65.842,10.2599,2.8759,0.1016,1,0.0267,1.0535,21.9037,JINDALSTEL,2024-03-01,0,-8.3458
5.8208,13,2.881,0.9075,67.4207,8.0924,2.9412,0.1207,0,-0.0034,1.374,32.8784,JINDALSTEL,2024-05-14,0,-0.9498
4.7823,30,2.2112,0.7766,63.4472,10.3043,2.3896,0.0382,1,0.0291,1.0631,8.0787,JINDALSTEL,2024-09-12,0,-4.3807
5.7311,63,2.272,0.9711,61.4712,12.0011,2.4968,0.0622,0,-0.0106,1.0774,15.5405,JINDALSTEL,2025-09-03,0,-3.2938
4.8643,144,3.4887,0.5044,60.4359,8.5319,2.1317,0.0179,1,0.0074,1.085,3.9007,JINDALSTEL,2025-12-31,0,-3.9011
8.5467,37,2.8593,0.7892,68.7158,10.0348,2.8733,0.0898,1,0.0628,1.0,0.0,JIOFIN,2023-12-05,0,-2.45
5.7635,14,2.4852,0.8549,68.6514,11.204,2.0274,0.0871,1,0.0518,1.0,8.7784,JIOFIN,2024-01-11,0,-6.3137
6.1765,68,3.473,0.8302,61.4123,19.4665,2.8984,0.0227,1,0.0329,0.9208,-9.8772,JIOFIN,2024-09-02,0,-6.1724
11.2244,0,4.0094,0.8558,68.5332,8.9223,3.0345,0.1245,1,0.0627,1.0831,-3.1078,JKCEMENT,2017-02-06,0,22.8727
5.6872,74,2.1427,0.3264,56.5099,11.356,3.4016,0.0068,0,-0.008,1.004,-0.4628,JKCEMENT,2019-02-15,1,33.8794
8.1592,12,3.3397,0.8894,67.1429,13.8357,3.2461,0.0932,1,0.0144,1.3333,29.9951,JKCEMENT,2019-09-20,0,-7.1844
2.9155,27,2.543,0.5568,62.1238,10.4088,2.3725,0.0445,1,0.034,1.1519,22.8257,JKCEMENT,2019-12-18,0,14.5712
6.1672,10,3.8723,0.859,61.2868,8.3448,3.3569,0.0875,1,0.0001,1.3231,-8.0985,JKCEMENT,2020-05-26,0,22.9648
4.1603,29,2.0525,0.8786,65.613,11.4663,2.5668,0.0611,0,-0.0279,1.1615,1.0544,JKCEMENT,2023-03-29,0,14.1745
4.0781,67,2.1635,0.9191,63.5153,9.8509,2.2701,0.054,1,0.0467,1.0475,6.8734,JKCEMENT,2023-05-29,0,3.4231
5.1729,34,3.4128,0.6698,62.6528,8.0416,2.3318,0.0282,1,0.0225,1.1603,19.0419,JKCEMENT,2023-08-09,0,-7.2724
9.2152,35,8.6069,0.8071,64.2499,18.1144,3.0815,0.0568,0,-0.0076,1.0542,-0.2128,JKCEMENT,2023-11-06,1,27.8284
8.699,22,3.4529,0.8977,64.7084,12.0289,2.3853,0.0899,1,0.0232,1.201,25.1739,JKCEMENT,2024-01-24,0,1.5198
8.8446,43,1.7443,0.8882,68.4261,8.4658,2.4798,0.0684,1,0.0314,0.9107,12.7626,JKCEMENT,2024-09-03,0,-6.0213
10.0503,0,3.4048,0.9426,65.9861,9.5269,2.7997,0.0449,0,-0.0149,1.0827,0.3404,JKCEMENT,2024-12-02,0,-0.4499
5.566,26,1.8077,0.7945,55.4415,8.8378,2.6056,0.0088,1,0.0112,0.8959,-17.1019,JKCEMENT,2026-01-05,0,-6.8677
8.1119,6,2.4369,0.774,57.5952,11.8521,2.6493,-0.0018,1,0.0123,1.3513,-7.477,JKTYRE,2017-01-10,0,-2.7217
7.7713,5,1.967,0.8023,55.0468,9.9339,2.941,-0.0159,1,0.0205,1.1846,-11.0367,JKTYRE,2017-09-12,0,-9.6068
7.4063,11,4.7525,0.1923,59.2518,12.5353,3.7455,0.0213,1,0.0198,1.088,-3.1978,JKTYRE,2017-09-20,0,-10.8607
8.26,6,2.2715,0.7923,65.782,8.8998,5.3187,0.1989,0,-0.0023,1.2062,29.1045,JKTYRE,2018-02-12,0,-18.146
10.5075,0,4.0226,0.7569,60.9128,14.5079,4.554,-0.0345,0,-0.073,0.7318,-17.1432,JKTYRE,2018-10-30,0,-11.4054
10.6758,0,3.1164,0.7426,64.0019,8.387,2.869,0.0235,1,0.041,0.8154,-9.0609,JKTYRE,2019-03-12,0,-10.7342
9.4694,5,4.0908,0.8362,68.6155,9.0184,3.3883,0.1064,1,0.0254,0.9523,5.3093,JKTYRE,2019-12-05,0,-6.6625
8.1917,19,7.2824,0.886,69.3071,12.5841,3.2767,0.1206,1,0.0255,1.0505,34.1391,JKTYRE,2021-08-03,0,-10.9686
7.3125,16,4.0086,0.7722,56.7291,19.1409,3.5664,0.0095,0,-0.02,0.9522,-9.5389,JKTYRE,2021-12-28,0,-8.2867
9.0568,5,4.8127,0.8313,56.6057,10.1332,3.8374,-0.0309,1,0.0029,0.787,-16.3185,JKTYRE,2022-03-28,0,0.8686
10.3999,0,8.7374,0.8873,66.0449,19.8954,3.5555,0.0539,0,-0.0321,0.9945,-4.0583,JKTYRE,2023-03-23,0,8.6407
7.2864,11,2.3446,0.8317,69.3046,8.8087,2.3147,0.0854,1,0.0196,1.0536,29.4307,JKTYRE,2023-06-26,0,23.5717
7.0038,22,4.0919,0.8452,61.8136,8.4885,3.6394,0.0654,1,0.0024,1.691,41.1954,JKTYRE,2023-09-22,1,37.9211
9.8444,27,6.5171,0.1317,58.1164,9.5598,3.8832,0.0079,1,0.0124,1.0496,6.927,JKTYRE,2024-05-22,0,-10.0563
7.6593,14,7.6527,0.8903,62.6766,17.5799,2.5754,0.0637,1,0.0533,0.9971,-7.9986,JKTYRE,2024-06-28,0,-3.4782
7.4495,13,3.1999,0.8978,66.1007,11.0864,2.6901,0.0416,1,0.0269,0.8291,9.3206,JKTYRE,2024-09-13,0,-9.4225
7.6889,9,4.9845,0.8277,64.5531,13.3604,2.7175,0.0269,0,-0.0162,1.1914,12.6484,JKTYRE,2025-09-02,0,1.9145
7.3434,20,6.1262,0.8102,65.93,11.4195,3.0726,0.1049,1,0.005,1.3553,48.0945,JKTYRE,2025-12-19,0,4.6143
10.0377,0,3.9791,0.9207,64.0139,16.968,3.9726,0.084,1,0.0053,1.0,0.0,JMFINANCIL,2016-10-03,0,-3.4331
6.5817,6,3.2423,0.8402,60.5266,15.6548,3.6645,0.0947,1,0.058,1.0401,12.0509,JMFINANCIL,2017-02-01,1,63.0625
8.3421,12,6.7035,0.8955,65.9995,9.3341,4.2233,0.1325,1,0.0356,1.305,54.1185,JMFINANCIL,2017-03-29,1,29.9046
8.7542,26,4.2906,0.6151,66.91,10.8926,3.9014,0.0874,1,0.0094,1.4262,25.3235,JMFINANCIL,2017-08-31,0,-1.8235
9.4475,12,2.9776,0.4882,56.6255,9.1364,4.3166,0.0096,1,0.0208,1.2096,29.6495,JMFINANCIL,2017-12-29,0,-3.3757
8.7677,9,2.1073,0.8017,63.7228,8.8645,3.4121,0.0166,1,0.0154,0.7369,20.5957,JMFINANCIL,2019-03-05,0,-8.6903
10.3837,0,2.441,0.6319,66.4348,10.9226,4.2892,0.1328,1,0.0436,0.8986,1.2484,JMFINANCIL,2019-09-23,0,-9.9077
10.0821,0,4.392,0.8102,64.1524,11.2987,3.6964,0.0968,1,0.0489,0.7831,29.3295,JMFINANCIL,2020-08-17,0,-11.3636
7.2791,8,3.8802,0.5489,62.2175,8.7192,5.0121,0.0943,1,0.0317,0.9215,23.247,JMFINANCIL,2021-03-09,0,-15.4292
4.6259,15,3.5306,0.748,58.4254,15.604,3.0697,-0.007,1,0.0298,0.923,-7.6123,JMFINANCIL,2021-05-21,0,12.2602
5.9605,18,2.4524,0.6931,58.9395,8.6927,3.0876,0.0116,1,0.0374,0.907,-8.3826,JMFINANCIL,2021-05-26,0,11.736
10.4859,0,2.3141,0.6216,57.936,9.6076,3.789,0.0112,0,-0.0023,0.7978,-13.2636,JMFINANCIL,2022-03-25,0,-3.3741
8.5987,15,8.9481,0.73,65.4678,18.3598,3.6588,0.1193,1,0.0083,0.8929,6.2753,JMFINANCIL,2022-04-28,0,-11.2293
8.7158,8,2.8002,0.5164,63.7402,8.7155,3.2047,0.0349,1,0.0082,0.9913,-4.1549,JMFINANCIL,2022-07-11,0,8.6957
5.582,43,4.5656,0.6304,62.3205,10.799,3.2401,0.0646,1,0.042,0.9984,3.8167,JMFINANCIL,2022-09-15,0,22.431
9.2888,48,2.3396,0.8587,66.4076,9.3935,4.0088,0.1083,1,0.0182,1.0711,11.6741,JMFINANCIL,2022-09-22,0,14.5164
3.8089,28,6.6371,0.5876,65.1671,11.4047,2.3996,0.0594,1,0.0334,1.028,31.1894,JMFINANCIL,2023-07-28,0,-4.8831
12.1232,0,3.228,0.9086,69.4425,14.6627,4.8366,0.1389,1,0.0003,1.1902,43.3324,JMFINANCIL,2023-09-01,0,-5.2286
9.4051,7,2.5042,0.642,68.2529,8.0987,4.2844,0.1766,1,0.0351,1.3364,16.48,JMFINANCIL,2024-01-19,0,-14.5766
7.465,3,6.4779,0.8199,61.7787,13.3525,3.3264,0.0343,1,0.0156,0.9379,-0.2245,JMFINANCIL,2024-04-30,0,-13.073
8.5429,7,1.5016,0.5299,55.4089,8.4551,4.7589,0.0141,0,-0.0228,0.8006,-7.8628,JMFINANCIL,2026-04-08,0,3.0103
7.3018,7,3.1515,0.7273,62.648,15.0106,4.6584,0.0272,1,0.013,0.9957,-22.6891,JPPOWER,2017-06-23,0,-4.6316
11.8108,0,5.035,0.6316,66.5948,12.0299,5.7414,0.0708,1,0.0163,1.3148,32.7731,JPPOWER,2017-12-28,0,-13.3728
8.1506,12,3.2339,1.0,64.0447,14.3771,4.1837,0.0666,1,0.0729,0.7735,0.7194,JPPOWER,2022-08-01,0,8.156
10.8982,0,3.8442,0.875,63.9967,18.2561,4.432,0.0885,1,0.0297,1.0386,29.6875,JPPOWER,2022-12-12,0,-17.2619
7.0271,4,2.2952,0.75,61.4506,10.3052,3.5138,0.0162,1,0.0418,0.8156,-24.8485,JPPOWER,2023-05-04,0,-1.6129
9.6779,7,2.8445,0.7962,57.8043,21.5686,5.0605,-0.0022,0,-0.0032,0.95,-21.2073,JPPOWER,2025-03-19,0,-6.6133
10.1612,0,3.6771,0.8308,63.4527,11.9503,3.7825,0.0937,1,0.0297,2.5965,75.2643,JSL,2017-01-18,1,76.0714
7.5796,21,2.5869,0.6311,62.456,10.6661,3.3827,0.0619,1,0.025,1.6489,41.8647,JSL,2017-07-10,0,-0.0641
12.4497,0,3.8965,0.7841,67.8447,11.4188,5.1524,0.1159,0,-0.0222,0.9488,-9.8168,JSL,2019-09-09,0,9.8854
6.2119,5,2.9323,0.8261,62.4611,8.7353,3.5616,0.0914,1,0.0575,0.9355,13.5303,JSL,2019-11-01,0,16.6212
6.8337,29,13.9505,0.7561,66.2185,16.0552,4.4643,0.0906,1,0.0146,1.2322,36.1983,JSL,2020-01-09,0,-10.9049
6.5865,12,4.6971,0.8848,67.9767,13.3786,3.444,0.1751,1,0.0537,1.2154,20.766,JSL,2021-06-10,0,-10.2161
8.5911,6,3.089,0.7756,68.4152,9.7713,3.7129,0.1811,1,0.0935,0.6383,-34.2684,JSL,2022-08-18,0,-4.0513
10.9206,0,1.8373,0.9327,66.6439,9.2642,3.662,0.0795,1,0.0073,1.5812,40.2899,JSL,2023-11-17,0,10.1321
10.3641,0,10.2986,0.6403,69.8502,18.35,4.4711,0.1294,1,0.0064,1.3317,34.4573,JSL,2024-05-31,0,-4.9323
9.5901,27,2.7761,0.8771,60.179,10.301,4.1127,0.0347,0,-0.0273,0.9913,-2.4755,JSL,2025-03-06,0,-9.4492
8.3632,26,10.5784,0.4188,60.2064,13.6017,3.4136,0.051,0,-0.0074,1.0,-14.1328,JSWCEMENT,2026-02-05,0,-5.9585
3.8617,27,2.9685,0.7742,68.9563,10.9039,2.2111,0.0,0,0.0,1.0,0.0,JSWDULUX,2016-08-30,0,-5.2786
7.7196,40,5.4527,0.8716,69.2008,8.5916,2.5367,0.0619,1,0.0583,0.8901,-9.6074,JSWDULUX,2017-02-02,1,32.7508
6.0306,77,3.5969,0.7129,63.3582,8.0528,3.3997,0.0711,0,-0.0159,0.9836,10.2917,JSWDULUX,2017-09-29,0,-9.0103
3.045,68,3.3336,0.1587,55.1445,10.6971,1.7985,0.0011,1,0.0353,0.9986,6.2004,JSWDULUX,2018-07-26,0,-5.1156
5.7773,28,2.1527,0.7748,62.2827,10.2422,2.7763,0.04,0,-0.0027,1.0985,12.3087,JSWDULUX,2019-02-28,0,-4.8328
4.8414,45,2.0669,0.2917,61.2928,8.5944,3.3541,0.0481,0,-0.0023,1.133,5.1753,JSWDULUX,2020-02-07,0,0.0113
5.9554,50,5.2416,0.8812,67.82,12.1866,3.1739,0.0715,1,0.0651,1.0517,-6.2979,JSWDULUX,2020-08-11,0,-0.9506
10.2354,0,1.6084,0.6489,67.0362,9.0798,2.7414,0.0534,1,0.0826,0.9018,18.4588,JSWDULUX,2020-11-27,0,3.0244
6.3399,9,2.4412,0.8075,66.9681,8.8288,3.1703,0.1097,1,0.0887,0.962,14.2429,JSWDULUX,2020-12-28,0,-4.5303
3.9629,50,6.3694,0.3015,64.5009,16.5003,2.5478,0.0342,0,-0.0137,1.1797,4.7126,JSWDULUX,2023-02-10,0,7.5465
8.0309,116,3.979,0.7528,68.3141,8.6857,2.5963,0.0697,1,0.0371,1.0817,14.7239,JSWDULUX,2023-05-23,0,14.8488
4.2407,42,2.9951,0.7253,69.211,9.0043,1.8449,0.0498,1,0.0625,0.9773,-3.0382,JSWDULUX,2023-12-07,0,0.6081
2.8317,23,2.731,0.7231,60.9964,11.4998,2.2391,0.0107,1,0.0168,0.8984,0.5647,JSWDULUX,2024-05-02,0,17.6251
4.3795,46,3.3879,0.6378,59.9029,9.6916,2.3822,0.051,1,0.0087,0.9544,-1.5098,JSWDULUX,2024-06-05,1,33.066
4.9786,10,2.315,0.8956,69.3589,8.8608,2.7268,0.1113,1,0.058,1.0331,19.9435,JSWDULUX,2024-07-16,1,39.0971
3.9799,19,2.5421,0.6288,59.0518,8.4939,3.3015,0.0577,1,0.066,0.916,1.4534,JSWDULUX,2025-05-16,0,-9.9557
5.7557,7,16.167,0.6994,58.5944,18.3341,3.4346,0.0062,1,0.0375,0.917,-0.1037,JSWDULUX,2025-06-27,0,4.7084
5.646,84,14.4081,0.4194,62.7411,18.6568,2.9939,0.0433,1,0.0176,1.0369,-4.1596,JSWDULUX,2025-12-02,0,-5.9276
9.6346,5,3.7932,0.7206,56.6027,8.3066,3.2389,-0.0265,0,-0.0275,1.0,-24.4186,JSWENERGY,2016-12-15,0,-11.8531
10.2731,0,3.9599,0.6957,64.6918,8.7494,3.4949,0.0957,1,0.0051,0.7987,-18.426,JSWENERGY,2017-01-06,0,2.1987
4.6971,67,4.0754,0.6613,57.4405,11.5995,2.649,0.0063,1,0.0154,1.0606,6.9237,JSWENERGY,2019-03-05,0,-2.1914
9.6247,84,1.5164,0.4531,66.4485,10.5766,3.6562,0.0985,1,0.0593,1.0705,4.0198,JSWENERGY,2019-04-01,0,-9.7709
8.9565,11,3.3807,0.9036,63.7067,13.0157,4.3571,0.0791,1,0.1089,0.7424,-33.432,JSWENERGY,2020-06-02,0,-5.3152
8.0046,7,10.1408,0.5678,61.2266,9.6302,3.6244,0.0517,1,0.0605,0.8313,6.9097,JSWENERGY,2020-08-07,0,23.8193
6.5943,32,1.9584,1.0,62.6927,9.2528,4.0939,0.0684,1,0.0081,1.3165,-15.6153,JSWENERGY,2022-02-10,0,-9.0473
10.7194,0,3.7321,0.6594,56.208,8.3623,4.3331,-0.0223,0,-0.0147,0.6846,-21.8267,JSWENERGY,2023-03-03,0,-7.5246
16.619,0,5.0708,0.8546,67.2052,10.9972,4.5688,0.0842,0,-0.0081,0.7479,-14.3516,JSWENERGY,2023-03-06,0,-14.9226
7.4474,37,4.3841,0.8621,62.7628,12.1697,3.272,0.0769,1,0.0318,0.9649,25.417,JSWENERGY,2023-06-21,1,43.9892
9.8773,44,2.7531,0.8333,67.3023,8.7008,3.6394,0.1181,1,0.0476,0.9623,30.0441,JSWENERGY,2023-07-03,1,49.6552
6.4156,10,4.3681,0.8848,65.2533,13.9026,2.9674,0.1167,1,0.0225,1.2744,42.4874,JSWENERGY,2023-08-09,0,18.3339
8.0512,14,2.2114,0.9294,62.8953,8.5018,2.9595,0.041,1,0.011,1.573,33.6156,JSWENERGY,2023-11-22,0,-3.3849
11.2344,0,1.9566,0.8507,64.5158,9.0228,3.246,0.0848,1,0.0657,1.5619,49.2943,JSWENERGY,2023-12-06,0,-7.7111
10.078,0,2.141,0.8377,64.9158,9.5607,3.4808,0.0978,1,0.0397,1.355,36.6518,JSWENERGY,2024-09-20,0,-8.9814
4.3226,47,2.2715,0.9239,59.3085,16.344,2.5514,0.0422,0,-0.0129,1.0094,-6.1408,JSWENERGY,2025-08-04,0,-7.8302
8.3694,11,1.6262,0.9476,60.2908,9.9969,2.3058,0.0089,1,0.0078,0.9433,-3.7023,JSWENERGY,2026-01-01,0,-4.1396
6.1117,20,6.5952,0.7795,63.9887,11.4122,3.4612,0.0695,0,-0.0708,1.0506,-1.7348,JSWENERGY,2026-03-12,0,1.0096
9.3824,5,3.1454,0.978,68.2578,10.5674,4.6203,0.0,0,-0.0076,1.0,0.0,JSWINFRA,2023-11-06,0,6.9959
9.0397,25,3.4306,0.7721,67.7174,10.7263,3.8181,0.07,1,0.0253,1.0,35.8392,JSWINFRA,2024-02-19,0,-3.5548
7.3238,13,5.3047,0.6812,59.1046,10.7087,3.3058,0.0111,1,0.0111,1.1921,28.7377,JSWINFRA,2024-09-11,0,-6.5992
5.456,23,2.1648,0.8176,64.2565,11.6919,2.1701,0.0305,1,0.0268,0.9433,8.708,JSWINFRA,2025-06-05,0,-3.2027
7.406,62,3.702,0.904,69.1847,8.9135,2.1394,0.0595,1,0.0139,1.098,15.1939,JSWINFRA,2025-09-16,0,-1.7851
6.5212,27,2.2375,0.7967,60.1376,10.8401,2.6816,0.033,1,0.0542,1.0501,20.9351,JSWSTEEL,2017-03-16,0,-3.4414
5.7887,45,1.7682,0.9128,62.9286,9.6407,2.5132,0.0578,1,0.0031,1.1107,13.2913,JSWSTEEL,2017-06-29,0,19.7955
8.7838,5,2.2596,0.764,66.8435,11.7833,3.3753,0.1063,1,0.0623,1.2292,10.6699,JSWSTEEL,2018-01-23,0,-1.5307
6.1567,11,1.6988,0.8061,67.9776,8.1927,3.6652,0.1241,1,0.0457,1.2645,22.5552,JSWSTEEL,2018-02-01,0,-3.6402
9.9773,2,1.9764,0.7009,67.2596,9.1165,2.6361,0.0728,1,0.0192,1.2013,33.3264,JSWSTEEL,2018-04-19,0,-2.9434
7.993,4,1.8416,0.9169,67.2317,9.3673,2.4692,0.0943,1,0.0435,1.0818,15.9616,JSWSTEEL,2018-08-24,0,5.1462
5.0967,30,1.9245,0.9186,63.5976,9.3179,2.9153,0.0785,1,0.0394,0.7738,3.4558,JSWSTEEL,2019-04-30,0,-10.2702
9.4677,17,2.328,0.9043,59.8908,13.0355,4.0439,0.0223,1,0.0144,0.848,-15.8454,JSWSTEEL,2019-09-20,0,-16.1257
7.0652,32,1.6364,0.9043,62.4812,12.3946,2.6892,0.083,1,0.0146,1.0359,30.3186,JSWSTEEL,2020-01-09,0,-7.5432
6.0764,6,1.6293,0.8812,69.2764,10.1145,3.2814,0.1306,1,0.0887,1.5154,38.7902,JSWSTEEL,2020-12-28,0,-4.9365
5.4059,78,1.8422,0.9184,64.0005,8.4874,2.4576,0.0474,1,0.0246,0.9104,3.3482,JSWSTEEL,2022-01-05,0,-8.5022
8.6083,7,3.5827,0.9029,61.2366,11.3903,2.5561,0.0311,1,0.0133,0.934,28.3501,JSWSTEEL,2022-10-27,0,9.0083
3.2922,25,2.8653,0.8752,63.7028,13.3286,2.0501,0.0772,0,-0.0048,1.2045,13.7303,JSWSTEEL,2022-12-27,0,-4.8476
5.8265,95,2.3969,0.9472,64.185,10.2689,2.0069,0.0275,1,0.0124,1.0467,-2.5869,JSWSTEEL,2023-04-11,0,-3.7971
7.4146,67,1.8503,0.883,67.0121,10.6998,2.6881,0.0691,1,0.0226,0.9793,13.3654,JSWSTEEL,2024-04-01,0,-4.0581
4.7086,106,3.6822,0.7171,63.535,9.5527,2.2523,0.0626,1,0.0397,1.0517,14.9476,JSWSTEEL,2024-09-20,0,-2.2307
6.0512,22,1.5698,0.8858,67.338,9.6933,2.548,0.0436,0,-0.0082,1.1048,-4.5313,JSWSTEEL,2025-02-07,0,3.2849
3.8634,63,1.8396,0.8765,64.5358,12.2301,2.267,0.0484,0,-0.0056,1.0487,16.3826,JSWSTEEL,2025-08-18,0,8.6944
3.6623,111,2.2531,0.9469,63.2635,9.2394,1.973,0.0625,1,0.0337,1.0758,20.3821,JSWSTEEL,2025-10-28,0,-4.6569
5.1307,6,2.1578,0.8239,64.9397,11.7932,2.2019,0.0671,0,-0.0284,1.1846,9.5768,JSWSTEEL,2026-01-27,0,-2.1315
8.5063,16,2.4273,0.9202,59.6666,15.353,2.7884,0.0266,1,0.0297,0.7798,-18.9434,JUBLFOOD,2017-01-18,0,18.2392
8.5065,26,1.8337,0.8459,65.7587,8.0891,3.294,0.0818,1,0.0583,0.7236,-5.4073,JUBLFOOD,2017-02-02,0,13.6125
6.5255,11,2.0677,0.8743,61.646,13.8879,2.474,0.0174,1,0.0129,1.0147,0.6548,JUBLFOOD,2017-07-03,1,30.9098
6.2145,6,1.5998,0.8481,68.0324,9.1306,2.788,0.1372,1,0.0129,1.229,37.4922,JUBLFOOD,2017-09-11,0,-10.0962
7.2335,23,1.8579,0.9044,64.1131,9.0388,3.1716,0.0886,0,-0.0056,1.2704,49.5923,JUBLFOOD,2017-10-05,0,9.3842
5.2542,17,2.15,0.7952,66.7874,10.6449,2.5538,0.098,1,0.0236,1.4978,43.8183,JUBLFOOD,2018-07-20,0,-0.5167
5.9304,22,2.4955,0.782,59.2271,13.1948,2.9523,0.0138,1,0.005,0.9186,-5.5359,JUBLFOOD,2019-01-31,0,-4.0221
7.1619,8,3.472,0.8928,68.8051,11.9764,2.23,0.1034,0,-0.0079,1.4166,47.3978,JUBLFOOD,2020-01-30,0,-3.5227
10.6965,0,3.8278,0.8639,67.0221,8.8546,3.7347,0.0842,1,0.0863,1.1628,47.2648,JUBLFOOD,2020-11-13,0,8.1306
5.515,16,4.4535,0.6914,63.4532,10.5328,3.1415,0.0779,1,0.0511,1.2481,34.8268,JUBLFOOD,2021-10-12,0,-7.3366
8.1731,53,4.4911,0.8901,67.9052,8.073,2.5418,0.0779,1,0.0311,0.8628,-4.7421,JUBLFOOD,2023-05-17,0,-1.2992
7.8851,130,3.6801,0.8299,69.3675,12.4884,2.2843,0.0913,1,0.0057,1.0721,20.17,JUBLFOOD,2023-09-05,0,-5.2133
4.2688,6,1.8882,0.8,64.0559,9.046,2.0849,0.0919,1,0.0167,1.3028,44.0471,JUBLFOOD,2024-09-10,0,-1.411
9.5037,4,7.5192,0.5403,60.2886,12.8694,3.256,0.002,0,-0.0433,1.2525,12.5315,JUBLFOOD,2024-11-12,0,11.5251
5.7179,144,8.1759,0.6765,57.187,20.0021,2.5864,0.0051,1,0.0231,0.8827,-13.1931,JUBLFOOD,2025-11-14,0,-7.0346
8.1217,3,1.5421,0.893,68.8409,9.2621,3.5394,0.1004,0,-0.0072,1.0873,17.089,JUBLINGREA,2022-10-06,0,-7.3961
7.9703,21,2.8388,0.8482,67.1626,9.2378,2.701,0.0673,1,0.0038,0.8936,20.5929,JUBLINGREA,2023-08-17,0,4.2826
9.7091,3,5.4717,0.6882,61.6794,10.2642,3.4315,0.0523,1,0.0228,0.9097,14.9457,JUBLINGREA,2024-04-04,0,0.1696
9.1641,28,5.2193,0.8919,65.2891,13.4001,3.6749,0.0659,1,0.0393,1.0802,30.9903,JUBLINGREA,2024-06-19,1,31.4067
9.8761,5,12.826,0.8032,67.9242,15.2259,3.6701,0.1275,1,0.0589,1.0588,25.1591,JUBLINGREA,2024-07-09,1,34.6135
11.5314,0,15.3644,0.8927,68.779,22.9709,4.1531,0.1618,1,0.0182,0.9341,13.7307,JUBLINGREA,2025-06-13,0,-2.2878
6.2415,13,3.1269,0.9113,62.9582,11.8498,3.1833,0.0491,1,0.0262,0.9888,-9.7974,JUBLINGREA,2025-11-17,0,-6.259
8.8544,27,6.0904,0.9245,61.1447,19.5375,3.2045,0.0325,1,0.0149,0.8877,-4.6604,JUBLPHARMA,2017-11-17,1,44.0668
9.8274,37,3.9179,0.7736,63.2324,9.0875,3.8385,0.074,0,-0.006,0.9051,-6.1489,JUBLPHARMA,2017-12-01,0,20.6078
3.4127,13,2.56,0.8636,57.073,14.6034,2.3617,0.0044,1,0.0154,1.0104,-9.6338,JUBLPHARMA,2019-01-22,0,3.0304
7.1809,12,2.6723,0.8828,62.437,8.7102,3.0217,0.067,1,0.0227,1.1575,26.9866,JUBLPHARMA,2019-12-16,0,-2.3728
8.6212,7,3.2507,0.6814,69.7804,9.4503,3.974,0.2348,1,0.0998,1.4974,47.1434,JUBLPHARMA,2020-07-20,0,1.0941
8.84,5,2.6033,0.7978,60.4349,8.2268,3.3895,0.0196,1,0.0369,1.4768,16.4317,JUBLPHARMA,2020-10-23,0,-12.0838
9.6446,8,5.3272,0.781,69.228,14.2393,3.0787,0.0974,1,0.0889,1.0696,6.9354,JUBLPHARMA,2020-12-02,0,-4.4345
10.7046,0,7.2674,0.6228,59.8463,10.5695,5.074,0.0006,0,-0.0335,1.2414,25.0583,JUBLPHARMA,2021-04-19,0,-0.8031
9.0057,7,2.1014,0.9117,69.5606,9.7746,3.4552,0.1608,1,0.0374,1.4322,30.5555,JUBLPHARMA,2021-05-26,0,-12.5704
10.5389,0,5.9585,0.8057,69.8892,9.5458,3.3071,0.1099,1,0.0162,0.8002,13.1619,JUBLPHARMA,2022-10-28,0,-0.616
5.7384,12,9.6051,0.5175,66.5176,8.0206,3.0999,0.1204,1,0.0315,0.9521,15.6982,JUBLPHARMA,2022-12-09,0,-9.3662
9.3181,51,8.0449,0.8489,69.1616,16.3295,3.2714,0.1036,1,0.0228,1.2975,48.2887,JUBLPHARMA,2024-04-04,0,0.7731
4.0005,12,10.1453,0.4863,57.3402,8.0338,3.5278,0.0395,1,0.0503,1.1552,31.7195,JUBLPHARMA,2024-07-19,1,64.5852
10.9543,0,6.2224,0.8423,59.4307,13.6683,5.5646,0.0054,0,-0.0032,1.2628,-9.7888,JUBLPHARMA,2025-02-05,0,-18.4724
8.8564,8,6.6922,0.7118,61.6754,11.1456,3.6923,0.0403,1,0.0106,0.9424,-12.7046,JUBLPHARMA,2025-04-03,0,-17.7183
5.9178,31,5.119,0.8772,62.3306,16.6655,3.5964,0.0679,0,-0.008,1.3003,37.7929,JUBLPHARMA,2025-07-30,0,-14.4074
13.849,0,12.4238,1.0,67.0304,30.6339,4.6807,0.0639,1,0.0134,0.8455,-5.036,JWL,2017-07-05,0,-21.5827
12.4232,0,6.7996,0.9756,69.912,27.8325,5.5932,0.1295,1,0.0054,0.7821,-8.9506,JWL,2018-09-17,0,-18.4591
12.6615,0,5.0694,0.75,65.1992,8.3096,6.6104,0.037,1,0.0279,1.2354,-18.2773,JWL,2019-05-31,0,-16.3351
10.3018,0,14.358,0.3409,58.6726,13.0391,6.25,-0.0022,0,-0.0212,0.7267,-15.5556,JWL,2019-09-12,0,-16.6013
19.696,0,5.8898,0.6923,68.6169,10.3581,6.2526,0.195,1,0.0428,0.9512,-5.6023,JWL,2019-11-19,0,-18.7135
10.0173,0,4.5397,0.6207,62.4462,8.1246,5.5901,0.0748,1,0.0245,0.9261,17.0909,JWL,2020-01-14,0,-16.4615
10.2577,0,2.6943,0.7692,61.2639,8.8352,5.6265,0.0792,1,0.0938,0.6961,-45.5927,JWL,2020-06-01,1,37.4864
9.265,5,1.8786,0.7273,62.5836,9.1789,4.7055,0.0371,1,0.0326,1.4272,38.864,JWL,2022-04-01,0,-6.2774
12.3099,0,7.7536,0.9254,69.8219,17.3524,4.424,0.1943,1,0.0648,1.6587,36.7647,JWL,2022-08-24,0,11.6829
9.8777,13,1.9756,1.0,59.5371,8.2434,3.3811,0.0241,1,0.0073,2.6361,87.1685,JWL,2023-11-17,0,-7.9567
10.034,0,9.0898,0.5466,66.6957,8.9089,4.0409,0.1378,1,0.0163,1.1995,32.6712,JWL,2024-04-25,0,24.3844
11.9703,0,1.5594,1.0,69.1835,10.0858,5.099,0.0,1,0.0075,1.0,0.0,JYOTICNC,2024-03-22,1,88.8788
9.4188,6,2.7603,0.8548,58.6249,9.5727,5.4233,0.0188,1,0.0234,1.7174,64.1375,JYOTICNC,2024-08-22,0,-11.3971
10.1874,0,12.1762,0.5257,60.1087,10.7574,3.9244,0.0371,1,0.0171,0.8827,-25.5922,JYOTICNC,2025-10-10,0,-1.7803
3.7472,32,3.0877,0.625,63.2777,10.5222,2.5511,0.0261,1,0.0354,0.8003,25.4165,KAJARIACER,2017-03-31,0,14.6921
8.9809,80,6.37,0.8408,69.571,18.7301,3.4379,0.0628,1,0.0054,1.1232,5.5149,KAJARIACER,2017-08-24,0,-1.4177
6.0655,74,1.7343,0.8798,59.8046,9.6857,2.4251,0.0429,1,0.0113,1.0084,4.7995,KAJARIACER,2018-01-03,0,-5.019
12.6838,0,5.0625,0.8886,66.3515,8.1294,3.4098,0.0544,1,0.0471,0.7509,-13.8173,KAJARIACER,2018-08-23,0,-10.3753
6.3645,59,2.8633,0.7739,64.7391,9.8682,2.2605,0.0439,0,-0.0005,0.9377,12.5909,KAJARIACER,2020-01-08,0,-3.775
3.7654,35,3.7004,0.6687,63.3313,8.0326,2.4212,0.043,1,0.0255,1.0669,12.98,KAJARIACER,2021-08-03,0,13.1811
6.222,44,2.4183,0.6165,60.9221,8.1259,3.4916,0.0502,1,0.0428,1.0087,8.6106,KAJARIACER,2021-08-16,0,11.7321
6.2316,5,3.5294,0.7424,65.9665,10.1116,3.0563,0.1435,1,0.0726,1.1333,37.2466,KAJARIACER,2021-09-24,0,-6.6908
10.3636,0,2.304,0.9284,67.3244,8.1265,2.8321,0.0785,0,-0.0189,1.2061,20.2911,KAJARIACER,2021-12-30,0,-1.8997
7.7464,8,3.2582,0.5972,66.6983,9.513,3.1401,0.0487,1,0.0074,0.8389,-8.5406,KAJARIACER,2022-07-08,0,15.9758
7.806,20,2.5541,0.8215,69.0716,10.2191,2.6501,0.1209,1,0.042,1.1541,23.4251,KAJARIACER,2022-09-15,0,-10.2788
6.3399,18,2.3259,0.9069,62.1273,20.1885,2.8769,-0.0049,1,0.0452,0.946,12.927,KAJARIACER,2022-11-25,0,-4.11
5.5749,42,1.6466,0.8848,64.6951,17.245,2.9137,0.0318,1,0.0064,0.9287,-5.8056,KAJARIACER,2023-04-10,0,12.1137
4.8543,24,3.2834,0.7054,66.684,11.943,2.6065,0.0675,1,0.0388,1.0573,22.8179,KAJARIACER,2023-07-12,0,3.767
9.5062,2,2.9239,0.7817,68.3905,10.3007,2.1856,0.0911,1,0.0768,0.9718,-1.1518,KAJARIACER,2023-12-19,0,-7.9148
7.723,22,3.3498,0.7462,57.6668,10.7502,4.7914,0.0516,0,-0.0831,0.9263,-8.7497,KAJARIACER,2026-04-01,0,16.0609
11.449,0,3.6811,0.8878,59.6613,12.0571,3.9425,0.0,1,0.0313,1.0,0.0,KALYANKJIL,2021-05-25,0,7.7029
10.854,0,3.5234,0.8269,64.5699,14.4864,3.0856,0.028,1,0.0692,1.0,25.7496,KALYANKJIL,2021-09-15,0,1.5724
9.2492,42,5.8441,0.46,68.3955,9.8035,3.3442,0.0588,1,0.0007,0.9675,13.7623,KALYANKJIL,2022-07-07,1,58.75
5.1208,25,3.5612,0.6518,67.5834,8.9268,2.3651,0.0543,1,0.036,1.0766,-5.3361,KALYANKJIL,2023-06-02,1,105.0459
8.0812,32,2.0683,0.8917,65.7884,11.9498,2.5261,0.0815,1,0.0332,1.0253,9.3333,KALYANKJIL,2023-06-13,1,112.6342
7.1421,37,3.0059,0.801,61.2142,11.8515,4.6058,0.0399,1,0.0421,1.1875,26.9271,KALYANKJIL,2024-06-18,1,63.1023
10.7658,0,1.5063,0.9306,69.7514,10.0406,3.5975,0.0997,1,0.004,1.8027,35.6823,KALYANKJIL,2024-12-09,0,-9.8072
7.8892,55,6.2825,0.5581,67.5018,9.4752,2.327,0.0534,1,0.0065,0.8888,2.3765,KALYANKJIL,2026-01-07,0,-8.1026
9.0805,17,3.4021,0.9406,60.384,9.0898,3.9228,0.0649,0,-0.0672,0.9924,-15.3288,KALYANKJIL,2026-04-06,0,-10.2126
13.8317,0,2.3366,0.9569,66.1177,8.4102,4.2123,0.128,0,-0.0228,0.937,-7.7154,KALYANKJIL,2026-04-08,0,-11.9037
3.621,28,1.511,0.8235,63.8052,8.6669,2.6965,0.0449,1,0.0367,1.2611,41.851,KARURVYSYA,2017-06-02,0,9.1748
7.4156,8,2.2276,0.7152,57.8584,10.7568,3.1285,0.0001,1,0.0165,0.8467,-2.1567,KARURVYSYA,2017-12-20,0,-4.5373
5.5169,7,1.808,0.5839,62.0209,8.8079,2.3772,0.0496,1,0.0355,0.9081,-9.9182,KARURVYSYA,2018-01-15,0,-8.0757
6.5084,33,3.9974,0.6968,66.8989,17.1236,2.8952,0.0525,1,0.0456,0.9428,8.4955,KARURVYSYA,2018-08-01,0,-7.2858
10.5447,0,2.1166,0.8609,67.6477,17.5862,3.5315,0.0766,1,0.0408,0.8992,7.5782,KARURVYSYA,2018-08-14,0,-9.4773
8.0663,15,1.7848,0.8375,62.78,10.0785,2.9278,0.0124,1,0.0533,0.9001,-5.2405,KARURVYSYA,2019-04-05,0,-7.2103
8.4555,63,3.912,0.809,69.0998,11.5553,2.8504,0.0921,1,0.037,0.7726,-8.1455,KARURVYSYA,2019-11-29,0,-10.4807
8.8734,5,3.1678,0.6078,62.6433,8.7919,3.3828,0.0453,1,0.013,1.3578,28.306,KARURVYSYA,2021-05-17,0,-13.3918
9.6826,4,4.1657,0.5753,64.0134,9.2567,2.6679,0.0141,1,0.0433,0.8608,16.4733,KARURVYSYA,2022-01-13,0,-7.7371
10.9906,0,2.3253,0.8571,64.9368,14.2178,3.9177,0.0495,0,-0.0152,1.0472,-0.1009,KARURVYSYA,2022-06-02,0,-13.71
6.4702,8,2.136,0.8276,61.0959,10.0033,2.5483,0.0482,1,0.0082,1.1256,0.5274,KARURVYSYA,2022-07-11,1,81.9441
7.1917,90,8.1277,0.7179,69.1704,16.5081,2.7606,0.0699,1,0.0311,1.048,-5.0181,KARURVYSYA,2023-05-17,0,18.3935
6.3949,38,3.2325,0.7241,64.54,12.5872,3.6668,0.047,1,0.0057,1.1618,37.3315,KARURVYSYA,2023-09-05,0,18.9748
5.4584,10,1.9549,0.6899,67.1373,8.2379,2.5235,0.0897,1,0.0675,1.2776,43.3265,KARURVYSYA,2024-01-15,0,-1.0343
7.8359,15,7.3122,0.5609,68.8398,13.9053,3.2752,0.1243,1,0.0149,1.3458,40.392,KARURVYSYA,2024-01-23,0,-4.9712
10.0179,0,5.3587,0.8294,64.8085,9.6281,4.3418,0.113,1,0.0341,1.2363,19.5,KARURVYSYA,2024-06-10,0,-11.1577
10.2862,0,5.1691,0.9071,67.3435,15.6613,2.8797,0.107,1,0.0297,0.9727,9.8551,KARURVYSYA,2025-06-02,0,9.3318
5.9509,30,7.179,0.602,68.2247,13.4628,2.3597,0.0642,1,0.0051,1.2509,22.6413,KARURVYSYA,2025-12-26,0,17.2456
5.9237,22,4.0526,0.622,64.6574,9.1491,2.9476,0.0461,1,0.0812,1.4669,46.917,KAYNES,2023-12-15,0,-3.8574
9.4647,10,1.703,0.809,65.9669,9.0316,3.4884,0.1125,1,0.0232,1.4585,29.4624,KAYNES,2024-01-24,0,-9.7966
7.5686,19,1.7342,0.8954,68.549,9.1353,4.4405,0.1175,1,0.0286,1.3525,26.392,KAYNES,2024-03-04,0,-13.1898
15.3972,0,6.9663,0.9983,69.8584,21.4184,4.1862,0.1445,1,0.0069,1.0706,15.6591,KAYNES,2024-05-17,0,-14.5594
9.1373,3,4.0539,0.8858,62.7151,15.3676,4.761,0.1097,0,-0.0226,2.1295,52.4096,KAYNES,2024-11-06,0,12.3011
9.0818,3,2.7368,0.9356,66.4199,14.2374,2.9405,0.0967,0,-0.0148,1.4144,11.494,KAYNES,2025-09-01,0,4.4421
3.9917,23,7.8946,0.5059,61.5338,10.7907,2.5962,0.0236,0,-0.0174,1.0,-4.464,KEC,2016-11-08,0,0.0
8.3714,25,4.9356,0.6586,69.7031,18.2057,4.209,0.0969,0,-0.0188,1.0,0.287,KEC,2016-11-10,0,-4.9161
9.2891,29,5.2714,0.5286,61.0508,8.1823,3.016,0.0565,1,0.0271,1.0458,8.1519,KEC,2017-01-13,1,48.6699
4.8915,6,2.8704,0.5726,59.8501,9.1142,3.441,0.0951,1,0.0358,1.2762,35.1373,KEC,2017-03-10,1,50.6059
8.9019,51,2.0133,0.8654,64.1554,9.4098,3.527,0.0672,1,0.022,1.1873,8.925,KEC,2017-11-24,0,5.4602
8.7844,5,2.9292,0.8472,64.3372,11.6442,5.1774,0.0821,0,-0.0065,1.2591,24.9078,KEC,2018-02-14,0,-0.1122
8.2872,30,1.5584,0.8515,63.5492,11.7563,3.7246,0.0585,1,0.0272,0.9921,6.8477,KEC,2019-05-24,0,-1.6108
7.112,17,4.4194,0.8519,66.8377,12.2367,3.5965,0.1133,1,0.0651,0.9106,65.2825,KEC,2020-08-11,0,8.9044
8.9726,10,4.521,0.7255,65.2547,8.3167,3.1597,0.0705,1,0.0441,0.9995,6.0588,KEC,2021-06-21,0,-7.3383
9.6224,12,6.0192,0.8625,67.1041,20.3041,4.1506,0.0882,0,-0.051,0.9755,-19.1668,KEC,2022-06-23,0,3.3184
7.143,6,6.6495,0.829,67.4862,23.2455,2.4339,0.0458,1,0.0535,0.9924,19.5691,KEC,2022-09-12,0,6.4588
8.5894,5,2.3287,0.8574,66.9654,8.5425,4.2117,0.1461,0,-0.0113,1.1211,26.4413,KEC,2023-01-09,0,-11.7882
9.4235,55,5.0674,0.9231,63.4313,18.815,2.7558,0.0627,1,0.0361,1.1608,4.1056,KEC,2023-05-02,0,-3.5513
6.7688,43,5.5821,0.4964,69.5602,10.5572,2.7479,0.082,1,0.0283,0.9193,-0.3938,KEC,2024-01-31,0,-1.3026
7.0182,12,6.9911,0.6076,60.7476,13.9653,3.259,0.0567,0,-0.0042,1.1871,29.1158,KEC,2024-05-15,0,-6.5708
10.0912,0,6.655,0.8062,65.4809,11.5135,3.9524,0.1084,1,0.0701,0.7589,-33.046,KEC,2025-05-15,0,5.8954
6.6046,9,2.7151,0.7478,60.1547,14.1388,2.8922,0.0088,0,-0.0162,1.1486,17.4981,KEC,2025-09-02,0,-3.9264
6.3971,6,5.5093,0.4523,58.4177,12.1261,2.6165,-0.0223,1,0.0122,0.8092,-6.8925,KEC,2025-12-22,0,-6.2084
4.9545,33,4.235,0.7405,65.124,11.9734,2.6693,0.0397,1,0.0183,1.0,0.0,KEI,2016-09-23,0,-9.7238
7.4209,47,2.925,0.7643,59.872,13.1992,4.1557,0.0577,0,-0.0209,1.0,0.0,KEI,2016-10-17,0,-7.8795
6.6283,61,3.7671,0.6552,58.4268,13.9267,3.4591,0.0572,0,-0.023,1.0,0.0,KEI,2016-11-07,0,-8.8572
9.976,62,7.7117,0.7194,66.6968,8.27,3.7898,0.1271,0,-0.0174,1.0,29.1267,KEI,2016-11-08,0,0.0
8.1367,13,4.2494,0.7088,67.559,11.1498,3.5953,0.1085,1,0.0051,1.1089,14.3734,KEI,2017-01-06,1,42.936
6.5274,17,4.0274,0.7279,66.1831,11.2994,3.7913,0.0781,1,0.0223,1.5672,53.8068,KEI,2017-11-27,0,1.099
8.8018,4,5.7503,0.3055,69.0979,18.1017,3.2757,0.1131,1,0.0304,1.5849,56.0568,KEI,2018-01-12,0,-10.5326
9.974,11,2.4293,0.967,62.9991,17.4433,3.158,0.0897,1,0.0144,1.1876,33.8894,KEI,2019-09-20,0,6.8363
8.8003,8,3.7098,0.8862,64.9975,8.0953,3.5311,0.091,1,0.0489,0.8013,25.3664,KEI,2020-08-17,0,-4.1303
7.2008,46,8.8264,0.5931,69.3532,8.1325,2.9198,0.1023,0,-0.0005,1.1243,67.1466,KEI,2021-03-17,0,-11.7046
9.2021,4,4.6015,0.8579,69.0641,10.4691,5.1887,0.2275,1,0.0265,1.3894,51.4361,KEI,2021-07-01,0,20.5533
6.8798,34,1.7302,0.7265,64.0856,8.6218,4.2645,0.0775,1,0.0555,1.3833,56.6667,KEI,2021-08-30,0,8.4897
9.2904,10,1.7389,0.6443,62.0456,17.9403,5.4518,0.0534,1,0.0015,1.3844,15.7511,KEI,2022-03-17,0,1.4044
7.0564,14,2.3588,0.8136,58.6608,12.1839,2.8476,0.0062,0,-0.01,1.1453,-3.5547,KEI,2023-01-19,0,1.0453
6.1012,20,3.1401,0.8971,61.8126,12.082,2.9958,0.07,1,0.0286,1.1004,30.0928,KEI,2024-03-04,0,-10.0345
9.1101,3,2.5805,0.8487,69.83,11.1473,4.8278,0.1616,1,0.0341,1.4157,37.8905,KEI,2024-06-10,0,-6.4903
10.1711,0,5.6884,0.7675,66.7215,12.4798,3.2441,0.0677,1,0.0213,1.2556,31.7498,KEI,2024-08-20,0,-10.259
9.9456,10,3.2332,0.721,63.2199,9.6884,3.2413,0.0435,0,-0.018,0.9833,1.26,KEI,2024-11-27,0,-2.3263
11.11,0,4.498,0.8044,61.8134,16.3377,3.6013,0.0575,0,-0.0278,1.113,0.8803,KEI,2025-01-23,0,-15.0758
4.7937,130,1.9698,0.9424,61.3958,13.026,2.5509,0.0393,1,0.005,1.1592,11.5468,KEI,2025-12-19,0,-0.782
9.8077,3,5.879,0.6786,65.8201,13.1512,3.6278,0.1142,1,0.0422,1.0,17.6611,KFINTECH,2023-06-30,0,23.6364
11.9393,0,7.4983,0.7987,63.9932,13.6457,4.8185,0.1665,1,0.0316,1.6132,50.5131,KFINTECH,2024-10-01,0,-13.4991
11.1392,0,2.6601,0.9294,65.5378,12.1617,6.0443,0.0,1,0.0449,1.0,0.0,KIMS,2021-08-17,0,-16.7958
9.0351,55,1.565,0.9202,68.9447,9.3369,2.9691,0.0971,1,0.0249,0.9798,8.2429,KIMS,2022-09-21,0,7.0568
5.6876,35,2.4627,0.6905,69.9523,8.2801,3.1532,0.1029,1,0.029,1.1765,17.9781,KIMS,2023-06-19,0,21.0408
6.2144,14,2.1077,0.9001,61.8151,11.7705,3.2663,0.0698,1,0.033,1.1404,11.6687,KIMS,2025-05-30,0,4.0882
6.5113,24,4.2353,0.9217,58.665,16.6646,3.4033,0.0185,1,0.0017,0.8268,-7.7532,KIMS,2026-02-09,0,1.6359
5.2259,32,4.4257,0.6206,69.683,9.0705,3.0021,0.0882,1,0.0424,1.0,0.0,KIRLOSENG,2016-09-07,0,5.6741
2.8278,137,11.3758,0.3532,60.4292,14.1686,2.4715,-0.0006,1,0.0224,0.8696,-2.2537,KIRLOSENG,2017-10-13,0,-5.3251
6.4819,7,1.7785,0.5508,58.6072,12.2576,3.5065,-0.0245,1,0.004,0.6395,-12.8269,KIRLOSENG,2019-03-01,0,-5.625
9.2897,8,3.0915,0.5312,66.8715,8.2643,3.4975,0.0187,1,0.0154,0.6386,-6.5459,KIRLOSENG,2019-03-05,0,-9.9523
8.8238,28,9.042,0.3042,61.35,25.1565,3.8127,0.0041,1,0.0311,0.712,-14.2492,KIRLOSENG,2019-05-20,0,0.113
6.8787,11,2.1404,0.8268,62.3651,15.2406,3.9327,0.038,0,-0.0179,0.9831,12.5074,KIRLOSENG,2019-09-11,0,-9.0746
10.3696,0,5.0169,0.6985,65.0289,12.3604,6.0739,0.0764,1,0.1025,0.9314,-15.788,KIRLOSENG,2020-06-23,0,1.2777
7.2768,7,11.8112,0.2743,55.4751,10.0381,3.8681,0.0327,1,0.1065,0.8326,-0.325,KIRLOSENG,2020-07-23,0,2.6137
6.4517,26,2.3441,0.6447,63.5678,11.2574,3.6015,0.0101,1,0.0991,0.7365,-0.3728,KIRLOSENG,2020-11-18,0,4.9208
9.6287,2,2.5668,0.8866,65.9903,9.7238,4.529,0.2133,1,0.0131,1.1458,76.0261,KIRLOSENG,2021-03-16,1,41.3559
7.9142,28,2.8393,0.5929,59.5061,9.1387,3.5526,0.0264,1,0.071,1.0743,-12.776,KIRLOSENG,2021-10-18,0,-9.3432
7.8904,33,2.6757,0.7172,61.3522,10.6393,3.8752,0.0513,0,-0.01,1.7415,16.7606,KIRLOSENG,2023-02-21,0,17.4691
6.7853,23,2.5379,0.6359,60.209,10.5931,4.146,0.0885,1,0.0417,1.3789,28.1193,KIRLOSENG,2023-05-11,0,-5.1639
7.9344,25,3.0437,0.8377,68.7531,9.7265,3.0805,0.1174,1,0.0277,1.3903,42.439,KIRLOSENG,2023-11-30,1,53.388
7.8121,5,2.1425,0.7753,64.4482,10.3729,4.0406,0.0794,1,0.0074,1.5278,56.5734,KIRLOSENG,2024-04-22,1,31.8083
6.4111,22,9.0333,0.7948,66.4266,23.7142,2.9191,0.0927,1,0.0167,0.8695,52.2428,KIRLOSENG,2025-07-10,0,-3.1769
8.3895,6,6.8892,0.7132,67.3347,10.4757,4.5985,0.1902,1,0.0028,1.3775,41.8449,KIRLOSENG,2025-12-16,0,-8.3145
3.9788,89,2.9616,0.7315,63.9632,8.9015,1.2412,0.0554,1,0.0188,1.153,28.4006,KOTAKBANK,2017-06-16,0,-3.0175
3.8891,237,2.2937,0.7784,65.0321,8.0547,1.3808,0.0318,1,0.0407,0.9773,3.9742,KOTAKBANK,2018-01-18,0,-1.6196
6.4866,18,2.8776,0.8895,62.7222,12.5568,2.3279,0.0497,1,0.0222,0.9209,-13.8805,KOTAKBANK,2018-11-29,0,0.5645
9.0147,24,8.5521,0.6095,67.0328,16.7218,2.9785,0.1052,1,0.012,0.9721,-2.4843,KOTAKBANK,2018-12-07,0,-2.2727
6.423,71,2.6108,0.5953,60.7978,14.1009,2.6764,0.0369,1,0.0144,1.2208,10.1226,KOTAKBANK,2019-09-20,0,9.4064
5.9488,74,2.772,0.1876,56.9888,11.592,2.5126,0.0181,0,-0.014,1.0622,9.936,KOTAKBANK,2020-01-31,0,-1.5699
5.423,23,1.5663,0.7846,57.3867,9.0453,3.1213,0.0578,1,0.1007,0.929,0.0253,KOTAKBANK,2020-07-28,0,-4.6744
6.1697,103,3.7319,0.8267,62.9507,8.6624,1.8857,0.0457,1,0.0679,0.8132,3.857,KOTAKBANK,2021-09-08,0,10.0285
5.686,15,1.5534,0.9063,64.1958,8.8755,2.242,0.0778,1,0.0935,1.0157,7.88,KOTAKBANK,2022-08-18,0,-4.4057
4.0988,24,2.5114,0.9497,65.7027,8.7187,1.6189,0.047,1,0.0437,0.944,18.2817,KOTAKBANK,2022-11-16,0,-5.0311
4.8338,55,2.2059,0.9209,68.3967,9.1436,1.5341,0.0323,1,0.0605,0.982,12.4526,KOTAKBANK,2023-07-20,0,-4.3237
3.131,146,1.5564,0.899,68.3472,18.3609,1.2958,0.0397,1,0.0553,0.8428,-7.6212,KOTAKBANK,2023-12-04,0,-0.4902
2.8634,77,1.6021,0.8282,62.0767,11.1504,1.2889,0.0171,1,0.0291,0.9272,18.2811,KOTAKBANK,2024-09-12,0,-0.2382
7.147,49,3.1458,0.8529,66.8591,19.76,2.5073,0.0856,0,-0.0245,1.1472,7.1947,KOTAKBANK,2025-01-20,0,5.0886
4.7158,60,1.9334,0.7397,61.9571,11.2023,1.8316,0.0464,1,0.0252,1.1566,13.8988,KOTAKBANK,2025-07-08,0,-8.5415
5.5775,30,1.5669,0.8988,61.3851,14.393,1.6132,0.0306,0,-0.0003,0.8979,-1.1306,KOTAKBANK,2025-10-01,0,3.2249
6.6147,48,10.6862,0.417,62.6847,13.9712,3.006,0.0183,1,0.0255,1.139,22.5829,KPIL,2017-07-11,0,5.622
6.1996,82,11.837,0.208,65.1922,16.7712,4.2245,0.094,1,0.0065,1.1855,9.7104,KPIL,2017-08-30,0,15.6938
6.6085,18,4.0261,0.6809,60.2824,11.7212,3.7961,0.0709,1,0.0047,1.3368,29.8914,KPIL,2021-04-08,0,-12.7613
6.834,23,2.4613,0.6937,67.4316,8.7226,2.9128,0.043,1,0.0582,0.9606,-0.7192,KPIL,2021-10-13,0,-8.56
6.8721,46,3.6624,0.6762,64.6254,8.1055,2.9267,0.0425,1,0.04,0.9891,2.1632,KPIL,2022-04-06,0,-11.8203
4.9638,71,10.0543,0.7173,67.3149,13.9243,2.5745,0.0784,1,0.0573,0.9636,3.4048,KPIL,2022-08-26,1,33.7662
4.3075,51,2.2735,0.8382,62.5205,8.8819,2.5725,0.0489,1,0.0476,0.9649,8.3886,KPIL,2023-07-03,0,4.554
8.0632,2,5.3034,0.2596,67.4011,8.2496,4.3732,0.144,1,0.0156,1.4899,80.841,KPIL,2024-04-30,0,-9.1047
9.532,44,3.2431,0.8703,65.1157,8.9036,3.1323,0.052,0,-0.0175,1.1391,26.8793,KPIL,2025-08-11,0,0.3922
3.7895,41,4.2489,0.7722,63.2834,8.9571,2.6148,0.0408,1,0.0166,1.298,6.8699,KPIL,2025-11-04,0,-8.8696
5.7897,17,2.172,0.8224,62.356,9.5929,2.998,0.04,0,-0.0018,0.894,-5.7188,KPIL,2026-02-23,0,-7.3393
11.505,0,4.9818,0.84,65.358,9.1017,4.943,0.1316,1,0.0943,1.4452,52.8097,KPITTECH,2020-12-18,1,33.7815
6.9152,4,3.8894,0.6662,62.1497,9.5706,3.0047,0.0624,1,0.0303,0.8189,-9.6692,KPITTECH,2022-07-20,0,23.8175
6.9059,3,3.3923,0.8977,67.9453,13.2196,3.8501,0.1711,1,0.0044,1.2867,46.6236,KPITTECH,2022-10-21,0,-6.9625
7.2428,12,4.8121,0.8199,60.3033,9.1002,3.6614,0.1169,0,-0.0347,1.5585,28.9419,KPITTECH,2023-03-17,0,-5.7007
7.5294,28,1.9038,0.9073,63.2884,10.5703,4.1608,0.0646,1,0.0197,1.3957,30.0414,KPITTECH,2023-08-04,0,-4.4234
8.6532,3,2.1469,0.6293,64.0635,8.1019,3.1237,0.0834,1,0.0048,1.2721,35.7828,KPITTECH,2023-08-23,0,-7.0856
10.031,0,3.0519,0.8287,64.863,8.7547,3.57,0.0724,1,0.0105,1.3109,11.4737,KPITTECH,2023-10-11,0,-10.3381
5.2011,13,3.2779,0.8686,65.3253,8.9701,2.2712,0.1036,1,0.026,0.8992,-0.0645,KPITTECH,2025-06-16,0,-8.1343
5.356,38,1.8021,0.934,66.7744,10.4755,2.1675,0.0464,1,0.0021,0.8958,2.8786,KPITTECH,2025-09-10,0,-5.1898
7.3184,43,1.792,0.9475,64.6327,10.1456,2.137,0.0522,1,0.0177,0.9263,-1.6473,KPITTECH,2025-09-17,0,-6.2592
7.191,57,3.4736,0.7611,59.0134,14.9964,3.7023,0.0267,1,0.0169,1.1346,6.6913,KPRMILL,2017-09-15,0,-9.0092
6.2038,81,3.197,0.8765,58.0556,23.8156,3.4143,0.0304,1,0.0225,0.9982,-4.2486,KPRMILL,2017-10-23,0,-13.3346
8.2565,9,2.6463,0.7997,57.604,14.92,4.2136,0.0057,1,0.0104,0.8279,-8.671,KPRMILL,2018-06-20,0,-8.6569
7.5685,19,8.2191,0.7433,63.2501,8.4457,3.3009,0.0547,1,0.0465,0.8377,0.6968,KPRMILL,2018-07-30,0,-4.3553
7.8159,33,2.7666,0.5949,65.1459,11.9834,3.4567,0.064,1,0.0472,0.8709,1.1248,KPRMILL,2018-08-20,0,-5.7713
6.6535,13,2.151,0.6725,66.7133,11.9213,2.5983,0.0785,1,0.0323,0.8328,2.6538,KPRMILL,2019-04-22,0,-3.5206
10.6419,0,4.5453,0.7055,65.1318,15.6517,4.3012,0.0507,1,0.0613,0.8151,44.7287,KPRMILL,2020-08-12,1,51.9489
8.5057,4,6.6479,0.2792,68.742,8.3436,4.6885,0.1717,1,0.0167,1.3068,46.7756,KPRMILL,2020-10-28,0,23.225
5.1315,21,3.3684,0.804,65.2605,11.8119,3.5926,0.0754,1,0.0205,1.3971,49.7487,KPRMILL,2021-03-01,1,54.3108
10.3916,0,2.5452,0.8853,63.8088,8.1613,4.8544,0.1503,1,0.0103,1.3885,62.0739,KPRMILL,2021-11-03,0,-6.242
7.2563,5,3.6524,0.8386,61.3499,17.3427,3.2028,0.0139,1,0.0303,0.8308,-12.6392,KPRMILL,2022-07-20,0,2.3447
5.6021,26,1.5626,0.6577,57.3955,12.6003,3.1268,0.0146,1,0.0364,0.8478,11.1152,KPRMILL,2022-11-18,0,-10.9578
5.9955,29,1.9491,0.9522,69.7281,10.2719,2.638,0.0722,0,-0.0148,0.9583,3.3056,KPRMILL,2023-02-08,0,-2.8613
7.8395,23,3.1762,0.8807,63.7178,12.4914,3.2223,0.0752,1,0.0124,1.0996,7.89,KPRMILL,2023-04-11,0,-9.2824
5.3123,25,4.0776,0.888,64.8341,13.922,2.3412,0.0464,1,0.0375,1.1273,17.6125,KPRMILL,2023-06-05,0,0.5912
5.2512,29,7.9737,0.9121,59.1192,9.9159,3.0145,0.0381,1,0.0167,1.1262,17.6625,KPRMILL,2023-08-10,0,14.3887
7.8589,34,4.085,0.6467,64.3044,8.3602,3.1014,0.0633,1,0.0004,1.1218,18.5526,KPRMILL,2023-08-18,0,9.8304
6.0934,6,1.778,0.7764,64.12,8.0236,3.5647,0.0758,1,0.003,1.0281,7.4845,KPRMILL,2024-03-26,0,-6.2419
8.5972,25,12.2711,0.8496,64.046,22.8832,4.1272,0.1062,1,0.0046,1.0904,18.3624,KPRMILL,2024-08-06,0,-13.2144
8.0202,12,9.6418,0.8229,67.6642,17.3345,2.9902,0.0811,1,0.0258,1.0622,16.9625,KPRMILL,2024-09-19,0,-7.0736
4.0198,20,2.6093,0.7009,56.9615,9.8171,3.5584,0.0237,1,0.0236,1.0898,38.7706,KPRMILL,2025-07-03,0,-2.8589
7.6138,12,4.0458,0.5662,65.2962,8.2712,3.0847,0.0131,1,0.0139,1.0806,-16.3311,KPRMILL,2025-09-16,0,-7.3912
7.9663,13,2.4411,0.7194,56.7905,9.6332,3.843,0.0431,1,0.0179,0.9143,-1.0217,KPRMILL,2025-11-11,0,-10.4331
12.3997,0,1.8769,0.7951,65.2251,9.1983,3.0803,0.0553,1,0.021,0.7921,6.8404,LALPATHLAB,2017-11-09,0,2.3872
3.545,29,2.7622,0.7745,64.8583,16.6368,2.2629,0.0426,1,0.0304,1.0215,10.7197,LALPATHLAB,2018-01-12,0,-6.32
5.6876,110,12.2432,0.5833,63.8051,41.2209,2.6187,0.0251,1,0.0353,0.9956,0.3448,LALPATHLAB,2018-05-15,0,6.3907
8.2232,13,6.9276,0.7348,64.3686,8.9633,3.6481,0.0446,1,0.0262,1.0904,6.9671,LALPATHLAB,2018-12-04,0,7.4594
7.0351,28,4.0621,0.6547,63.6467,8.5201,3.6447,0.073,0,-0.0404,1.0822,12.7659,LALPATHLAB,2019-08-16,0,23.7843
9.2581,4,1.8361,0.857,69.932,11.2107,2.67,0.0735,1,0.0146,1.5102,41.713,LALPATHLAB,2020-01-09,0,-3.3393
6.3639,21,2.1381,0.7631,64.7236,15.3161,2.9658,0.0888,1,0.1158,1.2269,1.8795,LALPATHLAB,2020-06-05,0,-8.3668
6.014,30,3.0821,0.8765,62.526,11.3441,3.235,0.039,1,0.0212,1.0703,24.595,LALPATHLAB,2020-09-14,0,-7.2774
7.6119,12,2.0388,0.7444,62.3195,12.161,3.6767,0.0699,1,0.0608,1.0026,34.7135,LALPATHLAB,2021-02-02,0,-6.4363
10.7847,0,6.4318,0.8655,67.2029,14.0311,4.386,0.1222,1,0.0667,1.0631,26.9387,LALPATHLAB,2021-02-17,0,-13.0764
8.8304,30,5.9398,0.7383,63.669,9.8589,3.4515,0.0574,0,-0.0442,1.2583,14.1763,LALPATHLAB,2021-11-29,0,-13.7931
4.7418,8,2.1769,0.7206,57.8815,8.9137,2.1264,0.0026,1,0.0177,0.7813,-21.6266,LALPATHLAB,2023-04-12,0,-0.0456
5.0159,28,3.7989,0.8915,67.5888,19.6828,2.3206,0.0782,1,0.0418,0.841,-10.1875,LALPATHLAB,2023-05-12,0,-5.0507
4.9838,54,4.9828,0.7917,68.3137,11.8211,2.209,0.0772,1,0.029,0.8814,12.5219,LALPATHLAB,2023-06-19,0,6.339
4.5747,38,4.5487,0.7796,59.5569,9.0079,2.2951,0.0082,1,0.027,1.0742,20.4152,LALPATHLAB,2023-09-14,0,2.2175
8.7091,16,5.5114,0.7788,64.9972,10.5348,3.1782,0.095,0,-0.0169,1.2595,23.6063,LALPATHLAB,2023-11-03,0,-3.3862
7.9691,14,5.2389,0.6285,64.3841,9.96,3.5008,0.1052,0,-0.0084,0.8405,-2.5321,LALPATHLAB,2024-05-13,1,29.5515
6.0696,11,2.327,0.8986,60.9609,9.6548,3.8244,0.0318,0,-0.0244,0.8286,-10.9721,LALPATHLAB,2025-04-09,0,4.4436
5.9946,17,2.7515,0.748,65.4309,12.5296,2.9283,0.0868,1,0.0178,1.2322,24.2646,LALPATHLAB,2025-09-19,0,-9.4058
4.8511,15,2.4281,0.7478,57.9775,9.0321,2.9196,0.0115,1,0.0236,1.1013,19.1329,LALPATHLAB,2025-11-03,0,-6.9504
15.8636,0,6.9897,0.7575,69.8115,14.346,4.3865,0.1307,1,0.049,1.0,-26.528,LATENTVIEW,2022-04-05,0,-13.6042
8.8637,26,2.5116,0.7755,65.5578,8.6533,3.3669,0.1011,1,0.0501,0.8852,-7.1807,LATENTVIEW,2022-09-09,0,-8.6859
5.6229,6,3.8881,0.7988,58.1449,10.7558,2.8156,0.014,1,0.0087,0.8199,9.1407,LATENTVIEW,2022-10-25,0,-4.4646
7.5974,13,3.133,0.8875,65.8028,9.2308,2.5215,0.0508,1,0.0318,1.0306,0.2912,LATENTVIEW,2023-06-21,0,14.6613
8.3815,20,4.5244,0.9396,67.4606,11.5827,3.0351,0.0908,1,0.0476,0.9462,4.2113,LATENTVIEW,2023-07-03,0,10.4642
6.9525,12,4.5211,0.7354,64.7881,10.0526,3.3182,0.1072,1,0.0225,0.9955,27.1388,LATENTVIEW,2023-08-09,0,3.8529
5.2162,28,4.4816,0.6055,57.9768,11.9601,3.5899,0.0278,1,0.0326,1.1443,11.4128,LATENTVIEW,2024-01-29,0,-0.0643
4.9077,8,2.1936,0.8978,62.3844,8.0701,2.9651,0.0771,1,0.0589,1.0345,4.2346,LATENTVIEW,2024-07-09,0,-6.9304
9.2627,55,8.0388,0.7291,65.7625,13.2508,3.0435,0.0546,0,-0.0346,0.9574,-2.1107,LATENTVIEW,2024-11-08,0,-9.9577
12.7108,0,9.1822,0.6997,68.0438,10.288,3.4907,0.0895,1,0.0572,0.8831,-15.0248,LATENTVIEW,2025-04-23,0,-5.024
4.4409,37,4.117,0.6548,62.8374,11.1846,2.9555,0.0348,1,0.0264,0.8065,6.0247,LATENTVIEW,2025-07-02,0,-3.88
5.382,50,4.8951,0.8858,64.6426,15.1377,3.0254,0.0615,1,0.0226,1.0679,9.9571,LATENTVIEW,2025-10-31,0,-1.38
8.5425,2,11.0805,0.6974,58.7925,15.5807,4.4572,0.1032,1,0.0121,1.1582,21.7205,LATENTVIEW,2025-12-08,0,-11.7816
4.5734,15,2.871,0.8753,65.2867,19.1342,2.1139,0.0,1,0.0572,1.0,0.0,LAURUSLABS,2017-02-03,0,-1.9784
7.2389,75,3.4268,0.7256,67.3987,10.8216,3.2149,0.059,1,0.0152,0.8595,3.7566,LAURUSLABS,2017-12-21,0,-8.9947
8.838,8,3.6216,0.5734,64.8547,11.411,2.995,0.0221,1,0.0298,0.8787,3.71,LAURUSLABS,2019-03-11,0,-0.1935
12.5158,0,8.0957,0.7475,69.3464,8.646,3.7921,0.0573,1,0.0431,0.8928,5.9871,LAURUSLABS,2019-03-14,0,-2.2164
8.0458,12,1.6332,0.6228,59.2973,8.3763,3.2583,0.0069,0,-0.0133,0.8865,7.509,LAURUSLABS,2019-07-12,0,-11.5343
6.5631,14,2.1883,0.6456,66.9344,11.2045,3.0018,0.1442,1,0.091,2.1072,53.3806,LAURUSLABS,2021-01-14,0,-8.5442
9.7508,68,3.343,0.7678,68.1534,9.0333,3.3427,0.1016,0,-0.0072,1.048,36.7303,LAURUSLABS,2021-04-06,1,69.1614
6.2713,42,7.267,0.8024,61.8996,18.2661,2.7977,0.0189,1,0.0177,0.6064,-22.6015,LAURUSLABS,2023-04-12,0,-14.1894
8.2926,28,2.7746,0.9405,69.9662,9.4442,3.0515,0.0906,1,0.0139,1.0642,26.3877,LAURUSLABS,2023-08-03,0,-2.6612
4.1602,14,1.7318,0.8785,63.2766,9.0596,2.1801,0.0266,1,0.0625,1.0159,14.4614,LAURUSLABS,2023-12-07,0,-8.1807
6.2289,21,2.3609,0.84,64.664,9.0857,2.5345,0.0525,1,0.0771,0.9511,1.9107,LAURUSLABS,2023-12-18,0,-10.2252
8.0649,25,4.3315,0.7002,68.1121,8.2424,3.098,0.0921,1,0.0664,1.005,4.1175,LAURUSLABS,2023-12-22,0,-13.8269
10.6211,0,4.0269,0.773,68.7379,9.4732,3.2933,0.1021,1,0.0202,0.9821,19.5082,LAURUSLABS,2024-04-03,0,-4.5865
5.0739,45,3.8217,0.7541,64.2083,10.3932,2.169,0.0431,1,0.0585,0.9552,11.9138,LAURUSLABS,2024-07-04,0,-5.1324
9.9619,10,1.8047,0.897,60.5237,9.7075,3.9545,0.0511,0,-0.0312,1.0386,14.372,LAURUSLABS,2024-10-28,0,14.9504
4.8971,25,1.9162,0.875,65.9133,8.9049,2.2374,0.0724,1,0.005,1.554,27.2814,LAURUSLABS,2025-12-19,0,1.421
6.9568,3,2.7899,0.9333,65.2814,10.9439,2.6446,0.1061,1,0.0004,1.3068,14.8597,LAURUSLABS,2026-05-04,0,16.0267
9.7299,24,1.9934,0.6866,66.8323,8.2291,3.8619,0.1187,1,0.0353,1.0,0.0,LEMONTREE,2018-07-26,0,-11.1453
5.2098,58,5.2165,0.3625,60.1864,10.7664,3.3406,0.0115,0,-0.0199,1.0795,-2.967,LEMONTREE,2018-11-14,0,-6.0417
9.3669,3,5.9588,0.3182,63.9798,18.1928,3.6049,0.0758,1,0.0243,1.0092,-4.774,LEMONTREE,2018-12-28,0,-10.7753
10.0384,0,4.925,0.8966,62.0298,9.4649,4.019,0.03,0,-0.0076,1.04,6.6368,LEMONTREE,2020-02-17,0,-7.161
9.3021,16,3.4801,1.0,68.6808,14.5049,3.5381,0.0843,1,0.0651,0.5214,22.9885,LEMONTREE,2020-08-11,0,-0.9009
9.3804,20,5.5864,1.0,69.5975,15.2105,3.4905,0.1125,1,0.0854,1.3384,30.6554,LEMONTREE,2020-11-10,0,20.4936
7.253,16,4.3193,0.6596,62.8993,9.3744,3.1592,0.0436,1,0.0801,1.0836,57.6577,LEMONTREE,2021-02-15,0,-11.9779
10.8364,0,4.0082,0.6709,64.6391,10.1942,4.8298,0.094,1,0.0702,0.9528,7.3439,LEMONTREE,2021-09-27,0,18.0158
7.6842,5,5.4792,0.487,63.554,11.6716,3.9093,0.086,0,-0.005,1.143,29.8246,LEMONTREE,2022-01-31,0,24.1966
4.984,20,2.533,0.7901,65.5609,9.6358,3.504,0.0768,1,0.0729,1.3301,21.3028,LEMONTREE,2022-08-01,0,22.3512
9.0959,24,5.5281,0.7094,68.3762,8.5969,4.1279,0.1272,1,0.0701,1.4539,6.4281,LEMONTREE,2022-08-05,1,27.0636
8.9777,2,3.741,0.8251,66.0966,10.8894,3.7944,0.1359,1,0.056,1.3895,55.3503,LEMONTREE,2022-11-30,0,-14.9417
5.8783,49,2.0124,0.9067,60.9707,9.8864,2.6814,0.0386,1,0.0113,0.8929,-19.1822,LEMONTREE,2023-04-17,0,13.0726
8.1601,51,3.1823,0.8,66.7073,9.3347,2.9493,0.0749,1,0.0063,0.9725,-11.9894,LEMONTREE,2023-04-19,0,8.2353
4.5022,49,4.5245,0.8515,65.5588,13.8277,1.9104,0.0377,1,0.0348,1.1836,25.9283,LEMONTREE,2023-08-01,0,15.8428
3.7865,11,2.1374,0.8283,58.8162,8.5505,2.2666,0.0286,1,0.0657,1.1227,31.1775,LEMONTREE,2023-12-06,0,-5.5472
7.4684,29,9.8709,0.6969,68.6762,17.3259,3.3115,0.1182,1,0.0699,1.2274,23.4316,LEMONTREE,2024-01-02,0,-3.5644
7.5873,7,3.8521,0.9375,63.9248,10.2275,2.7682,0.0582,1,0.009,1.03,22.4576,LEMONTREE,2024-04-26,0,-4.5256
5.8394,49,6.5753,0.8768,68.7543,18.1465,2.3454,0.0612,1,0.0252,0.9047,11.568,LEMONTREE,2025-07-08,0,-1.2591
8.3576,7,1.6661,0.6305,60.8214,8.7477,4.5149,0.0997,0,-0.0791,1.0,26.6883,LENSKART,2026-03-20,0,-4.5381
7.4071,19,1.8619,0.9258,64.7872,9.3487,4.3016,0.111,0,-0.0186,1.0,34.3022,LENSKART,2026-04-10,0,-8.5547
6.4675,25,2.4039,0.9536,62.1583,12.1811,3.5338,0.0831,0,-0.0029,1.0,0.0,LICHSGFIN,2016-10-18,0,-8.8699
4.7938,13,2.1026,0.8473,59.4203,8.8987,1.5872,0.0076,1,0.0271,0.7213,-12.05,LICHSGFIN,2018-01-08,0,-5.5073
8.347,21,1.6835,0.9287,63.0354,10.8723,2.8035,0.0343,0,-0.0387,0.853,-7.1026,LICHSGFIN,2018-03-26,0,-5.3381
8.6583,35,1.9364,0.8657,64.0861,13.1916,3.0318,0.062,1,0.0247,0.8898,7.1163,LICHSGFIN,2018-07-17,0,3.9511
6.8187,3,1.7455,0.8211,55.8373,11.8023,3.3672,-0.0139,1,0.053,0.7972,-24.6866,LICHSGFIN,2019-10-29,0,6.2105
6.5399,33,2.5388,0.6154,60.3999,8.2392,2.4968,0.0252,1,0.0588,0.7146,8.6744,LICHSGFIN,2020-08-19,0,2.2258
9.903,9,2.3698,0.9475,61.2355,11.7038,2.4826,-0.005,1,0.0704,0.8108,3.0255,LICHSGFIN,2021-09-07,0,-0.7521
11.7684,0,5.9337,0.6743,55.9736,19.8023,4.1256,0.0217,0,-0.0191,0.8696,-5.2547,LICHSGFIN,2022-01-28,0,-9.4568
8.7825,8,2.1136,0.9219,57.3632,8.3919,2.8149,0.0193,1,0.0326,0.8691,-7.239,LICHSGFIN,2022-04-01,0,-2.8405
4.7775,46,2.883,0.8856,69.2034,10.5445,1.9557,0.073,1,0.0334,0.9664,19.1155,LICHSGFIN,2023-07-28,0,-4.1751
9.4922,51,7.6788,0.8377,65.2294,16.2487,2.8386,0.0958,1,0.0197,0.9953,27.2632,LICHSGFIN,2023-08-04,0,6.6237
4.5559,44,2.0663,0.922,63.265,13.3979,2.0256,0.0381,1,0.0258,1.1895,26.9121,LICHSGFIN,2023-11-29,1,38.1982
6.6938,26,2.2092,0.866,64.0184,19.502,2.9376,0.0675,1,0.038,1.2744,16.611,LICHSGFIN,2024-06-03,0,-8.9725
5.5615,49,2.6728,0.9078,66.91,8.354,1.6886,0.0528,1,0.0085,1.0601,26.5998,LICHSGFIN,2025-07-16,0,-4.9014
4.9891,24,3.672,0.9184,67.8829,12.5828,1.4648,0.029,1,0.0215,1.0412,0.1072,LICHSGFIN,2025-09-18,0,-4.4789
8.1568,7,2.6682,0.8858,68.8829,8.0716,2.5368,0.1099,1,0.0117,1.0918,9.0373,LICHSGFIN,2026-05-06,0,-6.8235
6.1601,86,3.8695,0.1987,65.5884,8.9251,2.1244,0.0612,1,0.0098,0.9994,24.079,LICI,2023-08-11,0,-2.5977
3.6992,103,4.022,0.5645,66.5983,8.2273,1.762,0.0619,1,0.0066,0.9931,23.8867,LICI,2023-09-06,0,-5.4903
7.2381,23,5.3149,0.859,66.6155,11.0744,2.7343,0.0413,0,-0.0217,0.9296,-12.2986,LICI,2024-11-29,0,-6.565
2.6367,94,2.705,0.8905,61.3741,12.069,1.5984,0.0337,1,0.0236,1.1245,-1.4331,LICI,2025-11-03,0,-6.5292
3.034,97,5.3201,0.6941,59.7683,10.6554,1.9427,0.0374,1,0.0115,1.1206,-2.2237,LICI,2025-11-07,0,-6.7208
5.0302,29,6.0381,0.7929,66.5251,20.5304,2.8994,0.0384,0,-0.0002,1.0,0.0,LINDEINDIA,2016-10-24,0,-17.3947
6.7708,16,17.9328,0.1706,58.8785,12.8939,3.9009,0.0353,0,-0.0325,1.0,4.1909,LINDEINDIA,2016-12-21,0,3.5676
6.8736,16,7.0731,0.8628,69.949,12.9008,2.2271,0.097,1,0.0389,1.0356,7.682,LINDEINDIA,2017-03-08,0,8.6525
6.6397,6,3.4365,0.7279,66.7742,11.6245,2.8541,0.0995,1,0.0419,1.052,21.4937,LINDEINDIA,2017-04-05,0,1.9367
7.2992,65,1.9542,0.787,63.6381,10.8746,3.7749,0.0718,0,-0.0791,1.0052,-3.3593,LINDEINDIA,2018-10-24,1,59.6239
5.814,29,6.0647,0.7349,59.6824,17.7603,3.2578,0.0104,0,-0.0436,1.1778,6.4513,LINDEINDIA,2019-08-14,0,16.6455
9.3301,3,5.6051,0.5443,66.4472,16.1294,3.633,0.1067,1,0.0146,1.2821,39.8152,LINDEINDIA,2020-01-09,0,-0.7066
6.6029,17,4.6534,0.686,60.1344,10.2695,3.2807,0.0693,1,0.1089,1.0332,-24.9616,LINDEINDIA,2020-06-02,1,41.9617
9.9711,3,3.8326,0.8119,67.8975,8.7465,4.4094,0.1591,1,0.0966,1.3346,34.4575,LINDEINDIA,2020-11-17,0,-0.5265
5.4456,12,3.3786,0.5828,67.6515,8.4174,3.331,0.1056,1,0.0929,1.1925,48.5424,LINDEINDIA,2020-12-14,0,-2.3385
6.4519,17,2.5715,0.895,65.7864,10.1117,2.9036,0.0198,1,0.0265,1.5817,24.0333,LINDEINDIA,2021-07-01,0,-7.8688
4.9809,49,7.0579,0.7131,59.573,25.6727,2.3099,0.0106,1,0.0351,1.2253,-9.0572,LINDEINDIA,2024-01-19,1,30.9931
6.6322,82,4.8319,0.886,63.1486,12.6756,2.6755,0.0556,1,0.0215,0.7838,-0.9417,LINDEINDIA,2024-03-11,1,39.9983
5.6789,7,3.156,0.7609,60.3791,16.2799,2.5603,-0.0131,1,0.0167,1.277,-5.5021,LINDEINDIA,2024-09-10,0,-3.8044
9.9376,10,4.8917,0.8466,67.7567,15.6978,3.1392,0.0478,1,0.0269,1.2289,-1.7997,LINDEINDIA,2024-09-13,0,-7.7711
8.8495,3,3.2531,0.8454,66.9468,9.3773,3.3483,0.1002,1,0.0554,0.8605,13.975,LINDEINDIA,2025-05-14,0,-1.505
3.6537,128,8.9824,0.5119,59.9825,11.8418,2.1797,0.0321,0,-0.0066,0.8778,-4.3103,LINDEINDIA,2026-01-12,0,20.6863
5.4486,146,1.5842,0.8593,65.0204,9.3307,2.5858,0.0568,1,0.0017,0.9265,-0.3878,LINDEINDIA,2026-02-09,0,17.1103
6.4255,5,2.395,0.9411,68.9501,10.3315,3.3943,0.1394,0,-0.0708,1.1703,18.6484,LINDEINDIA,2026-03-12,0,0.6903
10.6535,0,3.8207,0.816,62.5189,13.1239,4.3334,0.1378,0,-0.0824,1.2943,27.4522,LINDEINDIA,2026-03-24,0,-1.3646
11.8354,0,4.7416,0.8146,67.3483,8.7139,3.9307,0.1023,1,0.0628,1.0,4.747,LLOYDSME,2023-12-05,0,-8.1746
6.0987,2,5.7049,0.7341,68.8359,9.8008,3.4443,0.0911,1,0.0585,1.1543,34.6127,LLOYDSME,2024-07-04,0,-10.3973
8.6638,21,3.7306,0.6656,62.7405,12.1622,3.8926,0.0768,1,0.051,1.1143,32.3269,LLOYDSME,2024-08-01,0,22.0958
9.2887,56,3.1765,0.8456,68.3566,8.2229,3.0798,0.1148,1,0.0397,1.2279,20.4998,LLOYDSME,2024-09-20,0,6.9074
10.2416,0,6.0686,0.7418,64.7666,11.5753,4.2173,0.0884,0,-0.0217,1.4156,49.6579,LLOYDSME,2024-11-29,0,20.3991
7.8026,24,3.3461,0.9248,56.9484,9.822,3.1966,0.0011,1,0.0133,1.0119,-0.2512,LLOYDSME,2025-10-09,0,-7.8548
9.5541,29,1.8935,0.912,59.527,8.1928,4.0193,0.0562,1,0.0501,0.9014,-6.172,LODHA,2022-12-02,0,-5.4433
6.5069,50,3.785,0.4597,57.3877,8.0273,2.1293,0.012,1,0.0226,0.857,-18.4247,LODHA,2025-10-31,0,-3.9408
3.9084,12,3.2839,0.7717,57.1568,11.5319,2.1996,-0.0173,1,0.0112,0.7967,-11.4204,LODHA,2026-01-05,0,-6.1925
9.2507,11,5.9956,0.6337,63.6812,18.3546,3.8893,0.0,0,0.0,1.0,0.0,LTFOODS,2016-08-22,0,-10.8669
8.7783,3,6.6321,0.7438,62.8498,9.0738,3.5643,0.0488,1,0.018,1.1708,8.5641,LTFOODS,2017-09-14,0,-13.5148
7.6504,10,1.8044,0.5538,57.6582,8.2336,3.4868,0.0364,1,0.0323,0.9434,-2.0957,LTFOODS,2017-10-27,0,-5.5165
8.7856,14,4.842,0.5081,69.5688,8.382,3.7544,0.1003,1,0.0379,0.9951,9.7233,LTFOODS,2017-11-02,0,-11.4217
8.756,5,2.7559,0.6849,62.0602,12.0175,4.1975,0.0594,0,-0.0143,1.439,35.2442,LTFOODS,2018-04-05,0,-8.4898
6.8203,17,5.4903,0.5636,58.2379,11.2495,3.0971,0.0533,1,0.0168,0.7645,-24.2738,LTFOODS,2019-01-02,0,-9.3471
13.297,0,4.8832,0.8913,68.6777,9.6527,4.5175,0.1943,1,0.0561,1.3594,1.6228,LTFOODS,2020-05-28,1,120.4239
7.7832,44,5.0307,0.8376,67.9268,19.426,3.6931,0.0578,1,0.0297,0.7977,13.2126,LTFOODS,2021-03-02,1,34.3501
6.6269,10,4.6564,0.8714,65.0776,21.0273,3.1416,0.0391,1,0.0328,1.2563,52.2191,LTFOODS,2021-07-05,0,-9.3915
9.9034,4,5.3282,0.8595,66.9456,13.6759,3.2136,0.0694,0,-0.0222,0.8666,-0.5679,LTFOODS,2021-12-13,0,-2.2306
9.6374,11,3.7466,0.9034,66.5524,10.6233,4.7052,0.1774,1,0.0655,1.4672,9.0558,LTFOODS,2022-08-23,0,19.331
6.9202,11,4.202,0.9185,62.3015,16.3502,3.5108,0.0498,1,0.0175,1.4443,40.6032,LTFOODS,2022-12-19,0,-11.9157
9.2552,10,6.5197,0.8526,63.3922,13.8622,3.6589,0.0498,1,0.0063,0.8674,-5.2632,LTFOODS,2023-04-19,1,25.4049
8.4553,17,2.8507,0.871,68.9268,9.7715,3.3747,0.1534,1,0.0413,1.0888,8.6026,LTFOODS,2023-06-07,1,28.0248
8.0444,3,6.9375,0.1412,67.6426,8.8237,4.0663,0.1736,1,0.0589,1.2029,47.6008,LTFOODS,2024-07-09,1,40.1973
8.0853,26,2.6036,0.8903,61.4955,11.7217,3.9563,0.0713,0,-0.014,1.0,0.0,LTF,2016-10-14,0,-1.896
8.9434,2,2.163,0.8855,67.6135,9.4276,2.7219,0.1428,1,0.058,1.2008,12.3841,LTF,2017-02-01,1,30.3884
9.418,15,1.7374,0.9167,61.21,10.959,2.4911,0.0243,1,0.0271,1.1237,-6.7478,LTF,2018-01-08,0,-8.858
7.6713,24,1.72,0.8889,64.2694,12.2352,2.8259,0.0489,0,-0.0143,0.8366,-3.8138,LTF,2018-04-05,0,-4.2646
11.3913,0,4.442,0.9393,65.8794,13.8554,3.6111,0.0629,1,0.03,0.9752,5.1692,LTF,2018-07-23,0,-1.1142
7.2521,2,3.2343,0.9249,57.1693,9.2084,3.3145,0.0524,1,0.009,0.819,-5.0805,LTF,2018-11-28,0,-7.6678
8.7857,2,2.3474,0.9595,67.3956,12.823,3.8936,0.1328,1,0.0462,0.8247,-11.9055,LTF,2019-11-25,0,6.0964
7.6744,13,2.4316,0.9238,58.1506,11.4945,2.9457,0.012,1,0.0457,1.1481,-3.0512,LTF,2021-05-28,0,-4.5363
8.6365,1,1.7794,0.8022,65.507,12.4612,3.5775,0.1846,1,0.0153,1.0154,9.6035,LTF,2022-04-21,0,-9.3425
7.6346,26,1.5634,0.7258,63.6323,9.4236,2.4461,0.0682,1,0.0822,1.0148,-6.8365,LTF,2022-08-11,0,-6.1588
7.1757,35,5.6682,0.5508,65.4761,13.3701,3.0555,0.1107,1,0.0575,1.1281,-1.4036,LTF,2022-08-25,0,-4.1358
7.0713,11,1.9941,0.8571,60.5151,8.1372,2.8277,0.0479,1,0.03,0.9384,21.0265,LTF,2022-11-03,0,4.6618
5.5988,26,3.3849,0.8878,69.2363,12.1531,2.5234,0.0929,1,0.0452,1.0334,22.567,LTF,2022-11-25,0,-0.8467
10.5626,0,1.6441,0.9367,60.3897,8.2946,2.3176,0.0225,1,0.0137,1.1164,-2.0109,LTF,2023-04-24,1,52.3468
6.2009,8,1.9828,0.7925,61.2662,8.4734,3.8187,0.0816,0,-0.0169,1.4169,21.2129,LTF,2023-11-03,0,5.1638
6.843,32,2.8384,0.8814,59.951,9.2584,3.5237,0.0412,1,0.0365,0.9708,5.5782,LTF,2024-06-07,0,1.5231
4.6083,13,2.7995,0.917,55.6419,10.8763,2.4887,0.0037,1,0.0291,0.968,5.3891,LTF,2024-09-12,0,-1.6898
7.5563,15,2.8626,0.9011,68.864,8.5292,2.428,0.1176,1,0.0268,1.2642,33.6726,LTF,2025-06-05,0,20.6915
4.1126,5,3.1129,0.8033,64.8306,8.4624,2.6023,0.1084,1,0.0021,1.3834,50.9815,LTF,2025-07-21,0,11.5278
3.9062,22,1.6695,0.9541,65.1459,8.6317,2.1579,0.0741,1,0.0074,1.486,45.9151,LTF,2025-12-31,0,-5.1369
5.2823,45,2.1503,0.7985,65.536,16.7437,1.4748,0.0137,0,-0.0022,1.0,0.0,LTM,2016-10-25,0,-6.125
3.6049,68,6.9844,0.9169,61.8054,18.0318,1.8454,0.0319,1,0.0356,1.0831,17.8275,LTM,2017-03-29,0,9.9859
2.8591,92,5.6903,0.5931,63.853,16.7517,1.8549,0.0331,1,0.019,1.0656,7.8077,LTM,2017-05-05,0,3.5978
8.4799,2,2.9895,0.7982,67.6974,11.235,2.702,0.0927,1,0.0355,1.0722,17.6574,LTM,2017-05-31,0,-4.7376
3.6948,86,2.0624,0.7369,67.2074,13.1043,2.3379,0.0494,0,-0.0159,1.0583,4.7481,LTM,2017-09-29,1,31.7954
6.0854,19,5.5547,0.608,69.9076,8.0953,2.463,0.0936,1,0.0215,1.5689,27.3564,LTM,2018-07-11,0,-4.9156
11.6172,0,1.7533,0.9141,63.5445,10.9156,3.725,0.0445,1,0.0241,1.062,-2.6362,LTM,2018-12-13,0,-2.3715
5.2003,21,2.5679,0.54,61.8709,8.1281,2.7518,0.0715,1,0.0128,1.0573,-2.8263,LTM,2019-02-05,0,-5.7421
6.3585,6,4.0172,0.7636,61.7377,17.6517,2.3968,0.0255,1,0.0483,0.9751,-8.6728,LTM,2019-10-18,0,-0.0678
11.8388,0,1.5621,0.6644,59.3168,11.5098,4.3762,-0.0184,1,0.0025,1.1218,-3.3991,LTM,2020-04-30,1,54.6705
8.5869,21,4.3979,0.8149,69.3066,11.0937,3.3827,0.1124,1,0.0212,1.4349,68.6091,LTM,2020-09-14,0,-7.5602
4.1818,17,3.0228,0.9384,64.9792,15.822,2.0514,0.0744,1,0.0236,0.9127,10.6447,LTM,2021-07-14,1,33.0285
6.0376,18,2.5192,0.9052,56.1558,10.7428,3.3858,0.0308,1,0.0157,0.6729,-34.0309,LTM,2022-07-18,0,9.6463
6.8296,41,2.7333,0.8827,68.0328,8.6214,2.234,0.0921,1,0.0431,1.055,27.2309,LTM,2022-11-11,0,-4.8847
4.9629,17,2.4095,0.7914,60.7065,8.9292,2.4091,0.0013,0,-0.0085,0.9197,-1.8928,LTM,2023-01-24,0,1.6331
7.256,23,2.0,0.9638,63.2913,10.9055,2.7046,0.0345,0,-0.0324,0.9676,4.3135,LTM,2023-02-02,0,-2.0945
4.7829,18,1.8681,0.8542,66.6234,8.521,2.2097,0.0903,1,0.0253,1.1503,11.7301,LTM,2023-06-27,0,-5.6084
7.3979,4,1.9707,0.8138,64.3872,8.3524,1.9533,0.0633,1,0.0657,1.0252,16.2899,LTM,2023-12-06,0,3.7261
6.6941,74,2.2599,0.8364,63.2534,10.2189,2.2252,0.0413,1,0.0365,0.7766,-11.7283,LTM,2024-06-07,0,6.583
6.1792,15,3.6716,0.732,66.9589,8.9589,1.998,0.0917,1,0.0257,1.1446,12.4962,LTM,2025-11-19,0,-0.4267
3.9919,56,3.6015,0.8174,63.2104,16.0763,1.8548,0.0413,0,-0.0103,1.1963,24.441,LTM,2026-01-16,0,-5.5738
3.5673,202,2.0426,0.9246,65.9912,8.7075,1.8305,0.0458,1,0.0241,0.9981,11.4847,LTTS,2017-10-24,1,25.3137
9.6745,213,5.4532,0.8948,67.658,13.7808,2.8982,0.1034,1,0.0215,1.0665,22.6563,LTTS,2017-11-08,0,15.2737
7.0915,14,2.7161,0.5742,56.1713,10.4919,3.5465,-0.0222,1,0.0211,1.5256,23.2603,LTTS,2018-04-23,0,-0.0682
8.1651,16,6.9922,0.7583,61.4935,10.0223,3.8034,0.0138,1,0.0195,1.5412,28.6612,LTTS,2018-04-25,0,-4.3664
7.69,20,1.6259,0.815,65.1971,9.2163,2.7137,0.0375,1,0.0593,0.8978,6.1852,LTTS,2019-04-01,0,7.464
7.9624,4,2.3427,0.8434,60.6254,8.4631,3.3626,0.087,1,0.0297,1.3787,56.8634,LTTS,2021-03-02,0,-3.1564
9.5282,9,2.6414,0.901,63.443,11.6052,3.231,0.0391,1,0.0303,0.6939,-30.7171,LTTS,2022-07-20,0,5.1664
9.3488,12,5.2724,0.9277,64.5367,17.5136,2.74,0.0469,1,0.0235,1.0523,-7.4113,LTTS,2023-04-27,0,8.3223
5.6025,37,2.8085,0.9283,65.2462,14.0904,2.389,0.0628,1,0.0455,1.0381,10.0633,LTTS,2023-07-14,0,15.5269
8.5671,3,7.495,0.7067,62.1031,16.3926,3.1155,0.0301,0,-0.0276,1.1541,-6.4162,LTTS,2025-01-16,0,-1.7641
4.4929,59,2.7255,0.6893,61.9171,9.2606,1.7822,0.0157,0,-0.002,0.8324,4.2423,LTTS,2025-08-25,0,-5.9727
5.6452,117,9.5916,0.9467,69.1263,26.1085,2.0098,0.0654,1,0.0257,0.9626,3.357,LTTS,2025-11-19,0,-2.0709
6.3042,49,1.832,0.9053,68.0952,8.1193,2.0682,0.0766,1,0.058,0.9622,1.2329,LT,2017-02-01,0,15.5806
3.2603,19,2.7327,0.9259,59.5324,15.7959,2.3074,0.0585,1,0.0278,1.1009,25.2416,LT,2017-05-25,0,-5.7664
6.6425,65,2.507,0.5055,62.6583,11.7933,1.8943,0.0337,1,0.0394,1.0796,17.0272,LT,2017-07-31,0,-5.9533
3.0672,92,3.0704,0.7998,62.5637,16.2905,1.5798,0.0276,1,0.0067,1.0964,4.0316,LT,2017-09-08,0,-2.2085
4.0066,8,3.3837,0.8336,66.1778,19.9575,1.7412,0.0417,1,0.032,0.9581,4.8912,LT,2017-10-25,0,12.5667
10.2882,0,2.6343,0.8274,69.2231,10.6149,2.3838,0.0736,1,0.0214,1.0173,15.2242,LT,2017-11-10,0,4.8301
5.1729,101,1.7958,0.9149,58.3491,10.9189,2.1542,0.0098,1,0.0339,0.9322,2.2315,LT,2018-07-24,0,-1.5866
5.2909,119,4.2921,0.8357,62.58,22.2555,1.9693,0.0392,1,0.0472,0.9297,-1.2411,LT,2018-08-20,0,-3.0858
7.1034,27,1.7621,0.8964,65.7765,8.1231,1.9341,0.0218,1,0.0212,1.0427,12.5546,LT,2019-03-07,0,-1.9407
5.5163,38,2.5584,0.9355,68.7184,16.2225,2.4185,0.0641,1,0.0311,0.9501,1.8204,LT,2019-05-20,0,3.1454
6.7473,32,3.0471,0.9611,61.0346,21.3142,2.5095,0.0335,1,0.0144,1.0426,5.4783,LT,2019-09-20,0,-3.8674
4.5252,35,2.6995,0.7789,64.389,13.675,2.3194,0.0417,1,0.0629,0.8041,15.6959,LT,2020-08-10,0,-3.4911
7.8515,38,1.8408,0.9299,68.7233,9.0836,2.305,0.0729,1,0.0581,0.8394,29.0566,LT,2020-08-13,0,-6.4203
7.9398,65,3.6968,0.7371,68.6515,8.7233,3.0974,0.0939,1,0.0103,1.1704,27.0494,LT,2021-11-03,0,-4.2105
9.5321,7,2.8678,0.8268,67.4467,8.9947,2.4138,0.0664,1,0.0074,0.9593,-5.0421,LT,2022-07-08,0,12.4155
4.9137,108,2.7163,0.9423,66.669,11.0472,1.862,0.0563,0,-0.0128,1.1698,12.0897,LT,2023-01-17,0,-4.6279
7.5298,6,1.7692,0.8431,65.2711,9.904,2.0508,0.0474,1,0.0267,1.1571,18.9595,LT,2024-03-01,0,-2.451
4.8441,69,2.5031,0.8766,63.5825,8.7128,1.8003,0.043,1,0.0397,0.9182,16.0867,LT,2024-09-20,0,-5.7237
6.8081,9,3.1224,0.7773,57.5371,18.102,2.4303,0.0072,0,-0.0358,0.949,2.5682,LT,2024-10-31,0,1.7693
9.3409,24,2.2175,0.9252,64.158,9.7451,2.1633,0.0474,0,-0.022,0.9887,2.7769,LT,2024-11-25,0,-1.7528
7.7766,6,2.2495,0.7733,63.0751,10.4516,1.9189,0.0478,1,0.0325,0.963,-5.1137,LT,2025-05-09,0,0.5936
5.3141,43,4.8807,0.788,63.4165,17.4504,1.6287,0.0221,0,-0.008,1.0009,11.4393,LT,2025-07-30,0,-2.4679
4.9196,83,3.5731,0.5116,64.1662,9.807,1.5444,0.038,0,-0.0084,1.041,4.8839,LT,2025-09-26,0,2.7006
4.357,18,2.565,0.732,61.3953,9.1144,2.0956,0.0088,1,0.0172,0.6303,-19.2521,LUPIN,2017-09-21,0,-1.5743
7.2487,13,2.56,0.7711,63.459,13.7285,3.1264,0.0417,1,0.0181,0.9405,-14.7002,LUPIN,2018-06-08,0,5.6116
5.755,12,1.6819,0.8707,55.3268,9.3092,2.3205,-0.0368,1,0.009,0.8241,-10.4085,LUPIN,2019-06-25,0,-4.4211
12.9015,0,3.916,0.6343,62.1136,13.7258,3.8264,0.0732,1,0.0629,1.4315,75.9157,LUPIN,2020-08-10,0,2.7065
7.024,66,6.6198,0.6732,61.7949,17.2009,2.9676,0.0246,0,-0.0243,0.7257,-17.58,LUPIN,2021-12-14,0,-4.167
5.1831,26,3.447,0.8706,56.669,8.7931,3.122,0.0282,0,-0.019,0.9355,13.8519,LUPIN,2022-09-30,0,6.511
7.8718,27,4.4841,0.9037,66.832,10.163,3.3469,0.0899,0,-0.0313,0.9932,23.099,LUPIN,2022-10-03,0,-0.2469
5.2598,11,8.6914,0.2532,60.3165,9.9712,2.6711,0.0556,1,0.026,0.9056,16.6237,LUPIN,2022-11-10,0,-0.2469
4.2055,57,2.4588,0.9123,64.5323,11.2187,2.2457,0.0338,0,-0.0148,1.1404,18.4026,LUPIN,2023-02-08,0,-6.511
3.9671,21,2.3833,0.7829,58.348,9.4849,2.3608,0.0008,1,0.0177,0.9301,-11.2975,LUPIN,2023-04-12,1,34.4738
5.9266,24,4.4516,0.8707,62.2268,14.8676,2.6667,0.0344,1,0.0087,0.9794,-9.291,LUPIN,2023-04-18,1,33.9879
5.3192,23,1.915,0.7393,66.4612,8.6369,2.229,0.0856,1,0.0006,1.5757,51.4199,LUPIN,2023-09-29,0,-2.8309
7.8341,60,1.7719,0.9461,65.1607,9.7515,2.4258,0.0658,1,0.0103,1.4838,33.541,LUPIN,2023-11-24,0,-2.9591
6.059,82,2.8374,0.8857,69.9915,8.2063,2.4073,0.1012,1,0.0818,1.3215,20.4071,LUPIN,2023-12-28,0,16.8174
6.2612,51,1.673,0.9,60.8534,11.7873,2.7206,0.0428,0,-0.0084,1.2381,31.1025,LUPIN,2024-05-13,0,-7.7366
7.1358,6,3.8049,0.3208,57.2477,9.2209,2.8276,0.0295,1,0.0106,1.0423,-0.5434,LUPIN,2025-04-03,0,-14.1032
3.3201,194,2.5282,0.8759,63.4558,13.8535,1.5966,0.0466,1,0.0081,1.0633,11.6959,LUPIN,2026-01-06,0,2.4947
4.0889,274,2.4901,0.8517,69.364,12.9235,2.071,0.0573,1,0.0117,1.3323,14.8897,LUPIN,2026-05-06,0,-6.3567
5.1994,15,2.3078,0.888,65.7517,11.4026,2.7904,0.0,0,0.0,1.0,0.0,M&MFIN,2016-08-29,0,-4.7329
9.45,14,1.8335,0.9063,69.8885,8.5337,3.2889,0.1338,1,0.0053,1.0,0.0,M&MFIN,2016-10-03,0,-11.4483
7.8893,18,3.7704,0.8807,65.953,10.8656,2.9177,0.0817,1,0.0526,0.8684,-9.9538,M&MFIN,2017-03-17,0,1.422
8.6145,39,2.5715,0.871,66.2491,9.184,3.1196,0.0837,1,0.0353,1.0451,19.5506,M&MFIN,2018-07-26,0,-10.6456
5.9717,4,2.843,0.6179,59.7845,9.7174,3.6288,0.0781,1,0.0222,0.8757,-5.1572,M&MFIN,2018-11-29,0,-9.9472
10.8668,0,2.2143,0.8699,62.5737,8.3977,3.3454,0.0187,1,0.0154,0.9587,15.8675,M&MFIN,2019-03-05,0,-7.0092
10.1265,0,3.0258,0.8878,62.3052,13.0689,4.0157,0.0779,1,0.0144,0.8498,-5.6158,M&MFIN,2019-09-20,0,-11.4389
10.5256,0,2.5503,0.931,63.1034,11.8085,2.9549,-0.0003,1,0.0411,0.8823,-0.7514,M&MFIN,2022-01-12,0,-8.0725
8.891,2,8.1521,0.8854,60.6406,21.4056,3.4512,0.0612,1,0.03,1.1577,28.4766,M&MFIN,2022-11-03,0,2.5116
4.9976,11,2.9268,0.869,65.4499,16.7729,2.5982,0.0548,1,0.0695,0.8761,-1.3804,M&MFIN,2023-12-14,0,-9.3022
6.5535,13,2.6131,0.8464,63.8493,11.9145,2.1891,0.0417,1,0.0359,0.945,0.0363,M&MFIN,2025-06-06,0,-5.723
5.0087,63,1.6257,0.8177,60.4271,14.0401,2.3153,0.0226,0,-0.0056,0.9162,8.0404,M&MFIN,2025-08-18,0,0.9813
6.5933,83,2.524,0.905,67.8421,8.3229,2.1181,0.0659,1,0.0139,0.9336,20.1203,M&MFIN,2025-09-16,0,-2.6994
5.9696,39,2.0078,0.9347,69.7963,12.1061,2.0597,0.0879,1,0.058,0.8828,-7.4277,M&M,2017-02-01,0,-3.0651
2.7663,94,4.4189,0.8896,60.2462,17.3543,1.4663,0.0097,1,0.0299,0.9205,11.9967,M&M,2017-04-25,0,6.7948
5.9503,119,3.5162,0.4416,66.6507,9.732,2.4154,0.0786,1,0.0355,1.0112,17.6429,M&M,2017-05-31,0,-4.7869
5.1633,35,2.4748,0.8653,69.7218,9.8647,1.7065,0.0718,1,0.0082,1.0016,5.9004,M&M,2017-12-15,0,-0.7824
4.0819,20,3.1252,0.9039,69.8317,13.7483,2.2124,0.0788,1,0.0457,1.0368,24.1114,M&M,2018-02-01,0,-8.8714
8.6201,23,3.8682,0.9079,59.1396,15.8931,3.1383,0.0332,1,0.0144,0.8461,-8.2569,M&M,2019-09-20,0,-1.9618
9.3245,4,2.0068,0.9167,67.4435,9.0542,3.2754,0.2093,1,0.0902,1.1459,1.3295,M&M,2020-07-02,0,11.8515
7.346,79,2.4694,0.9218,68.3176,9.4809,1.9271,0.0598,1,0.0702,0.824,4.5466,M&M,2021-09-27,0,6.9268
5.4927,20,3.5865,0.9125,63.4763,12.5999,2.1792,0.0258,1,0.0411,0.9897,17.0244,M&M,2022-01-12,0,-5.8952
5.2806,29,1.928,0.916,61.3781,9.6562,2.2167,0.0282,0,-0.0113,1.0464,0.1261,M&M,2023-01-09,0,-1.9985
7.6626,38,3.2787,0.8301,64.737,14.5054,2.9437,0.0617,1,0.0177,1.012,15.9615,M&M,2024-02-15,0,1.639
7.5036,3,1.9124,0.8682,67.7411,9.17,2.752,0.1077,1,0.0156,1.1752,26.5798,M&M,2024-04-30,1,26.2931
6.4711,57,4.4834,0.9433,68.2037,12.8677,2.1742,0.0655,1,0.0397,1.3696,36.0859,M&M,2024-09-20,0,-1.6674
6.7763,27,1.6258,0.8812,66.7176,8.6258,2.3621,0.0885,1,0.002,1.1285,16.3864,M&M,2025-01-02,0,-7.6782
4.623,64,2.3549,0.4943,68.8027,9.7772,2.3098,0.0702,0,-0.0056,1.0576,36.8903,M&M,2025-08-18,0,-6.1615
7.8632,76,2.581,0.209,63.1394,11.7451,2.755,0.0777,0,-0.0096,1.2016,19.7526,M&M,2025-09-04,0,-2.3079
4.1208,32,2.9914,0.7407,57.143,9.6808,2.4217,-0.0081,1,0.0424,1.0,0.0,MAHABANK,2016-09-07,0,-5.7232
8.0582,74,4.5297,0.7959,56.409,27.0854,4.2119,0.0077,0,-0.0188,1.0,-6.9173,MAHABANK,2016-11-10,0,13.5484
4.3641,100,3.4474,0.6379,64.5814,19.5469,2.6541,0.0372,0,-0.0304,1.0,-2.057,MAHABANK,2016-12-19,0,4.64
6.3098,25,4.7443,0.76,68.6998,13.4104,3.1452,0.0758,1,0.0259,1.0994,24.8288,MAHABANK,2017-04-28,0,-6.6213
7.6491,21,6.8479,0.6452,55.0446,20.0929,3.0333,-0.0054,1,0.0217,0.5039,-30.6413,MAHABANK,2018-05-04,0,-10.8163
6.4632,9,2.2212,0.8571,57.4182,8.0819,3.3163,0.016,1,0.0181,0.5129,-32.2034,MAHABANK,2018-06-08,0,-9.7849
7.136,10,2.4498,0.6667,63.1523,11.3729,2.906,0.0227,1,0.0465,0.6277,-8.6806,MAHABANK,2018-07-30,0,-5.6604
6.3894,16,3.3781,0.5556,67.0003,11.0436,2.9471,0.0578,1,0.0593,1.1586,5.1471,MAHABANK,2019-04-01,0,10.1399
10.9964,0,3.7578,0.6383,68.9867,19.7464,3.6251,0.137,1,0.0173,0.8651,9.465,MAHABANK,2019-12-26,0,-9.0
13.971,0,5.2764,0.7317,66.4069,15.8944,4.9451,0.0109,0,-0.098,1.362,-15.4472,MAHABANK,2020-04-20,0,-17.2906
9.0696,4,4.3202,0.5556,65.6323,10.5021,3.9062,0.061,1,0.1089,0.9621,-29.1513,MAHABANK,2020-06-02,0,0.8333
8.7193,3,3.9614,0.44,63.5042,8.8144,5.0711,0.1614,1,0.0927,1.0265,2.6667,MAHABANK,2020-07-08,0,-12.839
10.0057,0,4.7589,0.2609,64.3106,16.3873,5.0508,0.1609,1,0.1095,0.9762,16.5854,MAHABANK,2020-07-21,0,2.4898
3.4974,27,2.0705,0.6364,59.1983,11.2375,2.1766,0.021,1,0.0897,1.0003,9.3897,MAHABANK,2020-11-23,0,12.6271
7.7718,3,4.1592,0.8947,58.6784,16.5221,3.4193,-0.034,1,0.0736,0.7627,-18.0698,MAHABANK,2021-09-16,0,-2.9528
9.531,13,4.9415,0.4634,61.6186,10.674,4.3285,0.0288,1,0.0491,0.8142,-20.5941,MAHABANK,2021-09-30,0,-2.4688
9.9996,30,1.8617,0.8929,65.2409,9.0648,3.1323,0.0795,1,0.0242,0.7941,18.4066,MAHABANK,2022-01-19,0,-12.0366
5.8575,15,5.4662,0.5556,60.8073,8.3864,2.81,0.047,1,0.0157,0.9229,-3.6442,MAHABANK,2022-07-18,0,8.9189
6.3704,14,3.8102,0.5652,62.4419,9.4472,2.9248,0.0827,1,0.0575,1.0048,3.5889,MAHABANK,2022-08-25,0,0.1934
5.7988,21,5.7843,0.8061,62.8548,11.78,2.6099,0.0469,1,0.0588,1.3386,21.3092,MAHABANK,2024-07-15,0,-9.5065
7.6643,13,3.613,0.8804,67.4324,11.2659,2.6028,0.1233,1,0.033,0.9775,7.0338,MAHABANK,2025-05-30,0,0.1141
7.8247,60,5.3831,0.9364,66.0618,9.7342,2.0415,0.0405,1,0.0177,1.1803,12.9929,MAHABANK,2025-09-17,0,-0.453
6.1022,12,5.7871,0.8082,62.9639,17.3192,2.9162,0.0765,1,0.0174,1.1904,7.7398,MAHABANK,2025-10-15,0,7.5377
4.5441,63,1.7254,0.892,64.5127,12.8044,1.7848,0.0387,1,0.0004,1.0423,9.1647,MAHABANK,2025-12-30,0,1.4701
7.6457,12,3.2391,0.839,67.3915,8.8945,3.3018,0.0995,1,0.0165,1.2009,3.5085,MANAPPURAM,2017-07-06,0,-4.1918
10.2685,0,6.9056,0.7953,66.3133,10.7183,3.5731,0.1272,1,0.0238,0.9498,38.6103,MANAPPURAM,2019-02-07,0,10.3457
6.722,14,3.7333,0.7453,64.1497,10.4772,3.4956,0.1302,1,0.0413,1.6772,50.6789,MANAPPURAM,2019-04-11,0,-10.6696
5.1098,8,1.8743,0.9045,66.5827,8.5385,2.567,0.0926,1,0.0225,1.3366,54.2009,MANAPPURAM,2020-01-16,0,-5.6229
4.497,41,2.3525,0.7083,61.9077,9.3329,2.6751,0.0736,1,0.0311,0.897,-3.5431,MANAPPURAM,2021-06-30,0,11.429
7.847,17,3.5808,0.9144,60.9147,11.5947,3.1487,0.0158,1,0.0416,1.0176,13.5297,MANAPPURAM,2021-10-01,0,5.6307
5.0143,9,2.3443,0.8041,57.505,8.4439,2.5268,-0.0039,1,0.0286,0.996,3.1143,MANAPPURAM,2023-06-09,1,28.132
9.745,5,5.0357,0.2062,63.9988,12.6546,3.7423,0.0591,1,0.005,1.2598,17.3508,MANAPPURAM,2023-11-15,0,9.5238
6.3169,9,2.1763,0.6727,57.021,9.8935,3.2911,-0.0211,0,-0.0068,0.9162,-21.1476,MANAPPURAM,2024-12-03,0,11.5739
3.1875,30,4.2184,0.693,69.3805,11.8215,1.2874,0.0423,1,0.033,1.52,31.199,MANAPPURAM,2025-05-30,0,8.5214
5.0068,8,3.1235,0.5458,64.691,8.709,3.4933,0.1227,1,0.0397,1.0115,16.3455,MANKIND,2024-09-20,0,-6.3248
6.8589,18,5.4275,0.8033,66.054,11.1844,3.0589,0.0674,0,-0.0072,1.232,35.3994,MANKIND,2024-12-18,0,-4.3962
9.1008,12,3.0179,0.8226,58.2003,14.383,3.5861,-0.0007,1,0.0166,1.0519,-8.7507,MANKIND,2025-03-21,0,-3.8491
5.0603,39,1.7974,0.7718,59.6418,9.6702,2.2045,0.009,1,0.0249,0.7986,3.1697,MANKIND,2025-07-04,0,-1.2246
7.5173,42,2.3087,0.8651,66.42,8.6802,2.379,0.0477,1,0.0224,0.8053,9.9095,MANKIND,2025-07-09,0,-4.2623
5.0039,34,1.7709,0.7719,62.5314,9.4142,1.9152,0.0293,1,0.0215,1.0919,3.6132,MANKIND,2025-09-18,0,-5.5407
6.1734,30,2.2719,0.8984,64.1563,8.0285,2.0723,0.0347,1,0.0065,0.9286,-6.56,MANKIND,2026-01-07,0,-7.8898
7.912,65,5.5443,0.9626,67.497,10.234,2.057,0.064,0,-0.009,0.8931,-7.9504,MANKIND,2026-02-26,0,-7.66
8.0028,7,2.7043,0.8328,64.7661,11.0713,3.5044,0.1126,1,0.0304,1.0,0.0,MAPMYINDIA,2022-04-11,0,-10.0379
10.1824,0,2.9656,0.7416,64.733,10.6199,2.8546,0.0376,1,0.0535,0.8763,0.0808,MAPMYINDIA,2022-09-12,0,-9.834
9.2537,23,2.206,0.8424,68.4524,8.3018,2.5833,0.1009,0,-0.0081,0.8978,-10.582,MAPMYINDIA,2023-03-06,0,-7.4185
8.9212,2,2.8929,0.6984,63.0041,11.2997,3.0473,0.0643,0,-0.0072,0.8354,-12.3344,MAPMYINDIA,2024-04-18,0,-5.4522
7.9853,5,2.9672,0.9332,68.2733,11.7504,2.8899,0.1088,1,0.0084,0.8877,-8.3021,MAPMYINDIA,2024-04-23,0,-11.161
5.1356,11,2.2812,0.8762,57.5948,9.242,2.874,-0.0034,1,0.049,0.9869,8.2597,MAPMYINDIA,2024-09-27,0,-8.9986
10.5384,0,15.0069,0.7466,69.3308,16.5112,3.7575,0.1413,0,-0.006,0.6533,-36.6806,MAPMYINDIA,2026-05-11,0,-13.7155
3.6658,50,3.5513,0.8947,66.9129,17.8925,1.9395,0.0567,1,0.0571,0.8977,-2.7281,MARICO,2017-02-07,0,12.3221
4.0648,326,2.8317,0.9549,61.8562,15.9522,2.3134,0.0352,0,-0.0431,0.9721,3.54,MARICO,2018-03-20,0,-3.595
5.0664,45,1.8289,0.8933,66.3719,12.4811,2.4791,0.0884,1,0.0471,1.1169,19.6803,MARICO,2018-08-23,0,-6.9452
4.2168,35,3.4158,0.5,63.3698,8.8773,2.5576,0.0656,1,0.1007,1.1863,43.3465,MARICO,2020-07-28,0,-2.4996
7.711,83,1.7091,0.8634,61.4149,10.332,2.839,0.0306,1,0.0165,1.0142,9.6277,MARICO,2020-10-05,0,7.8057
6.7739,73,1.6816,0.8412,60.6765,8.6404,2.2032,0.0393,0,-0.0224,0.9613,13.9855,MARICO,2021-04-13,1,26.6722
3.0046,27,3.2646,0.7436,65.3825,11.7361,2.0676,0.0708,1,0.0042,1.1878,41.7791,MARICO,2021-07-30,0,4.8727
3.014,55,1.6983,0.8606,65.2918,9.6864,1.8659,0.0361,1,0.0519,0.9872,6.0657,MARICO,2022-09-14,0,-6.2537
6.0666,8,1.6768,0.8327,64.2273,8.3137,1.79,0.0238,1,0.0315,0.9395,1.7979,MARICO,2022-12-09,0,-4.9612
2.7773,99,2.3894,0.8496,59.0305,15.4437,1.5576,0.0089,1,0.0151,0.9325,-7.4118,MARICO,2023-04-25,0,6.8229
4.0357,45,2.4397,0.9198,61.3159,11.8614,2.0679,0.0341,1,0.0358,1.0224,14.096,MARICO,2023-07-27,0,0.4074
4.391,176,2.1947,0.7651,67.5635,10.0,1.9174,0.0403,1,0.0067,0.8524,-1.9746,MARICO,2024-05-06,0,19.573
4.2031,2,1.77,0.8283,69.4155,8.1495,2.5501,0.1319,0,-0.0234,1.0771,17.9367,MARICO,2024-06-04,0,1.2439
5.1135,36,2.3589,0.3973,67.5021,9.6107,2.7879,0.0717,0,-0.0138,1.058,-1.5459,MARICO,2025-02-01,0,-7.1543
8.7733,2,2.7935,0.4943,65.0146,8.1924,2.6085,0.1087,1,0.0568,1.155,13.3464,MARICO,2025-05-05,0,-3.6401
3.9956,40,1.8639,0.9253,66.5896,12.393,1.6169,0.0239,1,0.0358,1.0706,14.4241,MARICO,2025-06-26,0,-4.3482
5.9749,46,2.6443,0.1766,62.5317,8.1191,1.8828,0.0256,1,0.0249,1.0651,14.7492,MARICO,2025-07-04,0,-4.4729
2.7927,111,1.634,0.9183,61.8134,11.15,1.366,0.0289,1,0.0355,1.15,11.439,MARUTI,2017-10-26,0,15.0795
3.2534,124,1.7986,0.9041,65.7283,9.0925,1.6636,0.0492,1,0.0066,0.9358,6.7958,MARUTI,2018-07-04,0,0.5306
9.5569,11,2.8532,0.6301,60.637,15.793,4.3453,0.1046,1,0.0144,0.949,0.7886,MARUTI,2019-09-20,0,4.595
6.0301,10,2.8365,0.902,69.8105,16.6011,2.27,0.0943,1,0.0912,1.055,16.0629,MARUTI,2021-01-08,0,-6.047
9.7733,142,1.8813,0.8105,66.259,9.6629,2.432,0.0744,1,0.0474,0.9149,6.4063,MARUTI,2021-10-07,0,0.0956
7.3051,18,3.7724,0.8679,68.7507,17.2827,2.733,0.101,1,0.0094,0.9984,7.8075,MARUTI,2021-11-16,0,-5.9625
5.1646,11,1.9542,0.9091,66.9958,16.2391,2.5212,0.0739,0,-0.051,1.2143,-6.0696,MARUTI,2022-06-23,0,12.6502
4.7378,41,2.43,0.6093,64.9101,8.4505,2.1504,0.0504,1,0.042,1.1645,25.9512,MARUTI,2022-09-15,0,-4.97
2.9857,53,2.2148,0.9362,61.6441,15.0416,1.4711,0.0121,0,-0.0085,0.9322,-5.5479,MARUTI,2023-01-24,0,-3.3261
3.4897,158,1.9441,0.7938,68.0487,9.9872,1.4993,0.0608,1,0.0422,1.1137,10.6689,MARUTI,2023-06-30,0,-3.8905
4.7442,88,2.6749,0.8753,66.0813,12.2331,1.963,0.036,1,0.0251,1.0054,1.101,MARUTI,2024-02-01,0,13.792
7.7267,57,2.9901,0.81,62.7195,24.2746,1.934,0.0249,1,0.0589,1.1154,10.0354,MARUTI,2024-07-09,0,-3.6039
2.7162,108,1.597,0.7373,61.1105,9.3144,1.395,0.018,1,0.0397,0.9358,0.4718,MARUTI,2024-09-20,0,0.4963
6.7553,33,3.68,0.9718,67.9535,13.6517,2.0933,0.0599,1,0.002,0.9899,-3.7473,MARUTI,2025-01-02,0,3.8326
5.2932,26,2.0091,0.8705,64.3917,11.0898,2.2939,0.0314,1,0.0538,1.0588,10.3384,MARUTI,2025-04-30,0,-0.9366
7.7196,25,1.708,0.8148,66.011,12.0392,3.7464,0.0981,1,0.0582,1.5933,47.7972,MAXHEALTH,2021-06-03,0,5.2087
11.5466,0,5.0372,0.751,68.0542,8.0447,4.0343,0.1423,1,0.0292,1.5534,48.0497,MAXHEALTH,2021-08-10,0,15.6364
5.9302,20,3.1291,0.6895,62.5659,12.2647,3.3052,0.0204,1,0.0165,1.3697,28.6852,MAXHEALTH,2021-11-15,0,7.1747
7.0567,55,14.231,0.8432,65.1377,20.8082,3.337,0.0843,1,0.0893,1.0499,7.431,MAXHEALTH,2022-08-16,0,-2.2376
7.7088,72,2.4918,0.8903,68.1209,17.3294,3.091,0.1071,1,0.0501,1.071,5.5818,MAXHEALTH,2022-09-09,0,-5.3
8.1154,17,1.6157,0.8884,68.1866,9.4103,4.0191,0.1167,1,0.029,1.0469,25.9106,MAXHEALTH,2022-10-31,0,-5.0884
4.5711,73,1.9658,0.8863,63.108,9.3922,2.1191,0.0313,0,-0.014,1.211,-0.6794,MAXHEALTH,2023-03-09,0,-3.9971
9.9503,8,4.7592,0.8482,64.1188,11.501,3.4447,0.0801,1,0.0177,1.1288,6.4208,MAXHEALTH,2023-04-12,1,28.3194
10.8773,0,2.9298,0.8962,62.7104,13.4436,4.0962,0.0717,1,0.0346,1.1907,20.0441,MAXHEALTH,2024-06-12,0,-6.7743
4.8456,16,2.4237,0.7459,60.8378,11.9011,2.9406,0.022,1,0.0291,1.0811,12.5307,MAXHEALTH,2024-09-12,0,-0.4481
7.0581,4,1.7559,0.7522,65.0809,9.6148,2.8799,0.0,1,0.0977,1.0,0.0,MAZDOCK,2020-12-07,0,22.4901
8.6576,12,3.2879,0.7584,61.0524,12.2788,3.3528,0.0338,1,0.0196,1.0736,-1.9701,MAZDOCK,2021-05-19,0,7.7823
7.2881,24,4.529,0.837,67.4992,9.2704,3.7697,0.0963,1,0.0555,1.0784,8.2669,MAZDOCK,2021-06-04,0,1.1319
8.147,12,3.926,0.9198,63.7524,10.749,3.4315,0.1213,1,0.015,1.1805,21.6003,MAZDOCK,2021-07-22,0,-12.8773
9.5443,3,4.9067,0.6659,60.5095,10.2108,3.4697,0.0287,1,0.0721,0.9758,25.691,MAZDOCK,2021-09-03,0,7.6197
8.8279,15,8.2709,0.6882,66.8468,13.667,3.43,0.0677,1,0.0548,1.0775,-0.5768,MAZDOCK,2022-04-04,0,-2.7471
5.5042,13,3.3944,0.8242,63.9532,13.4702,2.8663,0.0372,1,0.0657,1.9253,14.9395,MAZDOCK,2023-12-06,0,2.2369
9.3795,26,5.5527,0.7867,69.4007,12.0633,3.9722,0.1284,1,0.0692,1.6465,32.8336,MAZDOCK,2023-12-26,0,-5.8296
8.4752,6,4.5499,0.7732,56.3358,13.4856,3.9133,-0.0033,0,-0.0021,1.7874,39.4835,MAZDOCK,2024-10-10,0,-10.7266
10.0905,0,3.6362,0.6523,57.8885,9.4478,4.5567,0.035,0,-0.01,1.8611,45.3108,MAZDOCK,2024-10-18,0,-13.6313
7.5063,19,3.0213,0.9002,63.1858,9.0745,2.6142,0.0225,1,0.0084,1.1627,3.8527,MAZDOCK,2025-09-12,0,-4.7879
11.0865,0,6.7745,0.5361,59.71,8.501,3.5701,0.0269,0,-0.0453,0.938,-11.5775,MAZDOCK,2026-03-06,0,-13.1474
7.85,10,2.2891,0.7144,62.5872,10.0267,4.7616,0.1649,0,-0.0188,1.0,38.4499,MCX,2016-11-10,0,-11.8107
4.9898,56,3.2533,0.8622,61.6783,11.604,2.2685,0.0205,1,0.0316,1.1609,-14.4504,MCX,2017-03-22,0,-4.6156
7.5699,13,4.8045,0.8718,64.2697,16.5697,2.894,0.0261,0,-0.0226,0.7196,-18.4684,MCX,2018-03-15,0,-10.8701
8.9776,1,2.0584,0.6718,59.3339,8.1086,3.2024,0.0546,1,0.0306,0.7262,-18.8484,MCX,2018-04-27,0,-11.2977
9.6866,20,7.6046,0.7493,61.9772,24.9712,3.8972,0.0812,1,0.0124,0.8343,-12.5301,MCX,2018-05-25,0,-7.8923
11.2735,0,1.8332,0.8943,62.0283,10.6434,3.4963,0.0579,1,0.0247,0.87,11.4912,MCX,2018-07-17,0,-2.7649
3.2132,6,3.0516,0.6779,55.3772,8.1671,2.5799,0.0145,1,0.0251,0.8775,-9.7416,MCX,2018-11-30,0,-4.2309
4.2269,32,1.8825,0.7138,59.2636,8.5252,2.4465,0.0369,1,0.0138,1.0173,-10.9092,MCX,2019-01-08,0,-4.6423
8.5596,70,3.0573,0.9501,63.3636,18.4477,3.1869,0.0285,1,0.0154,0.9524,-1.4019,MCX,2019-03-05,0,10.2747
6.4981,15,5.4212,0.8428,68.1754,9.2191,2.7603,0.12,1,0.0415,0.9997,15.8476,MCX,2019-04-26,0,-4.5353
4.0237,13,2.3201,0.7396,58.1227,8.4896,2.4502,-0.0081,1,0.0131,0.7131,-3.2734,MCX,2021-03-16,0,-6.8565
6.341,48,3.9761,0.8939,63.7255,13.5805,2.7847,0.0485,1,0.0141,0.7692,-8.1798,MCX,2021-05-10,0,-5.553
4.9137,36,7.8502,0.8871,62.5442,22.4123,2.455,0.0381,1,0.0227,0.8463,6.3932,MCX,2021-07-13,0,-4.1873
5.4725,61,2.2535,0.8806,59.5009,8.3015,3.0541,0.0116,1,0.0468,0.9213,-9.8056,MCX,2023-05-30,0,2.1281
8.6287,4,4.0764,0.7338,59.7841,11.1689,4.8118,0.1112,1,0.0512,1.0428,18.2931,MCX,2023-07-06,0,22.1499
5.8974,24,5.7522,0.6437,66.5108,8.8526,2.0918,0.0548,0,-0.0085,1.101,15.4438,MCX,2023-08-31,1,92.2506
7.2693,25,2.4251,0.9135,64.9412,9.0172,3.9977,0.0898,1,0.0326,1.877,96.7369,MCX,2024-01-29,0,-2.0692
3.7111,58,3.411,0.5886,59.5597,9.1168,2.3348,0.0281,0,-0.0054,1.3143,24.0201,MEDANTA,2023-09-28,0,0.3982
6.0685,60,3.196,0.8857,69.7573,9.826,2.5188,0.0728,0,-0.0045,1.2749,29.6072,MEDANTA,2023-10-03,0,-3.6083
8.8761,39,4.1361,0.8762,64.8893,17.8192,4.129,0.0645,0,-0.0032,0.9995,11.6827,MEDANTA,2025-02-05,0,-12.1739
5.9431,52,2.007,0.6873,59.1141,8.7126,2.6341,0.0243,1,0.0272,1.0258,16.5111,MEDANTA,2025-10-16,0,-7.5288
13.3346,0,6.4408,0.6777,63.1514,9.2843,4.7031,0.0842,0,-0.0307,1.0,0.0,MEESHO,2026-04-09,0,3.8827
4.4244,31,1.87,0.6625,58.5097,8.4822,3.2599,0.018,0,-0.0188,1.0,6.6923,MFSL,2016-11-10,0,-11.4375
4.8241,40,2.3436,0.5208,66.4901,9.4359,2.6499,0.0578,1,0.058,1.0003,2.4571,MFSL,2017-02-01,0,-3.4078
8.1642,13,3.8123,0.7695,62.0056,12.3714,2.7699,0.0342,1,0.0419,0.9962,10.2462,MFSL,2017-04-05,0,3.168
2.5184,57,5.3053,0.5431,59.6607,10.5495,1.9059,0.0248,1,0.0169,0.9887,-1.7786,MFSL,2017-09-15,0,-3.8742
8.3236,11,5.0427,0.6047,59.2176,12.5976,3.445,0.0113,1,0.0193,0.8168,-11.7452,MFSL,2018-04-20,0,-1.0884
6.4642,18,1.791,0.7264,62.8708,14.1176,3.6125,0.0479,1,0.0406,0.9986,0.7176,MFSL,2019-10-22,0,20.1875
5.2215,7,2.6018,0.7907,66.9024,8.5179,3.764,0.1453,1,0.034,1.2173,28.687,MFSL,2019-12-18,0,-3.3938
4.4664,64,2.4187,0.5217,67.3996,8.2664,2.6516,0.0737,1,0.0963,0.9964,24.1984,MFSL,2020-12-17,0,2.0438
7.5206,34,2.3617,0.6705,63.8683,10.3713,3.2028,0.0592,0,-0.0006,1.2244,45.1196,MFSL,2021-05-06,0,18.3957
5.302,29,1.7268,0.6306,60.1095,9.0082,2.4893,0.0617,1,0.0632,0.9387,9.7188,MFSL,2022-07-29,0,-7.8085
7.6488,16,10.507,0.5202,65.5497,16.3642,3.391,0.1101,1,0.0167,1.0857,36.2709,MFSL,2023-08-10,0,2.4816
8.8825,18,5.2526,0.797,58.0505,8.2681,3.6605,0.0079,1,0.0279,1.1027,4.785,MFSL,2024-02-07,0,0.2438
9.1378,4,1.9308,0.9367,64.3336,8.076,2.9352,0.0794,1,0.0074,1.0237,3.7019,MFSL,2024-04-22,0,-10.0937
6.0651,26,5.666,0.7423,68.4879,17.6964,3.2825,0.1204,0,-0.0273,1.0995,28.7609,MFSL,2024-10-23,0,-8.5384
6.2276,9,6.5485,0.8907,69.9629,8.0551,2.3715,0.1189,1,0.0627,1.786,45.6957,MGL,2017-02-06,0,-6.2053
6.8445,52,3.5539,0.6697,69.2764,11.3008,1.9937,0.0605,1,0.0316,1.2737,22.711,MGL,2017-04-11,0,0.1451
2.9044,46,5.4663,0.4815,60.6175,8.2768,2.014,0.0219,1,0.0276,1.0003,14.733,MGL,2017-07-12,0,-2.9728
3.7542,31,1.7394,0.8621,57.9909,8.4246,2.287,0.0239,1,0.03,0.801,-16.9297,MGL,2018-07-23,0,0.8174
2.3408,92,4.0819,0.8319,64.0455,9.4874,1.7556,0.0447,0,-0.0115,1.1113,8.8103,MGL,2019-01-29,0,-2.5287
7.6063,27,8.9292,0.3135,61.3836,16.2629,4.2267,0.039,0,-0.0403,0.9152,-15.3009,MGL,2019-08-20,0,23.6294
5.0387,48,2.5542,0.8305,67.0451,17.604,2.3442,0.1036,1,0.0144,0.9798,1.6241,MGL,2019-09-20,0,18.6667
6.5273,49,7.1905,0.8953,66.9067,26.8648,2.1357,0.0664,1,0.0222,1.2871,32.7306,MGL,2020-01-15,0,0.6547
9.0666,23,3.2873,0.8874,67.865,8.6291,2.3032,0.0692,1,0.0991,0.6987,-5.9693,MGL,2020-11-18,0,9.0073
6.2469,58,3.0259,0.8388,63.502,10.6717,2.9246,0.0507,1,0.0374,1.087,6.5385,MGL,2021-05-26,0,-2.256
8.5125,70,2.0994,0.83,67.0385,8.4164,3.2608,0.0754,1,0.056,1.01,17.1328,MGL,2021-06-11,0,-5.6649
8.7796,16,5.9625,0.7095,65.2092,9.3249,2.7473,0.0687,1,0.0768,0.9764,4.4584,MGL,2022-08-08,0,2.9313
3.8782,63,2.4033,0.8309,64.1212,8.8863,2.1694,0.0452,1,0.0476,1.2161,17.3861,MGL,2023-07-03,0,-3.8081
7.1727,6,3.2417,0.8972,65.8831,12.6304,1.7046,0.0286,1,0.0066,1.0794,8.1709,MGL,2023-09-06,0,-0.5786
6.7088,23,6.9046,0.8872,66.764,17.0639,2.5903,0.0705,0,-0.0045,1.0009,9.1302,MGL,2023-10-03,0,-2.9446
4.8106,12,2.7273,0.7099,66.0789,8.653,1.9243,0.0417,1,0.0553,0.9333,4.8032,MGL,2023-12-04,1,37.5407
6.0915,27,7.7161,0.6121,62.4405,9.9043,3.4081,0.0705,1,0.0276,1.3683,39.9495,MGL,2024-09-17,0,-8.2376
7.3433,29,1.6235,0.9317,63.2774,9.5343,3.8664,0.0922,0,-0.013,0.794,-28.5829,MGL,2025-01-31,0,-6.3008
6.6601,18,3.558,0.9301,62.9714,15.6291,2.3317,0.0053,1,0.0139,0.9535,1.4103,MGL,2025-09-16,0,-6.9614
8.047,13,4.624,0.8744,63.321,16.3956,3.163,0.0386,0,-0.0053,0.867,-6.8757,MGL,2026-02-06,0,-0.2472
8.5679,22,4.3643,0.5921,62.7196,12.4742,3.3087,0.0455,1,0.0553,0.8215,0.3119,MINDACORP,2017-02-09,0,-8.8501
6.8336,9,3.9313,0.9064,67.8769,12.2282,3.4138,0.1474,1,0.0112,1.2518,40.4593,MINDACORP,2017-11-13,0,23.8408
9.2229,26,14.1662,0.7919,67.4418,28.1237,3.3549,0.0804,1,0.0211,1.31,10.4199,MINDACORP,2018-04-23,0,-13.6321
6.2317,16,3.9984,0.6383,58.4988,11.7629,4.06,0.0555,1,0.0173,0.8695,13.8051,MINDACORP,2019-12-26,0,2.346
10.7062,0,6.7069,0.6667,67.7811,9.2823,4.0816,0.1313,1,0.0258,0.9381,19.0286,MINDACORP,2019-12-27,0,-4.989
13.455,0,7.9273,0.5368,68.0815,9.1231,3.8189,0.1246,1,0.0592,0.7202,39.9466,MINDACORP,2020-08-18,0,-12.1329
10.7659,0,3.2703,0.9172,68.2178,9.0223,3.7428,0.088,0,-0.0006,1.287,31.8786,MINDACORP,2021-05-06,0,21.9998
7.6009,24,3.9,0.8231,59.1078,10.5036,3.1545,0.015,0,-0.0386,1.0049,-1.5644,MINDACORP,2023-03-24,0,-9.1378
12.304,0,3.5222,0.8329,66.7346,8.2583,4.449,0.1166,0,-0.0082,1.0951,11.2632,MINDACORP,2023-04-03,1,29.079
7.7402,19,3.7572,0.9072,69.0523,9.2219,3.3356,0.152,1,0.036,1.4367,30.7785,MINDACORP,2023-06-02,0,-5.084
9.7872,78,4.1894,0.8977,63.1303,8.8445,3.474,0.0857,0,-0.0042,1.5129,22.1906,MINDACORP,2023-08-28,0,-0.2453
8.071,19,6.701,0.8025,68.0252,11.9339,2.9895,0.1066,1,0.0001,1.2434,34.4697,MINDACORP,2023-10-19,0,-10.8767
7.8141,45,4.6962,0.9389,65.8454,19.3039,3.5049,0.1018,1,0.0258,1.246,22.5081,MINDACORP,2023-11-29,0,15.5529
4.6517,38,3.5611,0.1779,66.3536,11.0906,4.0471,0.0832,1,0.0253,1.2674,27.0001,MINDACORP,2024-02-19,0,-11.2868
3.9842,18,1.7217,0.9558,65.8496,11.3919,2.647,0.0427,0,-0.0034,1.1092,13.258,MINDACORP,2024-05-14,0,19.6445
6.4959,31,3.2311,0.8476,65.4296,9.0132,3.0949,0.0646,1,0.038,1.1021,14.7564,MINDACORP,2024-06-03,1,34.4314
7.5819,34,2.7834,0.7568,64.9176,14.445,4.1472,0.099,1,0.0168,1.1063,14.5181,MINDACORP,2024-06-06,0,21.1536
6.3788,16,4.0384,0.7899,67.4602,8.6615,2.7534,0.1032,1,0.051,1.0783,35.3707,MINDACORP,2024-08-01,0,7.9177
11.2152,0,8.7331,0.8076,67.0935,8.3118,3.1696,0.0783,1,0.0422,1.0997,8.4023,MINDACORP,2025-05-27,0,-5.4268
6.3573,35,2.2905,0.2653,62.5073,9.5588,3.3402,0.0437,1,0.0143,1.0,0.0,MMTC,2016-09-15,0,-4.3882
6.5184,61,3.4943,0.8116,66.0972,13.9611,2.3834,0.0609,0,-0.0022,1.0,0.0,MMTC,2016-10-25,0,-5.1883
8.5679,65,5.0627,0.6632,67.6556,9.8896,3.1913,0.0925,0,-0.0096,1.0,0.0,MMTC,2016-11-01,0,-7.3211
6.3385,25,3.515,0.8049,64.4237,11.4178,3.1243,0.0653,1,0.0114,1.4111,30.9269,MMTC,2017-04-21,0,-10.0787
5.6084,14,4.4919,0.925,64.5453,19.9031,2.5758,0.0466,1,0.0373,0.7829,-3.5937,MMTC,2017-07-26,0,-10.0078
5.4907,27,4.2341,0.284,56.8384,10.6354,3.9104,0.0132,0,-0.0043,0.6709,-21.0094,MMTC,2018-09-18,0,-11.3032
10.0721,0,8.5351,0.1429,64.9446,16.6956,4.3571,0.1331,1,0.016,0.7922,-2.3239,MMTC,2019-12-06,0,-8.6329
9.0485,10,3.1893,0.875,66.9604,11.6986,4.3728,0.1277,1,0.0592,1.0514,55.303,MMTC,2020-08-18,0,-13.5208
5.8159,21,3.6791,0.3,61.887,8.8598,2.9987,0.0241,1,0.0863,0.8763,-14.0351,MMTC,2020-11-13,0,2.8818
7.288,5,3.6541,0.6491,59.5119,10.3428,4.281,0.0944,1,0.0579,1.0942,84.1464,MMTC,2021-02-18,1,26.4735
12.8263,0,4.4418,0.9084,68.212,13.2631,3.6451,0.0969,1,0.04,1.1724,37.9043,MMTC,2022-04-06,0,-15.1776
4.7803,14,4.0925,0.623,55.6358,12.1895,3.1034,-0.0212,1,0.03,0.7736,6.1493,MMTC,2022-11-03,0,2.085
8.3721,19,2.8167,0.7941,66.438,8.5856,3.2493,0.0464,1,0.0431,0.8537,-2.4235,MMTC,2022-11-11,0,-4.0979
12.4081,0,12.4053,0.7273,66.4513,15.4859,3.211,0.0659,1,0.0177,0.9352,-19.4581,MMTC,2023-04-26,0,-12.4465
4.4448,10,5.395,0.6286,63.0239,9.217,2.23,0.0581,1,0.0413,0.7574,-8.6831,MMTC,2023-06-07,1,39.2744
9.5835,23,6.2141,0.7719,67.1148,11.348,3.5565,0.1219,1,0.0358,0.9563,20.5042,MMTC,2023-07-27,1,54.4784
6.6703,11,4.936,1.0,56.989,16.3685,3.2095,-0.0282,1,0.0625,1.6292,65.9226,MMTC,2023-12-07,1,34.8432
9.0911,1,3.2387,0.8696,68.9011,12.3163,3.9689,0.1661,1,0.0654,1.8157,48.7356,MMTC,2024-01-04,0,17.9878
9.9363,16,2.9681,0.6303,62.0833,8.5814,3.591,0.0404,1,0.0053,1.1411,-20.2323,MMTC,2024-12-06,0,-12.5628
4.1774,28,1.5173,0.9246,66.6776,9.3996,2.4425,0.0826,1,0.0537,1.088,8.0483,MOTHERSON,2017-01-27,0,12.8526
5.8026,50,1.6721,0.8824,65.5885,8.1092,2.5274,0.0819,1,0.0527,1.0764,9.5382,MOTHERSON,2017-03-01,0,22.1539
10.0143,0,3.2558,0.6149,67.9448,8.5972,3.2037,0.0826,1,0.0629,0.8546,66.1124,MOTHERSON,2020-08-10,0,5.0755
10.2873,0,1.725,0.8696,67.1538,9.5937,3.8423,0.091,1,0.0141,1.6907,52.3531,MOTHERSON,2021-05-10,0,-2.4657
7.6802,6,1.6574,0.8657,56.1265,11.6621,2.2899,-0.0119,1,0.063,0.8949,2.1925,MOTHERSON,2021-09-14,0,1.0769
7.7607,14,3.9747,0.7586,62.4223,11.8588,3.2052,0.0665,1,0.0474,0.9284,-0.6348,MOTHERSON,2021-10-07,0,-5.4972
9.0205,4,4.5307,0.757,62.8789,10.5471,3.5186,0.09,1,0.0094,0.876,6.6135,MOTHERSON,2021-11-16,0,-13.41
10.9118,0,4.0551,0.7053,68.6602,9.0795,3.0043,0.1018,1,0.0345,0.7872,2.2045,MOTHERSON,2022-07-21,0,-10.1574
6.4018,19,2.0306,0.9067,68.9901,10.474,2.234,0.1102,1,0.0318,1.1887,7.1785,MOTHERSON,2023-06-21,0,9.6877
5.4964,81,2.6394,0.6849,55.247,8.8872,2.5971,-0.0073,1,0.0258,1.0706,-3.388,MOTHERSON,2023-11-29,0,-1.1404
7.4449,6,4.1599,0.8318,67.9086,8.418,2.8866,0.0947,1,0.0774,1.0451,7.8836,MOTHERSON,2023-12-29,0,7.2665
7.1169,11,4.928,0.6723,65.4602,9.368,2.8941,0.0641,1,0.0251,1.5908,63.4007,MOTHERSON,2024-09-18,0,-5.6692
4.2948,26,3.1412,0.6667,61.5873,8.6025,2.6391,0.041,1,0.023,1.1058,6.1025,MOTHERSON,2025-11-13,0,4.1802
9.7668,2,2.4829,0.3274,63.3218,13.3699,3.3601,0.0419,0,-0.0046,1.2225,8.2441,MOTHERSON,2026-02-03,0,3.1658
9.5318,2,4.9152,0.7525,62.9481,12.6969,3.6495,0.0556,0,-0.0325,1.0,11.6311,MOTILALOFS,2016-12-21,1,30.3096
6.3429,27,2.8396,0.8665,67.8917,10.3737,2.5407,0.0994,1,0.0505,1.1713,15.9307,MOTILALOFS,2017-01-25,1,53.966
8.5496,20,2.3404,0.9041,68.1769,14.9048,3.432,0.061,1,0.0119,1.718,56.0204,MOTILALOFS,2017-08-17,0,11.2788
8.5341,22,2.5005,0.6239,61.403,8.9664,3.5012,0.0242,1,0.0082,1.0452,29.0661,MOTILALOFS,2017-12-15,0,2.02
8.4259,8,5.3026,0.7948,64.0252,19.9356,4.0415,0.0918,1,0.0144,1.0144,-5.9075,MOTILALOFS,2019-09-20,0,-6.6295
11.0911,0,6.5144,0.7622,65.457,14.4639,4.7354,0.1369,1,0.0575,0.9433,1.6671,MOTILALOFS,2019-11-01,0,17.4785
8.3954,15,1.9778,0.8577,67.7732,12.2936,3.3263,0.1386,1,0.0169,1.1529,42.6232,MOTILALOFS,2020-01-01,0,-7.9936
8.4668,9,2.7059,0.9175,65.4118,13.043,3.3067,0.0367,1,0.0966,0.8828,-6.8175,MOTILALOFS,2020-11-17,0,-3.5772
4.5516,55,3.5475,0.4962,60.2179,12.0392,2.4438,0.0231,1,0.0495,0.7007,12.9477,MOTILALOFS,2021-03-03,0,-2.4354
6.1885,57,3.2317,0.8259,67.2889,13.9384,2.7851,0.0636,1,0.0241,0.7545,16.1003,MOTILALOFS,2021-03-05,0,-9.3733
8.2878,11,3.3175,0.7383,58.0479,10.1761,2.7423,0.0168,1,0.0157,0.9414,-5.0112,MOTILALOFS,2022-07-18,0,-5.0761
4.9429,44,4.9595,0.6845,67.7399,15.4627,1.8694,0.033,1,0.0196,0.7682,-7.326,MOTILALOFS,2022-12-15,0,-2.5942
6.0674,65,3.3828,0.8038,68.2891,9.6725,2.2585,0.0823,0,-0.0185,0.8438,-3.8262,MOTILALOFS,2023-01-13,0,-7.5561
8.8403,33,2.6187,0.8798,69.5138,8.1553,2.3719,0.0981,1,0.0335,1.0308,2.0187,MOTILALOFS,2023-06-14,1,29.2263
7.9632,3,2.925,0.9468,68.1998,9.6302,2.6936,0.1351,1,0.0401,0.9779,34.1662,MOTILALOFS,2023-07-25,0,24.4777
12.3075,0,5.7319,0.7615,69.5026,10.3284,3.4859,0.1297,1,0.0096,1.4143,57.3518,MOTILALOFS,2023-10-12,0,-68.9787
13.046,0,3.4619,0.8494,68.7877,10.7439,5.2049,0.2039,0,-0.0064,1.7045,57.4323,MOTILALOFS,2023-11-13,0,-73.2102
6.4839,53,4.4713,0.8847,63.518,12.2585,3.004,0.066,1,0.0133,1.4955,19.9743,MOTILALOFS,2025-10-09,0,5.9252
4.5935,50,1.5947,0.702,61.8959,9.2452,2.458,0.0361,0,-0.0251,1.0,1.9256,MPHASIS,2016-12-14,0,-1.9519
5.658,7,1.8307,0.8342,67.3638,8.5264,3.1282,0.0767,1,0.0355,1.0013,17.911,MPHASIS,2017-05-31,0,-3.0318
4.6789,42,1.7308,0.348,63.4503,8.3688,2.4383,0.0384,1,0.0355,1.2112,23.8363,MPHASIS,2018-01-15,0,6.8863
8.053,30,4.74,0.3585,65.9819,9.944,3.6826,0.0687,0,-0.0127,1.4188,27.7101,MPHASIS,2018-04-06,0,19.3965
4.362,63,2.2721,0.9626,62.7992,11.8537,2.8972,0.0337,1,0.031,0.9585,14.2221,MPHASIS,2019-05-30,0,-8.3757
8.794,18,4.2782,0.6659,66.2159,14.1305,4.0634,0.1288,1,0.0212,1.5188,76.8657,MPHASIS,2020-09-14,0,4.7619
7.5488,21,1.8824,0.877,62.8304,15.5136,4.1901,0.0824,1,0.0051,0.9805,35.3613,MPHASIS,2021-03-30,0,15.4466
8.2683,45,2.6769,0.8226,64.1109,10.3434,3.4161,0.0847,0,-0.0006,1.0743,29.7807,MPHASIS,2021-05-06,1,42.3569
7.935,50,2.9992,0.8981,64.3761,11.7221,2.5367,0.0506,1,0.0576,0.757,-5.3693,MPHASIS,2022-12-01,0,-7.7396
8.6238,3,1.8438,0.7996,61.9938,8.5949,2.2684,0.0086,1,0.0092,1.2008,25.6433,MPHASIS,2023-11-16,0,5.9952
5.2935,25,1.5289,0.8914,60.8195,13.0478,3.2597,0.0466,1,0.0177,1.0309,11.589,MPHASIS,2024-02-15,0,-7.7749
8.2553,39,2.3445,0.8348,62.3889,8.1006,2.9188,0.0604,1,0.0021,1.1876,23.2732,MPHASIS,2025-09-10,0,-6.7898
4.169,40,1.7572,0.7591,69.2292,10.4638,1.5203,0.0475,1,0.0354,0.8835,-6.8694,MRF,2017-10-30,0,-0.8053
6.4236,4,2.3152,0.9573,67.4271,14.2837,1.8403,0.0907,1,0.0306,1.2261,21.9307,MRF,2018-04-27,0,-5.9687
4.6849,18,2.1693,0.8044,64.613,23.5062,1.828,0.0242,1,0.0593,0.8597,-8.4939,MRF,2019-04-01,0,-4.6293
6.0111,61,3.981,0.8622,66.4772,14.4683,1.921,0.0344,0,-0.0401,0.9361,1.4123,MRF,2019-08-09,0,6.5418
5.1141,48,1.9413,0.7174,64.0794,15.4507,1.7538,0.0325,1,0.0258,1.1509,15.6968,MRF,2019-12-27,0,3.092
6.8809,63,2.8959,0.7598,68.7971,8.7007,2.0352,0.0779,1,0.0216,1.1561,20.0854,MRF,2020-01-17,0,-1.4774
3.5204,103,3.1897,0.9031,61.3011,18.5024,1.472,0.0253,1,0.0227,0.9357,-6.6382,MRF,2021-07-13,0,-4.7393
5.8667,163,3.7457,0.9027,68.7761,12.2358,2.1707,0.0792,1,0.0508,0.8615,3.5264,MRF,2021-10-08,0,-6.6079
6.8031,37,1.7098,0.9108,68.6808,8.8381,2.0395,0.0655,1,0.0049,0.9298,-3.7472,MRF,2022-04-26,0,-4.4681
3.3799,55,2.3212,0.7465,57.1937,12.6696,1.4307,0.0128,1,0.0533,0.9747,-10.486,MRF,2024-06-28,0,6.128
5.8543,72,2.0344,0.9128,66.782,9.6806,2.5979,0.0692,1,0.0389,0.907,-4.6431,MRF,2024-07-24,0,-0.6771
6.3676,20,1.5996,0.9034,68.7966,10.008,1.6796,0.0266,1,0.0055,0.9369,-5.8368,MRF,2024-12-05,0,-2.8785
9.1773,6,2.8491,0.7788,65.1237,9.8057,2.2441,0.0641,0,-0.0056,0.9736,-6.2315,MRF,2025-04-11,0,16.6068
7.4579,31,4.1568,0.8969,64.2873,13.9799,2.7235,0.0576,0,-0.0162,1.3371,18.6264,MRF,2025-09-02,0,-0.8747
7.6247,64,1.9513,0.7516,67.3534,8.8508,2.3168,0.0845,1,0.0356,1.1863,18.309,MRF,2025-10-20,0,-5.3141
7.5252,10,2.697,0.76,62.4298,8.7497,3.6674,0.1036,0,0.0,1.0,0.0,MRPL,2016-09-06,0,-3.5298
9.7132,4,3.9331,0.4314,66.1534,8.3385,3.6903,0.1287,0,-0.0009,1.0,0.0,MRPL,2016-10-07,0,-14.7122
7.8279,10,2.3134,0.8095,62.1707,14.5797,3.0507,0.0275,1,0.0302,1.0186,26.7216,MRPL,2017-07-19,0,-2.3956
6.7912,7,2.0749,0.8268,61.8214,9.1469,2.5935,0.0375,1,0.0355,1.0634,15.5976,MRPL,2017-10-26,0,-5.9394
7.2111,27,2.154,0.7055,64.6557,9.1673,2.5787,0.0543,1,0.0271,1.0933,0.7539,MRPL,2018-01-08,0,-7.8245
13.4707,0,1.5826,0.9103,64.7939,9.0833,3.1427,0.0552,1,0.0298,0.9717,-13.1404,MRPL,2019-03-11,0,-4.823
11.0122,0,2.4602,0.6984,56.1454,24.7855,3.8966,0.001,0,-0.0494,0.852,-16.8127,MRPL,2019-07-31,0,-15.2119
9.8198,3,10.0397,0.3448,56.6957,10.3553,3.5872,-0.0146,1,0.0173,0.7421,-3.8136,MRPL,2020-01-10,0,-8.4096
10.6258,0,9.0517,0.6962,66.7263,19.9607,3.3333,0.0193,1,0.0351,0.7147,-7.1207,MRPL,2020-10-22,0,5.2159
6.6178,6,5.3461,0.6667,69.7374,9.503,3.8026,0.2149,1,0.0577,1.3602,54.507,MRPL,2021-06-15,0,-12.3258
11.4645,0,9.2182,0.816,69.4423,12.6681,3.0465,0.065,0,-0.0231,0.8388,8.6796,MRPL,2023-03-10,0,-14.5224
8.6396,15,5.2121,0.9219,67.7687,11.6189,3.1867,0.1278,1,0.0039,1.5883,69.4009,MRPL,2023-08-21,0,-5.2097
10.0537,0,6.8513,0.8252,65.0655,14.7448,4.6255,0.0973,1,0.0096,1.9713,95.4669,MRPL,2024-04-24,0,-13.1022
9.4181,15,4.7982,0.7338,60.1506,10.9561,5.0722,0.0216,1,0.0376,1.587,10.7404,MRPL,2024-06-24,0,-5.5861
6.3263,26,8.6455,0.5322,65.9077,11.7786,3.6883,0.0717,1,0.0589,1.6026,-7.9945,MRPL,2024-07-09,0,-10.4326
12.6132,0,4.6253,0.7483,68.1598,9.2628,3.6461,0.1119,1,0.0371,0.9363,8.7859,MRPL,2025-05-28,0,-11.3687
7.3034,34,5.8652,0.951,62.5723,11.1232,3.7907,0.0923,1,0.0064,1.0095,38.3475,MRPL,2025-07-23,0,-13.3643
4.9442,26,7.1505,0.6524,61.4676,13.5445,2.6567,0.038,0,-0.0089,0.938,-2.2451,MRPL,2025-09-29,0,13.6359
9.205,12,3.4371,0.7797,60.1289,15.1197,4.3457,0.0067,0,-0.0113,1.0663,26.6901,MRPL,2026-01-14,0,-12.0019
9.9023,11,8.0166,0.9115,61.7795,16.1102,6.377,0.1998,0,-0.0758,1.783,20.0161,MRPL,2026-03-16,0,-18.9026
4.953,21,2.1426,0.2849,61.6361,10.0231,3.5496,0.0778,1,0.0637,1.0,19.4889,MSUMI,2022-08-30,0,1.4005
8.5995,13,1.8866,0.8,67.9007,9.3817,2.8142,0.1019,1,0.0414,0.9358,-1.6995,MSUMI,2023-05-09,0,8.5973
3.3328,73,2.3186,0.8814,65.1173,13.269,2.5017,0.0598,0,-0.0085,1.1445,24.3081,MSUMI,2023-08-31,0,-2.5539
7.6445,35,4.7389,0.7032,67.6359,11.67,3.0777,0.0568,1,0.037,1.0617,14.3622,MSUMI,2024-06-13,0,-2.8503
6.089,29,1.6199,0.7083,59.7918,14.2148,2.0042,0.015,1,0.005,0.9081,-10.7714,MSUMI,2024-12-10,0,-6.8635
4.8828,42,2.9002,0.8352,66.7964,9.4782,2.0775,0.0605,1,0.0237,0.9991,26.6719,MSUMI,2025-07-07,0,-2.576
5.5218,55,7.9936,0.5929,59.1422,18.0723,3.1195,0.0249,1,0.005,1.1608,21.8982,MSUMI,2025-12-19,0,-4.2125
6.62,61,4.8587,0.764,62.5099,8.1957,3.6987,0.0471,1,0.0004,1.2063,16.5433,MSUMI,2025-12-30,0,-5.1609
10.2447,0,2.9218,0.874,68.0439,13.8435,3.3465,0.1055,1,0.0505,1.1439,-6.7566,MUTHOOTFIN,2017-01-25,0,2.1511
5.7932,24,1.6121,0.8646,64.0896,9.5223,3.661,0.0733,1,0.0355,1.1495,35.0624,MUTHOOTFIN,2017-05-31,0,5.0448
10.2853,0,3.3456,0.8796,67.1197,13.5313,3.3841,0.0978,1,0.0066,1.3249,26.1488,MUTHOOTFIN,2017-09-06,0,-10.5435
8.9571,14,2.845,0.85,61.0883,11.7242,3.0102,0.0145,1,0.0152,0.9654,6.6275,MUTHOOTFIN,2017-12-21,0,-7.3855
6.2526,61,11.0136,0.8639,66.1635,22.7665,2.8568,0.0798,1,0.0236,1.0231,-2.7929,MUTHOOTFIN,2018-09-05,0,-6.7896
6.7927,7,8.4373,0.7645,60.0297,20.8551,4.5429,0.1063,1,0.012,1.2267,15.0494,MUTHOOTFIN,2018-12-07,0,10.2968
9.7403,10,2.0299,0.8273,68.1137,12.4978,3.0889,0.0991,1,0.0154,1.4852,43.6987,MUTHOOTFIN,2019-03-05,0,3.4994
6.3594,6,1.9664,0.878,64.565,11.5009,3.2341,0.1082,1,0.053,1.1854,11.5194,MUTHOOTFIN,2019-10-29,0,-6.7292
8.6229,3,1.7692,0.7766,65.0478,10.1031,3.6691,0.0866,1,0.0312,1.2017,7.9907,MUTHOOTFIN,2020-10-27,0,-8.174
7.1817,46,2.0722,0.789,57.5271,10.1361,2.5655,0.0182,1,0.013,0.876,2.7075,MUTHOOTFIN,2021-05-17,0,20.0053
4.3613,6,2.4198,0.9229,69.3788,10.8406,2.4768,0.1564,1,0.0328,1.1571,22.3118,MUTHOOTFIN,2021-07-05,0,-5.6336
7.9207,18,2.1171,0.9081,65.8903,10.7954,2.6824,0.1156,1,0.015,1.2549,29.459,MUTHOOTFIN,2021-07-22,0,-8.4366
7.659,49,6.2927,0.8432,68.8602,16.3713,3.4455,0.0906,1,0.0207,1.1235,11.3729,MUTHOOTFIN,2021-11-08,0,-8.7245
8.0666,142,2.8787,0.936,68.6723,9.0772,2.3645,0.0377,1,0.0044,0.9628,-5.3664,MUTHOOTFIN,2023-04-06,1,25.5605
6.1683,30,6.8803,0.8423,63.4448,13.3273,3.3536,0.0768,0,-0.026,1.3437,23.0222,MUTHOOTFIN,2025-02-13,0,-7.6064
6.0309,32,10.9717,0.669,63.7543,29.5962,2.9844,0.052,0,-0.0156,1.1948,18.8581,MUTHOOTFIN,2025-08-14,0,11.6011
4.9335,36,1.5368,0.6235,67.8854,8.4535,2.356,0.0713,0,-0.0181,1.5181,38.3453,MUTHOOTFIN,2026-01-29,0,-13.0
7.8197,18,1.7459,0.8592,63.9663,8.8074,4.4317,0.0922,1,0.0267,0.8056,-16.8527,NAM-INDIA,2018-12-03,0,-11.7459
6.0216,7,3.1232,0.6156,55.2876,10.4859,3.3347,-0.0151,1,0.0554,0.6957,-1.274,NAM-INDIA,2020-08-24,0,-4.6182
7.7521,67,5.9054,0.6861,69.6057,11.2106,3.2073,0.1099,1,0.0747,0.8693,18.6953,NAM-INDIA,2021-01-15,0,-9.9955
9.5409,4,2.4343,0.7602,60.1734,11.0544,3.7385,0.0089,0,-0.0172,0.7917,-20.3748,NAM-INDIA,2022-03-16,0,-4.2809
9.6218,3,1.858,0.9326,63.233,11.626,2.6028,0.0416,1,0.0177,0.8361,-15.1308,NAM-INDIA,2023-04-12,1,27.7941
3.2986,17,2.1859,0.7811,64.0522,9.3932,1.9748,0.0717,1,0.0467,0.9401,-3.1151,NAM-INDIA,2023-05-29,1,31.3456
9.5859,16,2.3408,0.2898,65.4902,8.2138,3.0148,0.1325,1,0.038,1.3034,24.3917,NAM-INDIA,2024-06-03,0,-9.4571
8.4213,29,2.7919,0.904,61.6433,12.0531,4.1936,0.0708,1,0.018,1.2817,38.3894,NAM-INDIA,2024-08-16,0,-9.1731
8.5442,23,3.6481,0.8722,58.4122,15.0693,4.1098,0.0448,0,-0.0035,1.2286,14.1699,NAM-INDIA,2024-10-11,0,2.8578
9.8215,22,8.3418,0.6538,65.3183,11.598,3.0049,0.053,0,-0.0001,1.2244,14.2163,NAM-INDIA,2025-12-18,0,-6.8788
10.1435,0,3.7501,0.1579,61.6744,11.3537,4.2673,0.075,0,-0.0046,1.1241,12.0227,NAM-INDIA,2026-02-03,0,-6.8281
6.5036,22,1.8956,0.87,57.5308,8.9224,4.4317,-0.0028,0,-0.0188,1.0,7.9879,NATCOPHARM,2016-11-10,0,23.1648
9.7643,24,4.3677,0.5418,66.2479,8.3541,5.1785,0.0563,0,-0.0652,1.0,12.831,NATCOPHARM,2016-11-15,0,14.4323
5.1837,19,4.4477,0.8139,62.379,10.3927,2.9197,0.0467,1,0.0051,1.0818,-8.4859,NATCOPHARM,2017-01-06,1,38.2824
6.4757,22,2.8421,0.85,64.5586,14.1757,2.9629,0.0831,1,0.1151,1.2838,-1.9525,NATCOPHARM,2020-06-08,0,19.5054
5.5679,32,4.6001,0.6731,68.5457,13.2155,2.9089,0.062,1,0.0977,1.2028,30.4286,NATCOPHARM,2020-12-07,0,-8.7406
8.0794,20,4.1612,0.9012,69.6136,13.4084,2.9247,0.0797,1,0.0047,0.7688,1.3618,NATCOPHARM,2021-04-08,0,18.2547
6.3695,20,4.6385,0.603,63.1324,8.427,2.6144,0.0739,1,0.0156,0.9126,2.0619,NATCOPHARM,2024-02-14,0,3.4366
12.2602,0,11.4187,0.4835,64.4539,10.4445,4.3295,0.0464,1,0.0531,0.6738,-38.1622,NATCOPHARM,2025-04-24,0,-14.3694
7.3804,14,4.4818,0.9189,68.586,11.3362,2.3521,0.1079,1,0.0377,0.6167,-18.3746,NATCOPHARM,2025-06-11,0,-8.3821
5.9378,57,8.6429,0.6908,64.2895,11.2659,2.6944,0.0491,1,0.03,0.9348,-12.5644,NATCOPHARM,2025-11-20,0,1.4522
10.812,0,10.1666,0.8968,69.7501,18.0349,3.1284,0.1171,1,0.0272,1.02,-8.8257,NATCOPHARM,2025-11-26,0,-4.8954
5.6472,8,13.9677,0.5139,57.0535,14.4275,3.506,0.0059,0,-0.0041,0.9702,8.8299,NATCOPHARM,2026-02-16,1,33.1798
11.9192,0,4.4197,0.9201,69.4744,9.8826,3.5612,0.0804,0,-0.0126,1.0602,15.595,NATCOPHARM,2026-02-24,1,25.5274
6.3201,38,3.388,0.8529,59.4043,10.9529,2.6268,0.018,1,0.0117,0.9122,7.7017,NATIONALUM,2017-07-04,0,-4.5683
10.3574,0,3.5203,0.7981,63.4862,11.4292,3.4825,0.0288,1,0.0163,1.2031,23.4453,NATIONALUM,2017-12-28,0,-8.3267
9.6651,4,2.0646,0.8125,56.6682,12.217,4.1495,0.0008,0,-0.0423,0.8976,-15.1083,NATIONALUM,2018-03-22,0,14.4378
6.7219,19,2.2434,0.9048,63.9491,13.4624,3.0157,0.0535,1,0.0241,0.9233,16.5179,NATIONALUM,2020-01-02,0,-5.7236
15.2263,0,2.5675,0.8627,65.5692,9.9437,4.2465,0.1025,1,0.1158,0.9315,-24.8703,NATIONALUM,2020-06-05,0,12.9851
6.0706,14,1.97,0.8298,59.5973,16.8709,2.9011,-0.0045,1,0.0465,0.91,2.8481,NATIONALUM,2020-11-05,0,20.4145
11.3877,0,6.1828,0.5874,69.1497,10.9376,4.341,0.1487,1,0.0406,1.7395,69.787,NATIONALUM,2021-06-28,0,1.6319
8.6339,3,1.9682,0.7326,65.4396,8.056,2.9596,0.079,1,0.0948,0.664,-36.6923,NATIONALUM,2022-08-17,0,-7.4364
3.9774,84,3.8539,0.7477,63.1453,17.7786,2.0432,0.0479,1,0.0428,1.1732,4.361,NATIONALUM,2023-05-26,0,-4.1294
10.8278,0,2.4237,0.924,67.9538,8.4585,2.5855,0.0954,1,0.0003,1.1553,20.1588,NATIONALUM,2023-09-01,0,-5.7948
4.9435,14,2.8139,0.75,64.4573,8.798,2.0387,0.0414,1,0.0553,1.0691,7.5424,NATIONALUM,2023-12-04,1,26.134
9.5991,10,4.2069,0.8867,61.4975,9.6895,3.3152,0.0683,1,0.0432,1.1828,2.1663,NATIONALUM,2024-09-24,0,20.7578
5.2782,61,4.043,0.8718,65.0218,10.0162,2.2686,0.0561,0,-0.0162,1.0255,23.761,NATIONALUM,2025-09-02,1,34.6153
5.7843,5,3.2169,0.5162,69.7494,9.6066,3.7541,0.1198,1,0.0189,1.2926,22.9692,NAUKRI,2017-11-28,0,-4.608
4.7947,43,3.7443,0.691,64.3807,10.1479,2.8773,0.0544,1,0.0106,1.157,42.8358,NAUKRI,2020-01-24,0,0.2943
8.3215,44,2.2264,0.7992,68.7427,8.3475,3.2777,0.1002,1,0.0482,1.1645,38.3774,NAUKRI,2020-10-14,1,44.2527
7.7662,66,1.6839,0.9322,66.4086,8.2072,3.8394,0.0983,1,0.0863,1.1478,34.8431,NAUKRI,2020-11-13,1,25.8229
10.1601,0,1.7795,0.9357,66.3665,9.6684,2.5807,0.059,1,0.0577,0.9058,7.6248,NAUKRI,2021-06-15,1,36.267
10.5262,0,2.0154,0.9322,66.1633,8.3415,3.273,0.1342,1,0.0632,0.981,-8.9078,NAUKRI,2022-07-29,0,-6.8606
6.5421,20,4.1055,0.8782,58.3334,14.0071,2.9654,0.0286,1,0.0431,0.9991,9.2045,NAUKRI,2022-11-11,0,-6.5402
9.9736,21,5.4476,0.8612,66.6067,8.2733,2.971,0.0939,1,0.0412,1.0847,17.1534,NAUKRI,2022-11-14,0,-11.3682
7.3078,26,5.9125,0.8985,69.9597,13.6542,3.1489,0.1292,1,0.0428,1.0772,14.8307,NAUKRI,2023-05-26,0,8.7097
7.7533,31,4.0855,0.8782,68.6539,17.1862,2.2669,0.1052,1,0.0197,1.2175,39.1757,NAUKRI,2023-08-04,0,-7.924
6.1874,23,2.4193,0.7972,62.324,11.1862,3.0884,0.0513,1,0.0079,1.1028,21.5906,NAUKRI,2024-03-27,0,2.7791
5.6708,14,5.1972,0.651,64.1272,14.412,3.3846,0.0994,1,0.0069,1.1781,21.3764,NAUKRI,2024-05-17,0,-7.9583
6.1118,14,4.7626,0.7779,63.8184,9.7424,3.0126,0.1032,1,0.0368,1.2784,41.9544,NAUKRI,2024-08-02,0,4.1924
4.6874,23,1.7391,0.8635,59.5213,8.2578,2.4532,0.0293,1,0.0129,0.9545,-5.5046,NAUKRI,2025-09-22,0,-8.2534
4.412,24,2.8645,0.7349,59.251,13.5402,2.9421,0.0313,1,0.0527,0.9424,-11.2939,NAVA,2017-03-01,0,12.7261
6.3595,34,4.1774,0.7135,60.3247,11.319,3.4083,0.0393,1,0.0542,1.0629,-12.3726,NAVA,2017-03-16,0,11.6508
8.466,42,4.6096,0.8419,68.2417,12.7806,3.7738,0.1032,1,0.0325,1.0434,16.2653,NAVA,2017-03-28,0,4.7024
9.4643,11,3.6022,0.4613,59.7727,9.7768,4.8621,0.0365,1,0.0344,1.0047,20.8547,NAVA,2017-07-28,0,-13.6191
7.8228,6,4.4974,0.8136,60.1238,20.0809,3.1272,0.0156,1,0.0129,1.0315,-10.3678,NAVA,2017-09-11,0,-9.8186
10.6877,0,5.3212,0.5779,67.3289,9.3478,3.7841,0.0981,1,0.0241,0.8563,0.384,NAVA,2017-10-24,0,-5.4496
6.4924,15,5.0189,0.8589,63.4443,16.4761,3.3946,0.0648,1,0.0054,0.8866,-0.95,NAVA,2018-09-17,0,-14.3646
9.7957,24,5.6847,0.5889,65.5762,19.0186,4.1454,0.0916,1,0.0406,0.7303,23.2864,NAVA,2021-02-24,1,32.2059
7.0314,24,3.4455,0.7349,69.7951,15.3564,3.9774,0.1228,0,-0.0102,1.1534,33.2766,NAVA,2021-04-30,1,50.3474
10.0761,0,5.9708,0.5446,64.733,8.4342,3.6094,0.074,1,0.0452,0.9436,14.1791,NAVA,2022-01-17,0,-4.8541
10.883,0,7.9658,0.4706,64.9994,9.8528,5.2217,0.1229,0,-0.0191,1.0071,11.6543,NAVA,2022-01-28,0,-12.7063
12.3538,0,8.8045,0.7256,64.6795,15.3658,4.4196,0.1131,1,0.0012,1.234,15.1452,NAVA,2022-03-23,0,6.426
7.9776,2,2.9848,0.9043,65.0624,12.6465,4.1509,0.1195,1,0.0195,1.7941,60.3928,NAVA,2022-07-19,0,17.8831
7.8118,25,4.8482,0.6656,67.1893,10.7504,2.8818,0.0585,1,0.0273,1.3397,-2.8689,NAVA,2023-05-18,1,62.714
10.7913,0,3.0468,0.8551,68.7467,8.1792,3.5277,0.2059,0,-0.0085,1.6885,81.9269,NAVA,2023-08-31,0,-3.7494
10.5842,0,8.4589,0.6226,68.3602,11.9382,4.0651,0.1781,1,0.0062,1.6888,99.679,NAVA,2023-09-21,0,-10.5765
12.2454,0,5.6738,0.8765,69.5846,15.7948,4.6151,0.1644,1,0.0168,1.3511,25.6707,NAVA,2024-06-06,1,61.3941
9.8022,29,12.8936,0.6952,69.1499,19.7879,3.9276,0.1344,1,0.0028,1.5843,40.4854,NAVA,2025-08-21,0,-2.8622
5.9571,31,5.0751,0.6961,57.1974,17.3922,3.0354,0.0029,1,0.0367,1.0963,7.8585,NAVINFLUOR,2017-06-02,0,-3.998
5.5825,18,2.8686,0.7354,65.4894,12.8577,2.8483,0.034,0,-0.0159,1.0954,21.214,NAVINFLUOR,2017-09-29,0,-4.0377
3.9276,38,1.6952,0.8154,66.9513,10.8635,2.3953,0.037,1,0.0192,1.0837,6.9433,NAVINFLUOR,2017-12-19,0,4.306
8.0431,33,11.4903,0.7762,61.3818,33.3848,3.7086,0.0275,1,0.033,0.818,-12.6276,NAVINFLUOR,2018-07-25,0,-5.948
9.9154,18,3.2683,0.9486,68.8651,8.3304,2.6274,0.0692,0,-0.0143,1.043,11.0031,NAVINFLUOR,2018-11-22,0,-8.5139
7.2058,10,2.6376,0.8305,59.7667,16.4365,3.1772,-0.0017,1,0.0154,1.0884,0.5574,NAVINFLUOR,2019-03-05,0,9.4381
12.3501,0,1.9106,0.8744,67.9495,8.2747,3.0994,0.0568,1,0.041,0.9563,-1.6948,NAVINFLUOR,2019-03-12,0,3.8532
9.3733,16,6.537,0.8831,68.4501,11.1494,3.5389,0.1055,1,0.0111,1.1734,43.5065,NAVINFLUOR,2020-10-29,0,5.7092
6.9139,24,4.1865,0.6254,66.0473,9.7867,3.4425,0.0871,1,0.0839,1.2267,29.0268,NAVINFLUOR,2021-01-06,0,-7.8171
5.9348,3,2.6269,0.6341,60.9686,8.7613,3.8485,0.0405,1,0.0205,1.0497,29.4058,NAVINFLUOR,2021-03-01,0,-9.6302
9.0581,4,4.6884,0.6311,69.0208,8.0522,4.0234,0.097,1,0.0297,1.0858,32.9046,NAVINFLUOR,2021-03-02,0,-13.9412
5.0796,4,3.8024,0.7989,64.1178,12.875,2.4563,0.0904,1,0.0574,1.0836,36.6956,NAVINFLUOR,2021-06-08,0,5.2044
8.1755,9,2.758,0.8533,58.8978,8.3128,4.1026,0.0277,0,-0.0475,1.0677,-3.5683,NAVINFLUOR,2021-11-30,0,2.6738
8.4804,87,1.9587,0.8683,64.8163,8.5539,2.7357,0.039,0,-0.0239,0.94,-3.3594,NAVINFLUOR,2023-02-07,0,10.4655
5.3125,29,4.1929,0.9505,69.6305,13.3033,2.1432,0.0735,1,0.0124,0.9486,4.1579,NAVINFLUOR,2023-04-11,0,2.0564
7.4769,15,1.8555,0.7605,55.3662,12.0355,1.7835,-0.035,1,0.0105,0.7469,-14.2242,NAVINFLUOR,2023-11-23,0,-1.1682
7.5345,31,3.9964,0.9263,62.1994,18.2852,2.635,0.0404,1,0.0291,0.7561,-12.105,NAVINFLUOR,2024-04-10,0,-1.4328
5.3522,18,3.2046,0.8675,65.0339,15.2014,2.6994,0.0733,1,0.0489,0.9601,26.0278,NAVINFLUOR,2024-07-30,0,-10.6746
5.5602,21,2.6266,0.6415,61.9492,8.0772,2.2769,0.0467,1,0.0262,1.2283,21.1406,NAVINFLUOR,2025-06-12,0,6.1471
7.8429,24,5.5868,0.5981,69.3586,9.5988,2.685,0.0811,1,0.0209,1.3175,13.8107,NAVINFLUOR,2025-06-17,0,0.7092
7.389,45,2.6542,0.3526,60.6385,11.6659,3.9157,0.064,0,-0.0046,1.1991,33.3932,NAVINFLUOR,2026-02-03,0,-7.0889
10.2334,0,3.312,0.525,60.3838,9.2305,3.6271,0.019,0,-0.0241,0.9511,-20.4918,NBCC,2018-04-03,0,-5.0758
8.3946,4,1.998,0.8,59.8672,13.0694,3.1895,0.031,1,0.0241,0.6156,18.1759,NBCC,2020-01-02,0,-8.8204
5.2857,17,2.7034,0.75,59.1849,11.9443,2.8364,-0.0054,1,0.0854,0.9328,-4.7525,NBCC,2020-11-10,0,14.5295
11.6407,0,4.7107,0.7292,67.6377,11.5373,3.6338,0.0807,1,0.0867,1.0845,8.8795,NBCC,2020-11-20,0,7.0982
6.5329,13,4.7599,0.8235,60.0591,12.4529,3.1919,0.0136,1,0.0734,0.8449,-3.0241,NBCC,2021-09-23,0,-4.1492
7.7759,9,4.5131,0.7627,58.833,17.0847,2.723,-0.007,0,-0.0306,1.0702,10.8729,NBCC,2023-03-02,0,-6.1233
7.5536,17,3.9475,0.9577,68.6946,15.0309,3.5549,0.1388,1,0.0329,1.1544,10.7417,NBCC,2023-05-24,0,-9.1494
9.5044,5,4.2584,0.9375,68.737,11.2656,4.5942,0.2054,1,0.0606,2.0321,74.2084,NBCC,2024-01-03,1,40.3499
13.7042,0,2.8969,0.8487,69.3009,8.2683,4.7502,0.2204,1,0.052,2.0632,81.5515,NBCC,2024-01-09,1,36.1248
4.6214,19,2.6006,0.8394,59.7389,10.8099,2.5833,0.066,1,0.0372,1.1344,1.1555,NBCC,2025-10-29,0,-5.2066
10.6931,0,3.8797,0.9306,64.0995,8.0164,3.2303,0.0759,1,0.0051,0.9715,18.3614,NBCC,2025-12-26,0,-10.2972
10.2537,0,8.8182,0.9476,64.884,18.4023,3.4651,0.094,0,-0.002,1.0,0.0,NCC,2016-10-21,0,-11.3671
7.2696,50,3.0951,0.85,65.6333,9.3513,2.2826,0.0555,1,0.0419,0.9866,19.6294,NCC,2017-04-05,0,7.1396
4.7582,18,2.5741,0.9224,60.1027,13.0426,3.0439,0.0365,1,0.0276,0.9641,13.7952,NCC,2017-07-12,0,-9.0282
4.7832,60,5.8165,0.6916,59.3973,12.9223,2.7335,0.0208,1,0.0205,1.018,-7.3013,NCC,2017-09-12,0,-7.7532
8.3721,4,2.6373,0.7857,63.9873,9.5475,3.1045,0.0993,1,0.0356,0.7384,-17.0829,NCC,2018-09-03,0,-11.2206
10.6449,0,4.1724,0.8989,66.9738,15.8513,4.5595,0.1985,1,0.0371,1.7175,117.6948,NCC,2021-02-01,0,19.2574
10.6965,0,4.6437,0.7568,60.9312,11.1977,4.0548,0.0189,1,0.0692,0.8515,16.6498,NCC,2021-09-15,0,-9.8483
7.7205,10,5.2903,0.8778,57.8169,20.4214,3.2168,-0.0105,1,0.0326,0.7854,-14.4269,NCC,2022-04-01,0,-3.4176
13.2201,0,3.5638,0.8779,68.3328,10.516,3.2797,0.0836,1,0.0548,0.8419,-7.2502,NCC,2022-04-04,0,-12.2284
8.2701,14,2.0416,0.9474,63.9942,9.6265,3.2757,0.0533,1,0.0729,0.8213,-0.2429,NCC,2022-08-01,0,15.2878
8.359,2,1.5109,0.7971,69.297,8.8553,3.5673,0.1385,1,0.0297,1.259,50.9706,NCC,2022-12-12,0,-6.0782
7.2612,28,5.8136,0.6135,67.8882,8.6532,2.7709,0.0726,0,-0.0054,1.3053,31.9379,NCC,2023-03-08,0,14.6181
5.2914,11,4.7689,0.8289,64.5401,8.9678,2.7283,0.0819,1,0.0512,1.315,43.9554,NCC,2023-07-06,0,21.1668
9.5439,15,4.0222,0.8867,69.4078,9.673,2.9124,0.1293,1,0.0388,1.3284,52.9577,NCC,2023-07-12,0,15.2312
9.9266,2,2.1498,0.7897,59.6238,8.3187,3.6979,0.0659,1,0.0096,1.4109,30.7279,NCC,2023-10-12,0,-10.3159
8.9684,7,6.2321,0.9282,64.4151,10.7214,4.2288,0.1106,1,0.0045,1.5194,64.245,NCC,2024-05-16,0,-4.011
8.2021,14,6.199,0.7795,58.0248,10.4864,4.7542,0.0946,1,0.0438,1.5643,32.7112,NCC,2024-07-23,0,-8.3583
9.1413,20,3.0147,0.757,65.971,8.5009,4.416,0.1228,1,0.0507,1.5655,53.462,NCC,2024-07-31,0,-14.1178
6.4366,99,2.2263,0.9079,66.24,13.929,1.7839,0.054,1,0.0313,0.9201,8.5061,NESTLEIND,2017-04-27,0,-2.686
4.477,182,4.6119,0.9401,69.7955,28.3628,2.0056,0.0457,1,0.0104,1.0002,12.1172,NESTLEIND,2017-08-28,0,8.8311
6.6803,6,2.9301,0.7941,69.5684,12.9984,2.7138,0.1336,1,0.0369,1.1699,23.1476,NESTLEIND,2018-05-11,0,10.7573
5.6915,63,1.8083,0.8942,62.726,11.9514,2.1556,0.0596,1,0.0484,1.3804,34.9099,NESTLEIND,2018-07-31,0,1.3746
5.8794,12,1.7592,0.8934,61.4983,11.84,2.7099,0.0001,0,-0.0541,1.1237,5.6994,NESTLEIND,2018-10-31,0,11.6687
4.8976,39,2.1349,0.5159,66.042,8.5284,2.4255,0.0464,0,-0.0401,1.0438,10.6941,NESTLEIND,2019-08-09,0,17.8303
4.119,33,4.3918,0.8416,66.856,14.9753,1.7203,0.033,1,0.0343,1.2598,28.2029,NESTLEIND,2019-12-20,0,6.0547
10.1039,0,2.9839,0.7948,68.3469,13.1762,2.3555,0.1049,0,-0.0346,1.3793,19.332,NESTLEIND,2020-02-03,0,-4.3826
5.2266,34,1.8284,0.7323,65.7759,11.3985,2.2121,0.046,1,0.0791,1.3753,7.3416,NESTLEIND,2020-07-16,0,-6.9433
6.8384,106,3.8564,0.9224,68.1023,12.1218,2.491,0.0738,1,0.0312,0.8001,6.7472,NESTLEIND,2020-10-27,0,3.4225
7.2724,19,1.5244,0.9391,66.3984,9.9148,2.7098,0.0964,1,0.0946,0.8242,11.5716,NESTLEIND,2020-12-10,0,-3.841
5.4224,10,2.34,0.7372,65.7568,8.1012,2.0108,0.0826,1,0.0502,1.0558,7.4421,NESTLEIND,2022-07-28,0,-1.2801
5.9005,98,2.491,0.9206,69.1558,12.0272,1.8483,0.0415,0,-0.0113,1.0118,0.464,NESTLEIND,2023-03-31,0,16.5837
8.1123,106,2.8513,0.8176,69.9279,12.2601,1.7596,0.0671,1,0.0113,1.0517,2.4971,NESTLEIND,2023-04-17,0,14.7303
3.1411,18,1.8101,0.9155,68.5393,11.9702,1.4312,0.0692,1,0.0413,1.1365,16.0718,NESTLEIND,2023-06-07,0,-1.2204
4.572,99,3.452,0.5387,60.4863,12.9471,1.7119,0.0301,0,-0.0089,1.0471,7.0375,NESTLEIND,2023-10-04,0,19.5561
5.3336,110,4.1106,0.916,69.4482,10.6147,1.8198,0.075,1,0.0001,1.0639,9.3275,NESTLEIND,2023-10-19,0,6.8475
4.5704,150,4.0488,0.8197,66.2135,17.8147,1.8069,0.0576,1,0.0768,0.9795,14.1523,NESTLEIND,2023-12-19,0,-0.3602
5.9436,95,2.155,0.5543,55.4904,10.3611,2.24,0.0031,1,0.0087,0.9291,0.5969,NESTLEIND,2024-06-05,0,-1.0504
4.5904,57,3.8505,0.5842,64.9775,12.4343,2.399,0.0445,0,-0.013,0.9748,-15.1166,NESTLEIND,2025-01-31,0,-6.2595
5.3485,103,2.8051,0.8037,67.4064,8.9415,2.49,0.053,0,-0.0244,1.0461,5.6034,NESTLEIND,2025-04-09,0,-0.8944
4.4622,26,1.7428,0.9273,62.0874,14.0849,1.7199,0.0432,1,0.0174,0.9526,1.484,NESTLEIND,2025-10-15,0,0.8859
6.8909,42,2.4858,0.8699,69.1055,9.8485,1.5784,0.0416,1,0.0112,1.0658,14.0156,NESTLEIND,2026-01-05,0,-4.1395
3.0238,60,4.3129,0.8728,61.8587,13.0769,1.9744,0.0454,0,-0.0215,1.1706,11.5446,NESTLEIND,2026-01-30,0,-2.5511
6.0423,26,5.3315,0.9408,67.3405,21.4772,2.7014,0.0517,1,0.0105,1.0,0.0,NETWEB,2023-10-11,0,-9.3943
9.5592,7,10.706,0.5346,59.496,19.7275,4.9718,0.0703,1,0.0568,0.6343,-44.082,NETWEB,2025-05-05,0,7.825
14.8391,0,4.0025,0.4576,64.1118,9.4966,5.7906,0.1354,1,0.07,0.6297,-37.198,NETWEB,2025-05-12,0,1.6142
8.1781,6,9.7872,0.7744,63.7103,14.6407,2.9578,0.0684,1,0.0078,0.6595,31.191,NETWEB,2025-07-11,1,123.7402
6.8701,10,5.8106,0.6005,60.4377,15.0945,4.9981,0.0573,1,0.0017,1.5306,-14.8653,NETWEB,2026-02-18,0,-6.0344
9.5276,8,3.1813,0.7088,64.1739,11.6119,4.047,0.083,0,-0.0093,0.9293,10.722,NETWEB,2026-04-15,0,6.0944
4.8302,35,6.0967,0.5142,61.8122,9.9436,3.2085,0.0284,0,-0.023,1.0,0.0,NEULANDLAB,2016-11-07,0,-9.7103
10.1627,0,8.279,0.8211,65.5679,25.0561,3.3782,0.0682,1,0.0298,1.2577,30.2695,NEULANDLAB,2017-07-21,0,-11.8501
7.1159,5,8.3147,0.3246,64.4933,14.921,4.4453,0.1014,1,0.005,0.8063,-30.3785,NEULANDLAB,2019-01-31,1,28.0563
11.9234,0,8.259,0.0713,67.0537,18.2876,6.2752,0.1508,0,-0.0062,0.8574,-10.5023,NEULANDLAB,2019-02-14,0,16.8004
4.1406,16,2.3077,0.7558,59.8743,16.0935,3.328,-0.0199,0,-0.0274,0.7789,-1.2236,NEULANDLAB,2022-06-28,0,12.1625
8.7477,17,2.5877,0.7411,69.9842,10.1099,3.8804,0.0453,0,-0.0292,0.8371,0.623,NEULANDLAB,2022-06-29,0,2.8329
10.9677,0,7.5466,1.0,67.4687,22.3738,4.9986,0.2212,1,0.026,1.4369,44.3099,NEULANDLAB,2022-11-10,0,-15.6507
8.3056,16,4.1795,0.889,63.8812,8.7136,4.3331,0.0849,0,-0.0137,1.2928,51.5607,NEULANDLAB,2023-01-04,0,-14.353
11.1347,0,3.3228,0.6187,63.1705,10.2223,4.7163,0.1174,1,0.0519,1.6869,95.0264,NEULANDLAB,2023-07-18,0,10.8621
8.5164,17,2.0592,0.6944,62.6345,8.4074,3.4507,0.051,1,0.0098,1.7471,34.9461,NEULANDLAB,2023-10-17,0,-10.4709
10.3636,0,1.6395,0.8691,65.8812,11.1842,4.8083,0.1384,1,0.0165,1.7485,72.3755,NEULANDLAB,2024-01-25,0,6.4041
13.8657,0,4.2035,0.8872,68.1193,13.9852,6.3036,0.1733,0,-0.0035,2.0749,133.4212,NEULANDLAB,2024-10-11,0,-10.2143
9.7485,4,4.3998,0.7719,58.4985,10.2226,4.0765,0.0265,0,-0.0672,0.971,-20.3398,NEULANDLAB,2026-04-06,0,21.9445
13.0342,0,1.5203,0.8998,66.2853,8.5038,3.996,0.0903,0,-0.0228,0.9564,-16.5677,NEULANDLAB,2026-04-08,0,14.1412
5.4634,41,6.1482,0.6004,65.3795,12.1379,3.0104,0.0607,1,0.0346,1.0,0.0,NEWGEN,2018-04-30,0,-5.2034
11.1811,0,4.4128,0.646,64.8334,15.6425,5.0994,0.0739,0,-0.0702,1.1018,1.3414,NEWGEN,2018-10-29,0,19.3011
6.9137,53,13.9166,0.7108,69.5008,27.7789,3.3029,0.0867,1,0.0536,1.3376,25.7834,NEWGEN,2019-03-20,0,-4.2621
10.364,0,11.6808,0.4482,65.85,10.4792,5.8917,0.1604,1,0.0398,1.6571,69.6311,NEWGEN,2020-10-21,0,-17.1382
7.2099,16,8.8322,0.46,64.0796,13.9444,3.4269,0.0733,1,0.0236,1.1178,42.0491,NEWGEN,2021-02-23,0,-11.203
9.7027,30,4.8351,0.7391,67.9689,16.7594,3.7899,0.1304,1,0.0832,0.7273,-16.7566,NEWGEN,2022-08-12,0,-11.6807
4.4155,9,1.6049,0.8232,60.6189,8.4211,2.0116,0.0081,1,0.0473,0.8421,-0.7773,NEWGEN,2022-11-28,0,-1.4542
6.2846,12,2.7328,0.75,60.4011,8.2761,4.396,0.0625,0,-0.003,0.945,-3.232,NEWGEN,2023-01-03,0,19.6513
5.7622,20,5.4005,0.6335,62.963,12.6616,3.0005,0.0725,0,-0.0185,0.9441,-1.4554,NEWGEN,2023-01-13,0,19.0921
7.3333,5,2.3826,0.9235,62.119,9.3478,3.6936,0.0688,1,0.0042,1.805,50.3514,NEWGEN,2023-09-27,1,65.2679
12.1619,0,2.3197,0.759,66.1349,8.1251,5.2354,0.125,1,0.0368,1.2872,19.3964,NEWGEN,2024-06-21,0,21.3254
8.9578,6,4.0344,0.6635,60.5463,9.4804,4.4676,0.0686,1,0.0569,1.1238,22.3113,NEWGEN,2024-07-12,0,24.497
8.8043,8,4.1446,0.7751,67.411,12.0753,4.1589,0.143,1,0.0269,1.4126,20.7715,NEWGEN,2024-09-13,0,-4.5633
4.462,14,5.9771,0.5283,57.0302,11.7382,2.507,0.0076,1,0.0215,0.885,-19.9791,NEWGEN,2025-09-18,0,-7.7173
5.3359,36,1.762,0.8571,62.6014,13.4408,2.1855,0.0226,0,-0.0083,1.0,0.0,NHPC,2016-10-28,0,-7.7095
8.7124,74,6.8672,0.6481,69.1041,10.7628,3.1424,0.0646,1,0.0318,1.0994,12.8813,NHPC,2017-06-09,0,-6.6617
5.9666,120,2.014,0.7027,66.0847,12.9695,2.0581,0.0507,1,0.0152,0.8237,-2.3022,NHPC,2017-12-21,0,-0.5686
5.9743,68,2.8274,0.45,65.0718,10.187,2.6052,0.0276,1,0.0212,1.0769,5.1958,NHPC,2019-03-07,0,-4.54
9.8207,39,6.7511,0.4545,69.9033,13.479,2.8177,0.0649,1,0.0316,0.9068,2.2681,NHPC,2019-05-28,0,-7.0866
4.8797,40,1.7867,0.8222,55.3316,20.2,2.5318,0.0016,0,-0.0461,1.1795,-2.1659,NHPC,2022-03-02,0,5.3401
3.6545,43,3.3306,0.6957,58.9649,16.1525,2.2065,-0.0052,0,-0.0128,1.0937,8.7649,NHPC,2023-01-17,0,-3.1425
5.8229,17,2.1679,0.9211,65.7921,11.2268,2.817,0.0572,0,-0.0054,1.1251,-1.3173,NHPC,2023-03-08,0,5.4892
5.663,32,2.5423,0.5644,58.8672,15.6249,3.4512,0.0375,0,-0.0279,1.1631,3.2915,NHPC,2023-03-29,0,9.08
10.905,0,1.9236,0.8148,64.8746,9.9345,2.7007,0.0949,1,0.0177,1.0905,9.08,NHPC,2023-04-26,0,6.6218
3.3099,41,2.8389,0.8372,66.1873,11.8562,2.1756,0.0513,1,0.0512,1.1357,20.0767,NHPC,2023-07-06,0,7.0102
7.03,53,2.1026,0.641,67.7234,11.4145,3.3424,0.1056,1,0.0411,1.1346,21.5591,NHPC,2023-07-24,0,-0.7089
10.2667,0,3.1803,0.819,65.2775,11.2265,3.8781,0.1296,1,0.027,1.1896,26.4723,NHPC,2023-09-14,0,-12.1416
10.506,0,3.2451,0.5968,68.7829,8.0873,2.9002,0.0778,1,0.0345,1.1978,17.7067,NHPC,2023-12-01,1,47.2097
10.355,0,7.5523,0.6351,64.0777,27.7184,3.1634,0.0,0,0.0,1.0,0.0,NH,2016-08-01,0,7.7969
5.9994,13,3.1249,0.3083,61.0373,9.0504,4.809,0.0664,0,-0.0188,1.0,12.4127,NH,2016-11-10,0,-4.9106
8.5007,13,10.4334,0.4016,59.3625,15.0006,3.7576,0.0221,0,-0.0543,1.1806,7.294,NH,2019-08-13,0,-4.1094
8.891,18,2.3246,0.7306,65.5041,12.4506,3.9998,0.1107,1,0.0938,1.2027,-13.8732,NH,2020-06-01,0,-14.5718
7.7783,12,4.6181,0.6075,60.8651,9.526,3.8411,0.055,0,-0.0031,1.06,-3.3857,NH,2021-05-14,0,21.3433
6.2465,12,1.7658,0.8294,64.8443,8.6482,2.8571,0.1008,1,0.0165,1.0167,16.9584,NH,2021-07-12,0,-5.3185
8.1134,14,6.0927,0.8039,67.6221,12.5588,3.2422,0.1078,1,0.0285,1.0473,40.9969,NH,2021-08-06,0,-12.206
5.1098,25,1.9542,0.5965,56.8631,8.0538,3.2159,0.0262,1,0.0448,1.0654,11.4776,NH,2021-10-26,0,20.5987
7.008,30,5.2025,0.8459,63.4742,14.0573,3.6746,0.0631,1,0.0152,1.1216,15.1464,NH,2021-11-02,0,16.3201
10.3896,0,12.0372,0.1545,68.6156,8.008,4.3492,0.0903,1,0.0055,1.1417,19.826,NH,2021-11-11,0,18.4567
3.5235,35,4.9266,0.6515,64.5264,24.6143,2.0677,0.0311,1,0.0014,1.2077,3.2993,NH,2022-07-15,0,-6.4778
5.6627,37,6.2874,0.4496,65.7413,8.9948,3.114,0.0714,1,0.0162,1.0544,20.3691,NH,2022-10-28,0,-6.8906
10.807,0,5.3627,0.1221,68.1402,8.356,3.2789,0.0745,1,0.005,1.3992,14.7963,NH,2023-11-15,0,19.6792
3.8002,17,1.6021,0.819,59.5841,9.3593,2.2283,0.057,1,0.0654,1.1017,19.5982,NH,2024-01-05,0,0.3235
8.2655,33,2.9735,0.7535,68.2022,12.259,3.1306,0.0795,1,0.0283,1.1355,18.5017,NH,2024-01-31,0,-5.5714
5.3695,39,3.2348,0.8475,62.4566,9.2671,2.3892,0.0517,0,-0.0053,1.0136,6.2695,NH,2024-12-04,0,12.4193
4.0152,62,2.4048,0.7225,64.0778,8.338,2.45,0.0572,0,-0.0163,1.1199,6.0592,NH,2025-01-07,0,21.1268
7.7626,98,9.1757,0.6136,67.3134,9.3222,4.0017,0.1012,0,-0.0348,1.2908,14.7741,NH,2025-02-25,0,1.162
4.3022,14,6.444,0.2841,55.3948,10.5352,3.2886,0.0331,1,0.0516,1.3182,35.419,NH,2025-05-26,0,5.7606
7.2245,59,1.6503,0.9511,67.3616,17.496,2.7967,0.0661,1,0.0198,1.0728,16.0658,NIACL,2018-05-28,0,-6.7816
6.1499,35,2.4484,0.9073,62.2952,8.3719,3.0858,0.0414,1,0.0154,0.7834,-10.1703,NIACL,2019-03-05,0,-12.4387
7.0286,19,5.049,0.7108,63.3679,10.6356,3.3821,0.1052,1,0.1151,1.0065,-20.5781,NIACL,2020-06-08,0,-10.6107
8.4921,17,6.737,0.7834,63.8997,12.6591,3.4243,0.0686,1,0.0196,1.3363,27.3429,NIACL,2021-05-19,0,-4.4174
4.6525,36,2.7547,0.6846,58.8401,11.8041,2.9226,0.0197,0,-0.005,0.809,-12.011,NIACL,2022-01-31,0,-10.6453
7.2764,17,10.3695,0.5146,68.1334,15.2437,2.5539,0.0368,1,0.0725,0.6507,-20.6912,NIACL,2022-08-03,0,-2.1304
8.3143,39,5.8495,0.617,68.3271,9.7629,2.5058,0.0798,1,0.0361,1.2382,-9.8614,NIACL,2023-05-02,0,9.7934
4.4964,40,6.0582,0.5612,64.8146,10.3481,2.4958,0.0406,1,0.0411,0.9004,18.5488,NIACL,2023-07-24,0,17.9415
5.5633,60,8.4914,0.5847,66.0741,14.2339,3.3564,0.0838,1,0.0032,1.1322,27.7507,NIACL,2023-08-22,0,1.6464
10.0562,0,4.3869,0.9808,67.863,13.251,4.2184,0.1654,1,0.0351,1.9453,83.0169,NIACL,2024-01-19,0,0.4688
10.3634,0,3.389,0.7979,59.5435,13.9027,3.3583,0.0012,1,0.009,1.4916,3.3361,NIACL,2024-04-26,0,-9.453
9.5965,35,18.5339,0.8887,67.9249,36.0432,3.0434,0.0974,0,-0.008,1.108,33.6757,NIACL,2025-07-30,0,-5.3182
7.2646,21,5.0553,0.662,64.2472,8.8948,3.1991,0.0319,1,0.0045,0.7975,-15.9069,NIACL,2026-02-10,0,-10.6457
10.8197,0,13.841,0.6591,69.9416,11.6558,3.6486,0.1117,1,0.0572,1.0,-9.6332,NIVABUPA,2025-04-23,0,-4.2071
3.8432,7,3.557,0.8182,59.3899,12.6227,2.113,0.0083,1,0.0249,0.9836,13.2792,NIVABUPA,2025-07-04,0,-2.6929
7.0283,10,6.0281,0.9387,68.3999,14.7421,2.23,0.0547,1,0.0224,1.0315,14.6495,NIVABUPA,2025-07-09,0,-7.0663
4.399,49,7.998,0.7644,67.6773,12.0397,1.668,0.0534,0,-0.0036,0.8783,-2.4534,NIVABUPA,2026-01-08,0,-4.0854
4.0653,59,3.7929,0.8191,61.3527,15.908,2.4763,0.0246,0,-0.0052,1.0,0.0,NLCINDIA,2016-10-19,0,-3.8991
5.3826,15,2.3574,0.3101,56.9451,9.1684,3.1735,0.0562,1,0.0294,1.2629,52.939,NLCINDIA,2017-05-10,0,-7.8812
7.597,57,2.5628,0.5941,62.5704,13.5095,3.6204,0.0643,0,-0.0133,1.0037,14.6061,NLCINDIA,2019-07-12,0,-11.0577
9.1344,35,2.1303,0.6,60.8714,10.7046,3.0748,0.0324,1,0.0748,1.1356,-8.6703,NLCINDIA,2020-06-18,0,-1.8461
7.2558,5,1.9838,0.8235,60.8564,10.3803,2.5474,-0.0035,1,0.0692,0.9084,12.8412,NLCINDIA,2021-09-15,0,19.7792
6.8044,7,2.7095,0.7941,59.0168,11.7701,3.1098,0.0076,0,-0.0189,0.9702,26.464,NLCINDIA,2021-12-30,0,2.6374
10.4873,0,4.5699,0.8846,65.9456,9.5471,2.9478,0.062,1,0.0325,0.9712,30.7683,NLCINDIA,2022-01-11,0,-3.2232
10.5382,0,3.4841,0.8922,67.9465,10.5645,4.791,0.1687,0,-0.0131,1.2208,27.643,NLCINDIA,2022-02-07,0,-13.5503
7.6759,4,3.5485,0.8514,65.3833,10.3949,4.0625,0.0943,1,0.009,1.6525,33.4215,NLCINDIA,2024-04-26,0,-13.1369
6.4086,20,2.3195,0.8353,62.7494,9.2705,3.8995,0.0565,1,0.0432,1.194,25.8163,NLCINDIA,2024-09-24,0,-11.7522
4.3493,32,3.9442,0.8654,63.882,12.6021,2.1033,0.0263,1,0.0085,0.9557,5.2399,NLCINDIA,2025-07-16,0,-6.9695
6.153,36,5.2046,0.7568,61.812,12.4718,2.4,0.0342,1,0.0005,0.9756,9.2309,NLCINDIA,2025-07-22,0,-7.2782
6.6283,70,4.4351,0.9121,63.5991,8.0059,3.0451,0.0608,1,0.0021,0.9977,10.3457,NLCINDIA,2025-09-10,0,2.0404
4.9417,47,2.528,0.9008,58.5655,13.0473,2.9877,-0.0004,1,0.0117,1.0643,5.4757,NLCINDIA,2025-12-23,0,-4.1721
8.3957,37,5.9589,0.785,57.073,12.7854,3.9249,0.0344,0,-0.0708,1.1451,2.565,NLCINDIA,2026-03-12,0,18.2509
10.8467,0,9.7357,0.6911,69.3354,11.6901,3.8395,0.1353,0,-0.0097,1.1638,25.0687,NLCINDIA,2026-04-16,0,5.2433
8.9714,19,2.2969,0.9026,63.7117,8.1807,3.0877,0.0852,1,0.047,1.3531,23.1053,NMDC,2017-02-28,0,-9.2318
7.8307,24,1.7788,0.8871,69.061,8.6965,2.9057,0.1081,1,0.0144,0.8225,1.4548,NMDC,2017-09-01,0,-5.985
5.7163,6,3.9683,0.7485,60.5914,13.3325,2.2537,0.0216,1,0.0355,0.8982,14.3797,NMDC,2017-10-26,0,12.5
6.5662,53,3.5591,0.8105,69.8424,8.5055,2.1918,0.0705,0,-0.0027,1.0017,-8.1204,NMDC,2019-02-28,0,6.7174
9.375,16,2.3428,0.9293,65.2189,10.6955,3.0088,0.0489,1,0.0465,0.9673,11.6667,NMDC,2020-11-05,1,26.7936
6.6364,14,1.9073,0.7738,62.746,8.801,2.1535,0.0643,1,0.0411,0.7757,0.1296,NMDC,2022-01-12,0,-4.6411
7.8399,36,3.1716,0.7173,61.9659,8.2424,4.1984,0.0768,1,0.0133,0.8144,25.6424,NMDC,2022-10-27,0,10.5742
9.3228,20,2.3332,0.9,63.7758,8.3364,2.7592,0.0836,0,-0.0222,1.4525,36.9244,NMDC,2023-01-11,0,-6.8948
4.762,116,2.786,0.8642,69.2053,13.1459,1.5361,0.0408,1,0.0388,0.8721,-0.446,NMDC,2023-07-12,0,-0.7273
5.5601,139,3.5858,0.9291,69.7377,12.2349,2.2054,0.0797,1,0.0092,0.9417,6.553,NMDC,2023-08-14,1,28.9191
7.8627,39,1.9304,0.832,60.3814,10.6234,3.4105,0.0614,0,-0.0032,1.0776,-13.6328,NMDC,2025-03-19,0,-11.4241
4.2334,62,2.5792,0.8985,60.9073,12.7434,2.2923,0.0471,0,-0.0162,1.0745,8.5226,NMDC,2025-09-02,0,0.2228
3.5976,10,1.5572,0.84,66.1092,9.9506,2.2127,0.0755,1,0.0133,1.1614,12.9022,NMDC,2025-10-09,0,-7.7413
7.1609,61,4.4055,0.7768,69.3094,8.2596,2.2192,0.0776,1,0.0117,1.1385,16.5337,NMDC,2025-12-23,0,-4.6068
5.7448,33,2.0806,0.7916,56.7364,8.1875,3.4398,0.0258,0,-0.0672,1.1783,14.0994,NMDC,2026-04-06,0,8.3947
4.6318,18,4.0996,0.5303,66.0816,10.0262,2.6756,0.086,1,0.0519,1.0,19.3464,NSLNISP,2023-07-18,0,10.4669
6.9445,26,3.3803,0.5323,68.4557,8.1638,3.3827,0.0891,1,0.0334,1.0,31.5716,NSLNISP,2023-07-28,0,6.2004
5.6952,11,3.5127,0.0759,59.5428,9.106,3.5471,0.0871,1,0.0149,1.0734,-10.5401,NSLNISP,2024-01-23,0,11.9576
5.4149,14,5.2556,0.6649,57.3569,12.7396,2.4628,-0.0024,1,0.0506,1.0511,-3.8468,NSLNISP,2024-07-11,0,-7.5953
8.8763,18,4.08,0.7537,65.2291,8.043,2.6956,0.0944,1,0.0337,1.26,25.8116,NSLNISP,2025-10-28,0,-9.6375
6.5798,24,3.1573,0.8164,62.3594,9.1424,2.6363,0.0204,1,0.0004,1.0385,8.9101,NSLNISP,2025-12-30,0,-7.0386
6.2585,8,5.762,0.6014,62.6722,10.5587,3.2673,0.1172,0,-0.0193,1.113,2.3111,NSLNISP,2026-05-13,0,1.2542
9.7221,8,4.9928,0.7783,60.6694,10.4165,4.0935,0.0468,1,0.0206,1.0,-28.3711,NTPCGREEN,2025-04-16,0,-9.634
10.0221,0,7.9541,0.2006,68.5404,8.9654,3.6612,0.1135,1,0.0393,1.0,-10.5779,NTPCGREEN,2025-05-22,0,-7.4401
4.8659,22,3.1693,0.8145,62.2097,9.1434,2.0477,0.0482,1,0.0078,0.8678,20.5848,NTPCGREEN,2025-07-11,0,-6.7496
5.2737,96,2.9331,0.9465,69.7168,13.3945,1.6082,0.0327,1,0.0372,0.9757,0.9903,NTPCGREEN,2025-10-29,0,-5.4288
4.8787,137,2.6757,0.6638,60.1911,9.8071,1.8609,-0.0115,1,0.0007,0.8867,-5.8264,NTPCGREEN,2025-12-29,0,-6.4301
7.0259,2,2.6451,0.811,66.4968,11.2332,3.9226,0.1308,0,-0.0261,1.1138,9.7736,NTPCGREEN,2026-04-13,0,-2.1652
4.7611,79,2.8645,0.879,64.0939,15.3015,2.8562,0.0417,0,-0.0648,1.0,5.3703,NTPC,2016-11-18,0,8.7421
4.9091,82,1.7396,0.8856,61.7038,9.2728,3.0877,0.0484,0,-0.0636,1.0,2.508,NTPC,2016-11-23,0,9.1613
5.7183,95,3.5993,0.8451,69.7742,13.5807,2.2944,0.0658,1,0.037,0.8599,4.5316,NTPC,2017-08-02,0,6.7114
4.133,139,2.9014,0.7153,67.6918,8.6151,1.7142,0.0469,1,0.0035,0.9869,13.9469,NTPC,2017-10-06,0,2.6007
4.7575,101,1.6893,0.806,62.8406,8.3849,1.824,0.017,1,0.0167,0.841,1.0611,NTPC,2019-12-31,0,-3.4439
8.9674,7,3.613,0.8,61.9772,8.2931,2.9306,-0.0035,1,0.0312,0.8045,-3.248,NTPC,2020-10-27,0,7.6244
9.1544,35,2.4999,0.8955,69.663,8.5011,2.7887,0.0661,1,0.0077,1.0734,15.6704,NTPC,2021-05-11,0,2.014
6.3131,18,2.7374,0.9389,61.0426,11.8287,2.6792,0.0178,1,0.0175,1.0244,19.8374,NTPC,2022-01-04,0,-1.4299
7.5975,4,2.4758,0.3583,68.4341,9.4321,2.4209,0.0832,0,-0.0191,1.1385,14.2217,NTPC,2022-01-28,0,-7.9549
4.6537,73,2.0866,0.8077,68.552,10.6834,1.8394,0.0533,0,-0.01,1.1049,7.9071,NTPC,2023-02-21,0,-1.4542
3.2232,144,2.4756,0.632,67.0596,9.6072,1.744,0.0437,1,0.0344,1.0667,12.5004,NTPC,2023-06-08,1,30.5515
4.527,5,1.9588,0.5042,67.3607,9.1239,2.3155,0.1023,1,0.0006,1.2496,42.9721,NTPC,2023-09-29,0,-5.3837
8.6211,27,2.6573,0.9291,68.3929,19.9197,2.6189,0.1075,1,0.038,1.3258,27.0066,NTPC,2024-06-03,0,-10.7655
2.471,137,1.7989,0.7696,61.5467,11.264,1.5026,0.0337,1,0.0372,0.9247,6.353,NTPC,2025-10-29,0,-4.9685
7.5032,15,3.7101,0.9102,62.2215,12.2069,3.841,0.0677,1,0.0389,1.3292,28.7945,NUVAMA,2024-07-24,0,19.0546
9.8127,2,3.4935,0.7874,66.2621,9.3055,3.1171,0.0973,1,0.005,1.4049,18.7357,NUVAMA,2024-12-10,0,-9.2565
11.0933,0,2.8815,0.9017,68.8761,9.1405,3.8916,0.1653,1,0.0554,0.8953,-2.5468,NUVAMA,2025-05-14,0,3.416
7.3309,13,3.7135,0.8399,60.8415,8.6203,2.4248,0.0089,1,0.0022,1.1097,-1.5709,NUVAMA,2025-10-03,0,1.0272
6.1958,39,3.8601,0.9351,63.3206,10.0423,2.7193,0.0543,1,0.0096,0.9892,10.9242,NUVAMA,2025-12-24,0,-9.5224
3.8456,20,1.6161,0.6837,64.8855,8.1683,2.3607,0.055,1,0.0455,0.8926,3.4517,NUVOCO,2023-07-14,0,-6.0291
3.9472,30,2.6654,0.7778,64.0818,10.887,2.5415,0.0507,1,0.0334,0.9234,12.4962,NUVOCO,2023-07-28,0,-6.9743
9.195,6,4.2547,0.8168,69.2086,10.1922,2.7188,0.0638,1,0.0057,0.9489,12.5885,NUVOCO,2023-09-05,0,-8.0462
5.0244,39,2.4403,0.5304,62.1773,12.2562,2.2125,0.0104,1,0.0103,1.0005,-0.6591,NUVOCO,2023-11-24,0,-3.4501
5.1656,60,3.9242,0.3833,65.7778,9.7561,3.2513,0.0834,1,0.0779,0.9601,14.6755,NUVOCO,2023-12-27,0,-11.0092
6.0978,52,15.0306,0.3917,66.386,10.5483,2.8818,0.0595,1,0.0276,1.061,12.9541,NUVOCO,2024-09-17,0,-8.0473
10.5651,0,11.9129,0.5584,56.647,12.6181,3.6268,-0.0119,1,0.0166,0.9922,-5.4733,NUVOCO,2025-03-21,0,4.9124
9.6965,15,7.3697,0.1271,58.0187,9.3814,3.8455,0.0655,1,0.0531,0.9914,-5.8395,NUVOCO,2025-05-02,0,-0.1475
10.4411,0,5.5988,0.8918,68.2176,12.7724,3.0232,0.1123,1,0.0128,0.8756,-7.2374,NUVOCO,2026-05-07,0,-7.415
5.7454,9,5.3178,0.9054,65.8045,16.9146,2.8861,0.0652,1,0.036,0.7974,5.2734,NYKAA,2023-06-02,0,0.7344
3.7878,22,2.0327,0.5882,56.1027,8.0533,2.4229,0.0373,1,0.0197,0.9711,6.8429,NYKAA,2023-08-04,0,-7.8302
8.5928,18,4.6995,0.6746,69.3781,9.3616,3.9257,0.1373,1,0.052,1.1932,41.1366,NYKAA,2024-01-09,0,-8.4521
10.3592,0,6.3574,0.5353,68.6923,12.7898,5.6004,0.1595,1,0.023,1.2084,17.5627,NYKAA,2024-08-21,0,-8.6685
5.3929,40,1.7775,0.7132,59.0591,9.1602,3.8418,0.0402,0,-0.0138,0.9479,-10.7217,NYKAA,2025-02-01,0,-10.7807
9.0953,44,1.8581,0.8795,61.8662,9.981,3.1665,0.0691,1,0.0224,1.1523,30.2943,NYKAA,2025-07-09,0,-4.4778
6.9559,15,5.473,0.9077,69.3124,12.9652,2.4942,0.1197,1,0.0097,1.3198,27.1424,NYKAA,2025-10-06,0,-2.9728
7.4287,17,3.0835,0.3399,62.5116,9.3611,4.1459,0.0,0,0.0,1.0,0.0,OBEROIRLTY,2016-08-22,0,-7.6286
5.5718,23,4.3217,0.9272,65.2347,13.3235,2.7152,0.0945,1,0.058,1.133,11.631,OBEROIRLTY,2017-02-01,0,19.8198
4.67,6,3.7036,0.6492,61.2935,13.4866,4.142,0.078,1,0.0527,1.0753,2.6225,OBEROIRLTY,2017-03-01,0,6.1778
6.8899,11,4.7679,0.5385,63.3789,9.4255,4.3407,0.1186,1,0.0224,1.0959,15.7549,OBEROIRLTY,2017-10-13,0,0.5713
12.5128,0,5.0154,0.7753,68.6273,13.5159,3.6998,0.1499,1,0.0211,1.1955,25.5493,OBEROIRLTY,2018-04-23,0,-13.7196
5.0265,21,3.0424,0.7976,58.4644,14.9199,3.3859,0.0472,1,0.0074,0.9786,3.6362,OBEROIRLTY,2019-01-24,0,11.8154
5.0813,28,2.9865,0.7455,62.5624,9.9438,2.9436,0.0507,1,0.0278,0.9559,-5.67,OBEROIRLTY,2019-12-03,0,-4.5297
3.6958,15,1.8911,0.457,59.9815,9.272,2.4957,0.0422,1,0.0173,0.9456,0.4273,OBEROIRLTY,2020-01-10,0,-6.9482
9.1175,13,2.6231,0.7602,63.647,11.992,3.9438,0.0549,1,0.0157,1.1426,31.9474,OBEROIRLTY,2021-03-15,0,-14.3092
7.4251,10,3.5775,0.8397,64.4681,14.803,3.1774,0.0537,1,0.0196,1.1451,-0.5508,OBEROIRLTY,2021-05-19,0,16.7766
10.196,0,6.124,0.79,66.27,16.3485,4.5447,0.1384,1,0.0111,1.2405,25.2966,OBEROIRLTY,2021-08-02,0,18.9825
7.4025,52,3.4758,0.877,67.8048,9.8382,1.9352,0.0609,1,0.0361,1.1278,27.4225,OFSS,2017-05-16,0,-6.4171
3.1014,172,4.9166,0.7036,60.535,13.0754,1.958,0.0305,1,0.0269,0.8684,1.5407,OFSS,2017-11-07,0,17.2529
9.2993,3,3.0156,0.7474,69.8351,10.1114,2.4567,0.1057,1,0.0113,1.059,21.1492,OFSS,2018-01-03,0,-5.3431
7.051,10,2.8066,0.8921,59.9643,18.1376,3.3936,0.0093,1,0.0144,0.9429,-6.6326,OFSS,2019-09-20,0,-6.1586
9.9448,2,2.8603,0.5452,62.4994,9.4034,2.7695,0.0081,1,0.0226,0.8541,-1.1936,OFSS,2020-01-13,0,-7.8831
4.0068,48,3.2015,0.5644,63.9585,9.0798,2.5884,0.0435,1,0.0482,1.2078,21.3434,OFSS,2020-10-14,0,-6.0334
5.4317,38,2.0421,0.5702,64.951,8.5107,2.2892,0.0309,1,0.0822,0.8433,5.0777,OFSS,2020-12-24,0,-1.7475
4.7883,19,3.2627,0.3917,62.1467,17.762,4.924,0.0472,1,0.0051,0.8222,9.3885,OFSS,2021-03-30,0,13.771
5.3855,10,3.4646,0.7386,64.8313,8.984,2.5607,0.0966,1,0.056,1.0604,19.2834,OFSS,2021-06-11,1,28.6721
6.3813,35,5.1188,0.4976,66.0854,12.1374,2.9771,0.058,1,0.065,1.2052,41.1523,OFSS,2021-10-19,0,-9.5962
5.8381,26,4.5291,0.7333,60.1325,9.6242,2.582,0.0446,1,0.0716,0.989,-3.9273,OFSS,2022-08-02,0,-5.1344
4.1417,8,3.2446,0.9534,68.7566,11.426,2.1958,0.0896,1,0.0455,1.2981,35.3669,OFSS,2023-07-14,0,3.0983
6.0825,60,2.5991,0.9278,67.7898,10.7111,2.5153,0.0747,1,0.0812,0.9813,14.253,OFSS,2023-12-15,1,93.3902
8.172,79,3.2041,0.8648,69.261,14.4763,2.8233,0.1176,1,0.0609,1.0823,13.3222,OFSS,2024-01-12,1,72.2855
7.2745,11,2.269,0.9405,64.262,10.1107,2.7647,0.051,1,0.0168,1.854,22.5693,OFSS,2024-06-06,0,20.8616
7.7639,50,9.3313,0.9241,68.9959,23.278,2.6777,0.0705,1,0.0021,1.1408,10.7359,OFSS,2025-09-10,0,-14.4226
4.466,72,3.4984,0.8891,56.6315,17.478,2.0384,0.0016,0,-0.0103,0.9069,-2.6215,OFSS,2026-01-16,0,-7.7213
8.3061,14,5.0898,0.5611,55.4962,9.659,3.3319,-0.0179,0,-0.0822,0.8587,-16.1648,OFSS,2026-03-27,1,33.1469
3.693,23,3.5511,0.8938,68.2933,12.9787,1.8842,0.0,0,0.0,1.0,0.0,OIL,2016-08-24,0,3.1471
4.8266,34,4.0861,0.9187,67.0016,12.1743,2.2961,0.0497,1,0.0163,1.3048,33.2004,OIL,2017-12-28,0,-3.8642
5.5364,67,4.0471,0.8068,66.2661,14.7073,2.2893,0.0509,0,-0.0176,0.9041,-7.1874,OIL,2018-09-21,0,-7.0956
7.2889,53,3.2295,0.8128,66.8034,8.1657,2.4135,0.0911,0,-0.0222,1.1443,22.6384,OIL,2023-01-11,0,-1.7511
9.6872,4,6.6508,0.797,61.9303,12.6592,3.9493,0.1028,0,-0.0174,1.3236,34.001,OIL,2023-02-13,0,3.5773
6.9985,19,4.6591,0.7286,65.8584,10.9694,3.5382,0.0867,1,0.0553,1.1895,31.1413,OIL,2023-12-04,1,66.8724
10.472,0,2.3567,0.7299,67.5375,10.2156,3.7524,0.0999,1,0.0768,1.2148,29.0635,OIL,2023-12-19,1,57.1757
4.4781,40,2.4299,0.9088,63.6495,8.3161,2.1014,0.0661,1,0.0294,1.0115,-6.1357,OIL,2025-10-30,0,-4.9885
4.2188,82,1.7553,0.7285,62.8506,10.6761,1.8213,0.0185,1,0.0074,0.9661,5.2406,OIL,2025-12-31,0,7.1126
8.8519,91,5.6708,0.9177,67.9885,10.5313,2.6529,0.0709,0,-0.0088,0.9908,12.5291,OIL,2026-01-13,0,1.0282
5.0553,41,1.7799,0.8326,62.7796,9.8505,2.5751,0.0518,0,-0.0088,1.3143,24.8434,OIL,2026-04-28,0,-7.295
8.7003,6,5.9429,0.7977,64.2207,15.7314,3.5324,0.0515,0,-0.0014,0.643,-11.8907,OLAELEC,2025-08-19,0,12.4758
7.8507,11,2.9943,0.6389,69.5388,11.3018,2.812,0.0729,1,0.0233,1.0,0.0,OLECTRA,2016-09-22,0,-9.9576
9.1175,3,7.1093,0.4414,58.0533,10.5914,6.6373,0.0939,0,-0.0325,1.0,15.272,OLECTRA,2016-12-21,1,132.6889
12.7134,0,12.7874,0.9861,66.1492,25.1368,5.1082,0.1197,1,0.0175,1.4889,16.9922,OLECTRA,2018-12-27,0,-15.1579
7.3998,6,2.1517,0.6621,60.0756,13.3059,5.1396,0.0414,0,-0.0401,0.983,-19.1754,OLECTRA,2019-08-09,0,-16.7112
8.5692,22,6.9631,0.7415,67.6075,14.2943,4.1593,0.1212,1,0.0774,1.225,9.5897,OLECTRA,2023-12-29,1,29.4355
6.2205,18,3.6033,0.6844,64.7017,8.3552,3.48,0.0924,1,0.0557,1.2416,-7.5243,OLECTRA,2024-07-08,0,-10.1107
10.5658,0,2.8775,0.8858,65.2648,11.9226,3.4081,0.0758,1,0.0316,0.802,-3.2419,OLECTRA,2024-10-01,0,-9.8661
6.471,14,3.9684,0.7385,60.6507,9.1481,2.731,0.0294,1,0.0167,0.8172,7.3295,OLECTRA,2025-07-10,0,23.1663
9.6586,23,3.0976,0.8207,69.8472,8.3841,2.7882,0.0832,1,0.0064,0.8635,22.298,OLECTRA,2025-07-23,0,14.0667
7.4379,6,6.5576,0.7079,55.844,10.8697,3.3317,-0.0114,1,0.005,0.8177,-9.263,ONESOURCE,2025-12-19,0,-4.264
5.7718,88,2.6666,0.76,63.3295,9.7386,1.8228,0.0176,1,0.0258,0.9438,-3.3763,ONGC,2017-05-02,0,-6.6074
4.691,20,1.6399,0.88,61.0482,8.5909,2.1631,0.0186,1,0.0394,0.7185,-12.7029,ONGC,2017-07-31,0,-7.3598
4.3242,52,2.9917,0.8757,60.5861,16.5448,1.9854,0.0284,1,0.0169,0.7891,-10.3976,ONGC,2017-09-15,0,9.6927
6.4343,59,1.9462,0.8281,66.6083,11.0165,2.3616,0.0564,0,-0.0082,0.8354,-4.7974,ONGC,2017-09-26,0,5.9968
3.8997,12,2.7775,0.3396,62.5133,10.9989,2.2955,0.0696,1,0.0525,1.135,27.2475,ONGC,2018-01-22,0,-3.9332
3.112,50,2.4338,0.812,65.073,10.6861,2.1742,0.0413,1,0.0287,0.9591,-1.0476,ONGC,2018-05-10,0,-7.0485
10.4818,0,2.0849,0.8989,56.8849,12.953,4.0179,0.0059,1,0.0144,0.9011,-19.163,ONGC,2019-09-20,0,-1.546
5.6985,10,3.7613,0.516,57.7195,8.7062,3.4047,0.0058,0,-0.0102,1.3235,6.9052,ONGC,2021-04-30,0,6.1489
7.8587,50,1.5503,0.9149,65.8861,9.3795,2.5763,0.0513,1,0.0721,0.934,19.283,ONGC,2021-09-03,0,22.532
10.9042,0,4.4664,0.8744,68.6811,16.171,4.0506,0.1675,0,-0.0865,1.7651,20.1116,ONGC,2022-03-07,0,-12.9526
8.1864,5,1.6478,0.9194,57.0515,9.6824,2.8761,0.0086,1,0.0832,0.8275,-17.1675,ONGC,2022-08-12,0,-5.6467
3.7217,57,3.1133,0.7101,67.1857,15.6404,1.6909,0.0693,1,0.0003,1.0672,13.4533,ONGC,2023-09-01,0,-1.8003
5.9622,30,3.9122,0.8044,60.5059,11.756,2.6991,0.0466,1,0.006,1.41,45.6506,ONGC,2024-04-15,0,-1.3538
6.7182,3,2.1824,0.9141,64.4309,8.412,2.0856,0.055,1,0.0576,1.2741,4.1938,ONGC,2024-07-05,0,8.2245
7.7565,45,1.5073,0.9359,68.4625,8.0458,3.4561,0.1076,0,-0.0029,1.0,0.0,PAGEIND,2016-10-18,0,-7.5873
8.5899,10,4.2391,0.9098,67.2648,11.8015,3.604,0.1502,1,0.0128,1.3662,51.1808,PAGEIND,2017-12-18,0,-9.2072
13.0668,0,1.6865,0.8904,68.2808,8.4195,3.3839,0.1135,0,-0.0143,1.2471,7.0087,PAGEIND,2018-04-05,0,-4.7911
5.2628,19,3.6756,0.759,59.8554,12.7446,2.904,0.0512,1,0.0124,1.063,6.8754,PAGEIND,2018-05-25,1,40.3578
9.0718,32,2.8899,0.445,63.7673,8.2172,3.5469,0.0601,1,0.0228,1.0548,19.9028,PAGEIND,2018-06-13,1,29.8052
4.9634,13,1.9191,0.8449,66.1306,14.5397,2.3984,0.0361,1,0.0258,1.0977,31.4795,PAGEIND,2019-12-27,0,0.1479
5.8306,27,4.1321,0.858,63.9193,18.6978,2.7742,0.045,1,0.0499,0.9394,20.569,PAGEIND,2020-08-21,0,-7.482
4.9867,21,2.0209,0.9252,65.8602,9.8436,1.9073,0.0453,1,0.0178,0.9885,8.9185,PAGEIND,2021-07-09,0,-2.2345
4.4812,8,1.7741,0.7531,67.6178,8.0976,2.3608,0.1213,1,0.0637,1.1576,11.7261,PAGEIND,2022-08-30,0,-2.8268
5.6014,154,1.8751,0.9413,61.3819,10.2584,2.0899,0.022,1,0.0254,0.7989,-2.8582,PAGEIND,2024-04-09,0,-4.6686
5.0211,181,2.3508,0.9267,61.4144,10.0635,2.0344,0.0359,1,0.0124,0.8479,-6.7791,PAGEIND,2024-05-22,0,13.0815
5.1206,184,2.5189,0.751,61.3692,8.345,2.6015,0.0436,1,0.026,0.8424,0.7033,PAGEIND,2024-05-27,0,16.2501
7.7241,187,2.1591,0.779,68.7555,9.0908,2.8387,0.0788,1,0.0049,0.8879,3.284,PAGEIND,2024-05-30,0,11.0061
5.2032,55,3.153,0.8207,63.9692,8.1499,2.183,0.0605,1,0.0291,1.0798,25.6599,PAGEIND,2024-09-12,0,-0.999
5.0879,73,1.6657,0.8724,63.4025,11.0308,2.5249,0.0516,0,-0.0026,1.1711,16.9574,PAGEIND,2024-10-09,0,-2.6561
4.6839,75,2.1295,0.7329,66.4753,12.8137,2.2715,0.0492,1,0.0253,0.9419,11.467,PAGEIND,2025-06-25,0,-4.1825
8.3128,142,2.472,0.7254,61.6174,10.243,2.9802,0.0009,0,-0.0074,0.7476,-15.6848,PAGEIND,2026-02-05,0,-7.0319
8.4844,9,4.0007,0.79,60.0851,11.9773,3.2457,0.0159,1,0.0349,1.2467,21.2151,PARADEEP,2022-12-14,0,-8.4306
6.0197,17,2.4303,0.9394,60.5741,11.3861,3.2018,0.0696,0,-0.0309,1.1599,-1.0244,PARADEEP,2023-01-31,0,-13.086
8.6627,42,5.1897,0.8962,69.0407,17.6276,2.7449,0.1014,1,0.036,1.0035,-1.7617,PARADEEP,2023-06-06,0,1.5254
8.5176,27,2.8475,0.9125,69.3756,8.9091,3.3551,0.1154,1,0.0048,1.1499,29.7872,PARADEEP,2023-08-23,0,-6.7208
7.5101,8,6.7603,0.6287,60.6754,11.7499,5.1648,0.1173,1,0.0161,1.1473,14.5746,PARADEEP,2024-02-08,0,-15.0633
9.9628,33,4.4023,0.9373,63.2658,14.6645,4.134,0.0817,1,0.0341,1.0098,-6.1673,PARADEEP,2024-06-10,0,13.4433
6.4543,25,2.9769,0.9148,60.7335,16.416,3.2365,0.0499,1,0.0316,1.175,31.0283,PARADEEP,2024-10-01,0,22.6576
11.7815,0,1.8256,0.8875,61.1991,11.0625,4.0088,0.0124,1,0.0298,1.3355,-1.8857,PARADEEP,2025-03-24,1,58.6009
7.8392,11,2.0795,0.8966,61.8122,10.5888,4.061,0.0206,1,0.007,1.0,0.0,PATANJALI,2016-09-28,0,-9.9099
11.5188,0,4.1417,0.6604,66.027,9.9502,4.6866,0.0933,1,0.0007,1.0,0.0,PATANJALI,2016-10-06,0,-15.7895
7.5684,8,2.6868,1.0,59.2154,8.1867,3.9748,0.0635,1,0.0966,0.6901,-46.7945,PATANJALI,2020-11-17,0,10.6349
10.8212,0,5.7041,0.8913,64.6582,16.8166,3.4581,0.0617,1,0.0141,1.1245,7.8496,PATANJALI,2021-05-10,1,54.5135
9.8609,1,5.1709,0.1422,55.1285,9.4372,5.2459,-0.0028,1,0.0094,1.0538,-6.5712,PATANJALI,2021-11-16,0,-12.5138
6.178,6,6.4366,0.5983,62.6196,25.549,2.1743,-0.0029,1,0.0411,0.6922,-14.1655,PATANJALI,2022-01-12,0,-6.2262
3.8924,10,4.0026,0.7823,61.6047,9.5063,2.9928,0.0292,1,0.0337,1.3469,9.1801,PATANJALI,2022-07-27,1,33.0877
6.628,12,2.5111,0.8267,67.4825,8.2121,3.0713,0.0673,1,0.0632,1.344,24.086,PATANJALI,2022-07-29,1,26.0402
5.218,20,2.6247,0.9837,64.6339,13.4196,2.655,0.0526,1,0.0371,0.8078,-15.3329,PATANJALI,2023-05-23,0,24.2
9.6837,39,2.1667,0.9026,63.8271,8.7844,3.4602,0.0711,0,-0.0254,1.3971,16.9074,PATANJALI,2023-10-31,0,-5.76
6.5479,7,3.4501,0.7369,68.2694,9.21,3.3815,0.1341,1,0.052,1.2683,35.1609,PATANJALI,2024-01-09,0,-10.6855
6.8546,9,1.7327,0.8873,59.2659,9.8791,3.5176,-0.008,1,0.0074,0.9636,-6.5959,PATANJALI,2024-04-22,0,-5.6664
10.1481,0,3.1804,0.5864,69.2066,8.7092,3.0697,0.1313,1,0.0046,1.0129,28.6199,PATANJALI,2024-08-06,0,1.7226
6.4385,96,2.4992,0.9095,68.9733,8.3574,1.9359,0.0444,1,0.0106,1.2314,6.6351,PATANJALI,2025-04-03,0,-3.4268
4.8357,35,1.7989,0.9029,65.5843,14.3024,2.0624,0.0273,1,0.0085,0.8998,-0.2858,PATANJALI,2025-07-15,0,3.0292
4.8344,37,2.944,0.6866,56.3167,9.7213,2.2804,0.0056,0,-0.0053,0.8814,-17.4686,PATANJALI,2026-05-19,0,-8.4753
11.5365,0,2.9728,0.868,66.8151,9.2839,4.2902,0.1535,0,-0.0301,0.55,-18.7782,PAYTM,2022-06-27,0,-2.978
7.6303,4,1.7531,0.8944,60.1283,9.4267,2.2521,0.0569,1,0.0167,0.9742,28.0182,PAYTM,2025-07-10,0,24.8939
6.5031,4,3.2157,0.6788,63.3827,11.2113,2.3106,0.0661,1,0.0126,1.5047,44.2097,PAYTM,2025-11-06,0,-5.5392
9.9647,7,1.6813,0.9434,57.2858,10.3906,4.6129,0.0125,0,-0.0228,0.9862,-10.3472,PAYTM,2026-04-08,0,-3.6998
7.8162,3,4.1137,0.9092,64.0395,13.2299,3.0068,0.1049,1,0.0128,0.9992,-10.6618,PAYTM,2026-05-07,0,-9.8745
9.5004,12,3.829,0.6171,62.3782,10.8796,3.9577,0.1098,0,-0.0083,1.0,0.0,PCBL,2016-10-28,0,-14.9342
7.3795,20,4.4793,0.8739,63.7486,11.4584,3.0813,0.0521,1,0.0051,1.4765,0.8139,PCBL,2017-01-09,1,47.7049
7.1524,20,3.9762,0.7317,66.062,11.4855,2.92,0.065,1,0.0117,1.5249,64.7313,PCBL,2018-01-02,0,14.639
14.0011,0,5.197,0.913,65.8435,19.0055,4.8299,0.0575,0,-0.0377,0.7892,-25.7876,PCBL,2019-07-26,0,-16.7876
8.8199,3,2.2153,0.7877,62.9645,8.1556,2.6775,0.0228,1,0.0169,1.012,-1.9162,PCBL,2020-01-01,0,-0.192
12.0623,0,6.296,0.6049,64.7757,12.4889,4.6055,0.1337,1,0.1158,0.8502,-38.5582,PCBL,2020-06-05,1,35.6507
7.9636,9,3.9475,0.7888,66.7856,11.1636,3.5888,0.1177,1,0.0251,1.3079,32.719,PCBL,2021-05-18,0,2.2559
7.257,30,5.9303,0.4879,60.8547,11.1716,3.7616,0.0679,1,0.0121,1.2399,17.4785,PCBL,2021-07-26,0,-5.9065
7.3355,16,4.0432,0.8571,65.853,9.7782,3.2901,0.0841,1,0.0702,1.1346,18.8621,PCBL,2021-09-27,0,-11.2776
5.8045,12,2.6516,0.7459,58.312,8.6673,2.6587,0.0026,0,-0.0006,0.9941,-4.5617,PCBL,2023-02-16,0,-7.2864
5.4207,49,2.2002,0.8718,61.0943,8.7304,2.8392,0.0304,1,0.0113,0.9015,-11.8031,PCBL,2023-04-17,1,28.9186
8.3593,56,3.0063,0.7851,66.6034,8.6176,2.3848,0.0597,1,0.0177,0.9326,-2.0122,PCBL,2023-04-26,0,23.504
8.2666,8,4.7825,0.8742,67.1557,11.8297,3.7747,0.1105,0,-0.0045,1.3718,33.717,PCBL,2023-10-03,1,42.7778
11.1732,0,4.9615,0.8444,66.5382,10.2089,3.8614,0.1175,1,0.0166,0.9156,3.955,PCBL,2025-03-21,0,-12.993
8.4164,23,7.0426,0.6916,61.7796,12.3215,2.7041,0.0675,1,0.0224,0.9144,10.3817,PCBL,2025-07-09,0,-6.8504
7.3791,24,6.9376,0.703,65.6947,14.5562,2.8905,0.0519,1,0.0178,0.9586,8.2592,PCBL,2025-09-19,0,-9.6123
5.9679,21,2.1534,0.6195,68.8295,8.1105,2.5547,0.0463,0,-0.0033,0.9491,-0.1621,PERSISTENT,2017-01-04,0,-9.4717
8.0465,63,2.0714,0.9289,67.9827,10.247,2.4693,0.0647,0,-0.0159,1.0513,16.7219,PERSISTENT,2017-09-29,0,1.6462
6.4299,15,3.225,0.8658,65.031,8.611,4.0051,0.1169,0,-0.0109,1.2628,24.7014,PERSISTENT,2018-02-23,0,-7.5721
7.2552,7,3.717,0.8244,55.157,13.0937,3.19,-0.0776,1,0.009,0.7144,-26.2542,PERSISTENT,2018-11-28,0,-1.6781
7.2151,50,2.6161,0.6471,65.3624,11.7443,2.2979,0.0297,1,0.0264,0.9598,17.8259,PERSISTENT,2019-06-11,0,-6.7641
3.9934,17,2.5727,0.8975,68.4918,14.7866,2.2862,0.0798,1,0.0169,1.1221,32.8569,PERSISTENT,2020-01-01,0,-4.0043
5.8003,8,1.7809,0.7068,58.2571,9.738,3.3228,0.0043,1,0.0976,1.6145,60.3317,PERSISTENT,2020-11-24,1,35.3763
9.1191,10,1.8722,0.8653,56.5903,8.2199,4.0348,0.0149,1,0.0303,0.8932,-17.609,PERSISTENT,2022-07-20,0,-3.8393
9.7364,6,3.6511,0.9222,65.3039,15.5086,3.3237,0.027,0,-0.0072,0.7513,0.5101,PERSISTENT,2022-10-06,0,12.6157
7.4555,15,5.8118,0.9446,65.6695,15.0022,3.1818,0.0747,0,-0.01,1.1054,24.4382,PERSISTENT,2023-01-19,0,9.833
5.1132,20,2.1271,0.7759,66.2487,9.0244,2.7608,0.0792,0,-0.0276,1.2543,23.2583,PERSISTENT,2023-10-27,1,37.6815
8.3901,5,3.1195,0.7874,62.78,13.4362,2.4779,-0.0018,1,0.026,1.0106,2.8688,PERSISTENT,2024-05-27,0,-7.4804
8.8931,30,5.1636,0.8677,61.235,18.9124,3.807,0.0918,0,-0.0273,1.4866,51.1923,PERSISTENT,2024-10-23,0,8.7681
6.4627,47,1.9387,0.9349,63.8659,9.4237,2.603,0.0555,1,0.0537,1.3313,17.8261,PETRONET,2017-01-27,0,8.9182
6.9364,62,1.6456,0.8743,64.7585,8.3154,2.8001,0.071,1,0.0508,1.2329,7.4109,PETRONET,2017-02-17,0,11.7153
4.5288,14,2.2176,0.6598,66.5687,8.4594,2.3213,0.0896,1,0.0301,1.0481,22.6425,PETRONET,2017-05-15,0,-6.2663
8.5179,79,1.7023,0.912,69.6259,10.3029,3.8063,0.0757,1,0.0118,1.0697,11.524,PETRONET,2017-08-16,0,16.7071
7.3007,4,2.0301,0.8307,69.7857,12.8601,2.6625,0.1085,1,0.0129,1.1007,11.7924,PETRONET,2017-09-11,0,2.2563
8.6722,47,3.5575,0.7102,67.1791,8.3278,2.9081,0.076,1,0.0353,0.9285,-1.0272,PETRONET,2018-07-26,0,-3.2487
5.6494,41,1.6897,0.9235,64.9636,8.6119,2.5068,0.0577,1,0.0336,1.0795,0.495,PETRONET,2018-12-17,0,-4.2443
5.4694,101,1.6596,0.9073,63.9702,9.22,2.7257,0.0377,0,-0.0298,1.1191,4.5132,PETRONET,2019-08-26,0,1.6757
4.538,9,2.8032,0.8782,67.4278,9.0483,2.9671,0.1151,1,0.0928,1.1677,4.924,PETRONET,2020-07-03,0,-8.2585
7.1274,8,2.6897,0.8741,61.0263,10.3453,2.9636,0.0104,1,0.0351,0.8367,-7.5224,PETRONET,2020-10-22,0,6.3486
7.3995,28,1.9849,0.8811,66.8388,10.0044,3.1272,0.0873,0,-0.0419,1.0802,2.382,PETRONET,2022-05-18,0,-4.6771
3.8093,15,3.1492,0.7823,60.7002,15.8414,1.9075,0.0005,1,0.0162,0.9947,4.9368,PETRONET,2022-10-28,0,2.4454
9.0052,4,2.6422,0.6869,63.3586,10.2951,2.9685,0.1058,1,0.0389,1.3491,25.5835,PETRONET,2024-07-24,0,3.0035
2.8138,71,4.6498,0.9563,61.6611,19.754,1.486,0.0314,1,0.0164,0.8976,-6.3276,PETRONET,2025-12-04,0,-1.5005
7.9884,32,1.6111,0.9112,66.5273,11.3084,2.644,0.0763,1,0.0309,0.9036,-2.0049,PFC,2017-08-07,0,-10.3184
4.8756,25,3.2822,0.8548,61.5926,8.3805,2.3113,0.0497,1,0.0167,0.8376,7.4749,PFC,2019-12-31,0,-4.3264
6.291,13,1.9887,0.8659,58.1172,9.0264,2.9897,0.028,1,0.0625,0.8562,0.0,PFC,2020-08-06,0,2.219
8.5327,15,1.563,0.8594,63.9143,8.2273,3.1006,0.0621,1,0.0629,0.8454,1.4164,PFC,2020-08-10,0,-1.0324
6.1399,13,1.6446,0.8544,58.3514,10.1395,2.9127,0.0145,1,0.0099,0.8244,1.3874,PFC,2020-11-02,0,18.0427
10.2743,0,1.7415,0.8601,63.292,8.0172,3.61,0.0788,1,0.0681,1.0874,51.3628,PFC,2021-02-03,0,-2.9881
6.7608,54,1.5975,0.877,62.9458,9.4564,2.3906,0.0562,1,0.0679,0.9741,26.0646,PFC,2021-09-08,0,4.7591
9.6215,3,3.6794,0.8166,67.2691,9.9954,3.222,0.1066,1,0.0615,1.0509,26.4284,PFC,2021-09-28,0,-3.0185
8.2612,10,4.0166,0.6087,68.9593,8.3801,3.1362,0.1183,1,0.0657,1.1185,22.44,PFC,2021-10-14,0,-7.9894
5.2478,7,2.6533,0.7921,61.5263,13.3763,1.7646,-0.0088,1,0.0133,0.9168,12.2879,PFC,2022-10-27,1,25.344
8.8903,9,2.1443,0.9096,69.0485,9.5911,3.1086,0.1645,0,-0.0042,1.2778,32.4188,PFC,2023-01-02,0,-4.5725
7.6417,12,2.4793,0.8547,61.6113,10.0938,3.6553,0.0999,0,-0.022,1.8024,58.4563,PFC,2023-11-02,1,45.9791
7.7849,7,4.8926,0.8094,68.5939,10.5304,2.7986,0.0907,1,0.0156,1.5897,6.0373,PFC,2024-04-30,0,-3.7566
8.2756,10,3.289,0.7852,55.3925,11.6976,4.0002,0.0004,0,-0.034,1.0706,-8.293,PFC,2024-11-11,0,0.9309
8.5115,25,3.0792,0.8131,68.0345,8.3916,2.0073,0.0321,1,0.0145,0.89,-5.018,PFC,2026-01-02,0,-6.8866
6.2494,8,1.9169,0.95,62.0147,13.2463,2.7915,0.0679,0,-0.0215,0.9444,-4.4076,PFC,2026-01-28,0,2.4716
5.4645,88,2.595,0.8258,62.5685,9.2045,2.9341,0.0175,0,-0.036,1.0,-3.1371,PFIZER,2016-12-01,0,-8.6726
3.2592,161,4.4703,0.9043,64.383,28.3294,1.6662,0.0174,1,0.0526,0.8691,1.01,PFIZER,2017-03-17,0,-6.7024
1.8329,34,2.5309,0.6743,61.0916,15.2656,2.059,0.0192,1,0.0054,0.9457,-3.207,PFIZER,2017-08-23,0,-5.3781
2.675,31,1.7104,0.8295,65.7324,11.5562,2.2235,0.0603,1,0.0389,1.0603,15.1659,PFIZER,2018-01-17,0,1.1108
6.5803,58,2.3561,0.821,65.8098,9.112,2.47,0.0465,0,-0.0115,1.1433,-15.3533,PFIZER,2019-01-29,0,6.2568
7.4233,45,4.0292,0.8519,68.2192,11.2079,2.1594,0.0451,0,-0.0004,1.275,30.9301,PFIZER,2020-01-27,0,-7.587
4.5667,19,3.6818,0.3783,57.3476,17.1035,2.2958,-0.0086,1,0.0902,1.2329,10.8344,PFIZER,2020-07-02,0,7.5834
5.0113,34,2.1846,0.2909,62.8164,9.4151,1.8134,0.0382,1,0.1065,1.2446,6.8964,PFIZER,2020-07-23,0,5.7946
4.4893,42,14.3245,0.0643,57.6231,13.3123,3.3011,0.0213,1,0.0854,0.8424,23.412,PFIZER,2020-11-10,0,-3.0264
3.7049,78,4.2505,0.4669,57.7881,14.7968,2.3718,0.0282,1,0.0853,0.9874,10.1343,PFIZER,2021-01-01,0,-7.586
7.0482,35,2.1558,0.8816,67.2282,11.7538,2.2136,0.0555,1,0.0013,0.7595,-6.2081,PFIZER,2021-04-09,0,17.9255
3.9536,186,4.5299,0.7737,59.8867,16.8533,1.9557,0.0371,1,0.0412,0.9217,10.7499,PFIZER,2022-11-14,0,-2.9227
6.5056,40,1.8341,0.7057,59.2563,9.0312,1.922,0.0005,1,0.0177,0.8112,-18.8753,PFIZER,2023-04-12,0,-0.1067
1.8379,75,1.976,0.4711,64.5595,8.4142,1.6643,0.0353,1,0.036,0.8473,-6.8788,PFIZER,2023-06-02,0,-3.8856
7.3643,40,11.0139,0.258,56.7869,15.5905,2.7322,-0.0139,0,-0.0156,1.2492,36.475,PFIZER,2025-08-14,0,-5.4889
6.7832,99,16.5127,0.1726,60.0266,8.8221,3.2675,0.0194,1,0.0045,0.9423,-1.4933,PFIZER,2026-02-10,0,-4.1923
9.227,19,8.5403,0.6773,60.3313,19.8633,3.2877,0.03,1,0.007,1.0,0.0,PGEL,2016-09-28,0,-12.6408
9.942,35,4.5295,0.6797,61.4691,16.0016,4.6794,0.0637,0,-0.0002,1.0,0.0,PGEL,2016-10-24,0,-10.7143
9.6809,32,8.9286,0.7629,69.5305,16.4296,3.8521,0.0918,1,0.0368,1.2667,24.2247,PGEL,2017-05-30,1,61.8564
7.136,22,4.6149,0.7391,62.0537,9.1872,4.1874,0.0574,1,0.0208,1.3303,29.269,PGEL,2017-12-29,0,-9.4305
11.0304,0,2.4174,0.7443,66.3093,9.1464,4.3757,0.0987,1,0.0166,1.4834,39.58,PGEL,2018-01-04,0,-11.5595
12.8821,0,5.4305,0.7254,69.2312,13.7222,5.3437,0.2339,0,-0.0181,1.2539,44.2781,PGEL,2021-11-25,0,19.1833
5.5695,38,3.5391,1.0,64.5792,12.6361,3.9175,0.0433,1,0.0586,1.2901,23.1746,PGEL,2022-09-13,0,4.9914
6.842,14,3.9876,0.8067,67.5505,12.4519,3.169,0.1159,0,-0.0085,1.1961,23.4976,PGEL,2023-01-24,0,-11.4375
5.3693,23,3.3952,0.8568,56.0279,12.4085,3.4992,0.0117,1,0.0224,0.7492,-2.5332,PGEL,2025-07-09,0,-6.962
7.0791,6,2.9598,0.5074,69.0429,11.015,3.5987,0.081,1,0.0526,0.8974,6.6649,PHOENIXLTD,2017-03-17,0,11.1663
8.0674,6,1.8262,0.7688,62.8697,10.0195,3.2213,0.0571,1,0.0364,1.199,3.8041,PHOENIXLTD,2018-05-14,0,-1.5408
6.6475,40,2.3278,0.7552,64.6557,15.5607,3.7418,0.0855,1,0.0462,1.2379,20.0118,PHOENIXLTD,2019-11-25,0,5.242
6.6619,36,3.437,0.5277,63.5025,11.8988,4.3023,0.067,1,0.0446,0.7746,23.4352,PHOENIXLTD,2020-08-14,0,-3.3234
6.2921,17,7.6796,0.6176,62.4477,17.7008,3.3941,0.0235,1,0.0854,0.8316,3.4551,PHOENIXLTD,2020-11-10,0,15.8668
7.337,9,3.3413,0.5519,64.249,9.5019,4.6832,0.142,1,0.0912,1.0363,21.2763,PHOENIXLTD,2021-01-08,0,-9.2456
8.0951,48,1.9943,0.6275,61.797,8.0599,3.4537,0.062,1,0.0609,0.9423,32.7588,PHOENIXLTD,2021-09-01,0,-0.5266
6.8634,11,5.2462,0.3624,64.6121,9.7569,4.2382,0.1025,1,0.0152,1.0679,23.858,PHOENIXLTD,2021-11-02,0,-8.9687
7.6214,12,1.9688,0.699,65.1786,8.5644,5.4414,0.0944,0,-0.0274,1.2874,25.5118,PHOENIXLTD,2022-06-28,0,16.244
6.7077,17,2.2873,0.594,55.2861,12.8545,4.1733,0.0452,0,-0.019,1.3018,24.1812,PHOENIXLTD,2022-09-30,0,-3.4918
7.7439,34,3.5445,0.73,58.6301,9.4368,4.1458,0.0541,1,0.0133,1.3404,37.7139,PHOENIXLTD,2022-10-27,0,-7.5228
6.3013,15,4.6907,0.8045,69.3931,14.1917,2.8916,0.1033,1,0.0389,1.0888,21.3144,PHOENIXLTD,2023-07-13,0,2.8006
5.6242,5,1.5722,0.9408,58.0151,12.189,3.8673,0.0386,0,-0.0263,1.067,8.8493,PHOENIXLTD,2025-03-11,0,-8.8646
8.2987,38,3.4849,0.8479,68.2032,9.3601,2.595,0.0898,1,0.0236,1.1049,9.2086,PHOENIXLTD,2025-11-03,0,5.47
5.7474,49,3.3992,0.9412,58.8178,18.9226,2.5302,0.02,1,0.0053,1.0,0.0,PIDILITIND,2016-10-03,0,-6.4759
8.7935,17,1.9956,0.8801,67.7987,12.42,2.124,0.0626,1,0.0362,0.9015,-7.3988,PIDILITIND,2017-01-24,0,11.0606
4.4885,15,3.9069,0.9267,65.3766,12.0141,2.9407,0.1126,1,0.0124,1.3246,26.68,PIDILITIND,2018-05-25,0,-7.4554
5.3627,21,1.86,0.8649,63.1442,9.0766,2.3765,0.0348,1,0.033,1.2555,21.9743,PIDILITIND,2018-07-25,0,-1.412
8.4817,65,2.4768,0.8899,63.484,10.8712,2.4445,0.048,1,0.0439,1.0335,22.6886,PIDILITIND,2019-03-13,0,2.8937
6.009,37,2.3155,0.8475,59.8925,11.6313,2.7577,0.023,0,-0.0574,1.1114,7.3551,PIDILITIND,2019-08-02,0,4.6597
5.6969,13,3.1086,0.9011,62.8291,26.2052,2.3344,0.0839,1,0.0144,1.2178,21.2613,PIDILITIND,2019-09-20,0,-6.9045
3.3425,39,2.2431,0.8166,61.3161,10.9134,1.6118,0.0187,1,0.034,1.075,8.5939,PIDILITIND,2019-12-18,0,10.0343
3.3327,25,2.1154,0.9277,60.8704,12.2265,1.9678,0.0222,1,0.0998,1.1314,-11.2192,PIDILITIND,2020-07-20,0,-8.2741
6.7116,34,2.2587,0.9012,67.3978,10.8723,2.1147,0.061,1,0.0364,0.7727,7.4088,PIDILITIND,2020-10-19,0,-2.3875
6.2879,42,4.9576,0.8763,67.0959,9.492,2.5106,0.0843,1,0.0111,0.9005,13.2963,PIDILITIND,2020-10-29,0,-5.3849
7.5771,56,2.2952,0.8578,66.6089,9.9783,2.5416,0.0693,0,-0.0072,1.0074,18.2438,PIDILITIND,2021-04-06,0,-5.366
4.9452,18,3.998,0.9409,64.7268,13.3229,1.8834,0.0546,1,0.0296,0.9802,21.719,PIDILITIND,2024-03-06,0,1.043
4.8078,50,1.7902,0.8678,58.8877,9.5783,1.7386,0.0088,1,0.0166,0.9494,-8.8445,PIDILITIND,2025-03-21,0,3.4623
6.4939,61,1.6855,0.8345,65.5508,9.3637,2.2164,0.043,0,-0.0189,1.0213,-3.7107,PIDILITIND,2025-04-08,0,0.2518
4.9821,4,2.9242,0.233,66.5507,9.7476,2.7984,0.0,0,0.0,1.0,0.0,PIIND,2016-07-27,0,3.8281
6.8709,64,6.3101,0.3534,67.3792,10.5953,2.6302,0.0595,0,-0.0108,1.0,0.0,PIIND,2016-10-26,0,-7.9109
5.6324,15,1.6978,0.9659,65.5495,9.085,2.3849,0.0688,1,0.0284,0.8578,-1.9546,PIIND,2017-10-17,0,-7.8971
8.737,23,12.0813,0.8794,65.8754,19.1118,3.1088,0.0969,1,0.0354,0.8533,1.7782,PIIND,2017-10-30,0,18.4308
4.2101,54,8.7611,0.5414,62.9178,17.1128,2.9705,0.0477,1,0.0014,1.2066,24.8978,PIIND,2019-02-12,0,21.7054
7.8268,14,3.1209,0.6814,69.193,9.8832,3.2876,0.1596,1,0.0375,1.4169,31.2169,PIIND,2019-10-24,0,-2.9856
5.1461,13,2.506,0.9065,64.7051,12.8973,2.3755,0.0901,1,0.0447,1.2729,28.3317,PIIND,2019-11-27,0,-6.7142
6.4499,26,5.6266,0.7535,67.3115,10.4434,3.3089,0.0873,1,0.0017,0.921,2.8125,PIIND,2021-04-07,0,24.1342
8.0823,17,1.9823,0.7534,69.4042,8.8724,2.3996,0.1122,1,0.0574,1.0104,31.1352,PIIND,2021-06-08,0,1.9533
5.2657,16,2.8411,0.9002,61.4661,9.4001,3.3403,0.0329,0,-0.0298,0.9875,-1.5988,PIIND,2021-12-15,0,-8.4923
10.5147,0,5.923,0.8662,63.9165,16.0277,3.1914,0.0291,0,-0.0006,0.983,13.153,PIIND,2023-02-16,0,-12.2007
5.9565,19,1.8035,0.923,62.699,10.825,2.3025,0.0278,1,0.0087,1.0161,-9.3004,PIIND,2023-04-18,0,0.4996
7.2629,27,2.5798,0.7498,61.1433,9.8092,2.8109,0.0326,1,0.0177,0.8214,5.1103,PIIND,2024-02-15,0,0.9723
3.8685,70,1.7531,0.7961,64.1827,12.286,2.3997,0.0283,1,0.0406,0.9797,15.2092,PIIND,2024-06-20,0,23.2586
4.6534,91,2.1807,0.9063,67.5684,12.6843,2.2717,0.0798,1,0.0474,1.0391,10.3461,PIIND,2024-07-22,0,15.1377
7.7726,6,5.0493,0.6719,63.4431,18.0997,3.5921,0.0815,0,-0.0056,0.8676,-11.7462,PIIND,2025-04-11,0,13.1305
7.4135,19,3.2942,0.8052,69.5437,9.3286,2.8521,0.0975,1,0.0227,0.9577,13.0076,PIIND,2025-06-04,0,0.6913
7.5919,5,1.9091,0.7303,57.8388,8.4246,3.7209,0.0104,0,-0.0093,0.8918,-10.0859,PIIND,2026-04-15,0,-6.2327
4.7074,27,4.067,0.7751,60.0622,11.2049,1.9465,0.0238,1,0.0362,1.0,0.0,PNBHOUSING,2017-01-24,1,59.4001
6.4604,8,3.2313,0.6537,61.5363,11.9619,3.5571,0.1051,1,0.0414,1.0262,0.0695,PNBHOUSING,2018-08-17,0,-6.5215
11.473,0,3.8601,0.8594,62.191,25.8584,3.8326,0.0469,1,0.0593,0.8348,-5.9419,PNBHOUSING,2019-04-01,0,-13.255
6.3227,13,4.1836,0.6394,58.0259,8.9267,3.3815,-0.0024,0,-0.0024,0.8658,7.3531,PNBHOUSING,2021-05-12,1,78.8875
11.007,0,6.3234,0.808,68.5451,9.4029,3.4033,0.0821,1,0.0298,0.8927,13.3634,PNBHOUSING,2021-05-21,1,66.9332
6.2899,10,8.4271,0.7078,66.6241,13.7079,2.4321,0.0709,1,0.0303,0.8011,-13.4757,PNBHOUSING,2022-07-20,0,7.5021
6.5442,26,5.7265,0.8412,67.149,13.9954,2.628,0.0707,1,0.0832,0.8482,-10.5102,PNBHOUSING,2022-08-12,0,5.4432
8.083,39,4.2784,0.7099,65.6811,10.5971,3.255,0.0968,1,0.0454,0.8904,-2.151,PNBHOUSING,2022-09-02,0,0.4418
6.714,7,3.2562,0.8984,65.6976,9.829,3.7375,0.1083,0,-0.0054,1.6665,39.0655,PNBHOUSING,2023-03-08,0,-9.7655
9.938,6,8.1434,0.5709,66.4454,9.2767,4.8628,0.1267,0,-0.0045,1.6149,58.6281,PNBHOUSING,2023-10-03,0,-6.801
6.1208,30,11.6079,0.5563,69.3844,14.3547,2.9355,0.0804,1,0.0614,1.214,28.0097,PNBHOUSING,2024-01-16,0,-9.9029
9.6335,31,5.9367,0.8054,66.8658,15.0239,3.7476,0.1122,1,0.023,1.0042,16.8805,PNBHOUSING,2024-08-21,0,4.8862
5.1251,15,5.3667,0.8006,66.0571,8.1889,2.4197,0.0994,1,0.0359,1.1826,25.024,PNBHOUSING,2025-06-06,0,-7.0224
5.7843,21,4.2463,0.714,61.1988,9.4355,2.7307,0.0468,1,0.0117,0.8468,15.9132,PNBHOUSING,2025-12-12,0,-0.3927
8.0605,14,1.5637,0.9153,64.7827,9.4697,2.4976,0.0827,0,0.0,1.0,0.0,PNB,2016-09-06,0,0.0784
12.2773,0,3.2075,0.8645,68.1086,15.2301,4.0714,0.1434,0,-0.0188,1.0,52.7325,PNB,2016-11-10,0,-14.5125
7.7025,24,1.8391,0.8406,61.3349,8.4932,4.0481,0.0538,1,0.0623,1.0253,27.9174,PNB,2018-01-23,0,-12.1619
12.0482,0,1.9244,0.9014,69.0629,10.7834,3.6168,0.0778,1,0.0154,1.0493,27.6448,PNB,2019-03-05,0,5.786
12.4001,0,2.4613,0.8158,68.6374,8.4772,3.4895,0.0756,1,0.0602,0.7558,19.1318,PNB,2020-08-28,0,-14.555
8.026,33,2.5206,0.8868,61.0248,9.0624,3.055,0.0565,0,-0.0196,0.9839,3.522,PNB,2022-01-27,0,-9.5012
6.8218,22,1.6229,0.9091,60.0241,8.7121,2.532,0.0222,1,0.0007,0.9084,-0.9951,PNB,2022-07-07,0,3.3762
8.2753,39,2.7742,0.8542,65.9576,12.7755,2.5877,0.1002,1,0.0729,0.8215,-4.3857,PNB,2022-08-01,0,-3.3083
7.5276,9,3.0325,0.6667,65.0333,8.8079,2.5127,0.1212,1,0.0575,0.9446,-0.4834,PNB,2022-08-25,0,3.8873
4.8783,31,2.0796,0.925,65.8833,9.5133,2.3753,0.0697,1,0.0476,0.9318,7.3724,PNB,2023-07-03,1,50.9242
5.5037,24,2.5188,0.7838,65.0572,8.5236,2.31,0.0864,1,0.0003,1.2198,33.0207,PNB,2023-09-01,0,9.3414
6.7926,6,2.1986,0.7681,63.0315,8.5161,2.7129,0.0572,1,0.0345,1.4417,26.39,PNB,2023-12-01,1,45.2195
6.1587,41,3.9554,0.6578,61.2768,12.7785,2.9595,0.0325,1,0.0502,1.0946,8.1651,PNB,2024-07-29,0,-10.1299
6.8638,7,1.7891,0.962,69.7545,8.7072,2.3183,0.0992,1,0.0313,1.046,20.1415,PNB,2025-06-30,0,-2.7537
7.735,25,3.1677,0.9537,69.5421,8.7618,1.679,0.0448,1,0.0177,1.1705,20.2908,PNB,2025-09-17,0,-4.4347
6.6563,15,2.0684,0.7841,63.3641,9.6763,2.2572,0.0824,1,0.0356,1.0993,10.1742,PNB,2025-10-20,0,0.6207
6.0678,74,2.3137,0.9286,68.5881,10.1261,2.1571,0.0545,0,-0.0113,1.1255,24.4247,PNB,2026-01-14,0,-4.5835
10.5976,0,3.188,0.6667,58.0364,10.1334,6.2649,-0.0155,1,0.0441,0.5613,-22.8158,POLICYBZR,2022-11-24,0,-4.2562
6.4957,22,2.1368,0.8865,62.8502,10.8482,2.9659,0.0618,1,0.038,1.5769,39.9732,POLICYBZR,2023-05-16,0,19.6787
9.5552,5,2.2494,0.8726,62.2836,11.2739,4.2802,0.141,1,0.0197,1.7516,34.5856,POLICYBZR,2023-08-04,0,-6.3931
5.7495,12,2.8703,0.6795,58.3269,8.7586,4.4823,0.0912,1,0.0162,1.3545,31.3688,POLICYBZR,2024-08-07,0,12.4033
7.0868,17,7.4745,0.3984,62.0233,8.0416,4.9163,0.1144,1,0.0037,1.5401,34.7876,POLICYBZR,2024-08-14,0,7.0845
5.5693,13,2.1961,0.7655,57.0654,10.2963,4.2101,0.0109,0,-0.0333,1.2793,14.6228,POLICYBZR,2024-11-07,0,14.1162
7.0408,23,3.7304,0.8809,62.9283,8.0264,4.7585,0.054,0,-0.022,1.342,25.1854,POLICYBZR,2024-11-25,0,9.5792
5.2799,35,2.2019,0.8998,59.1668,13.974,2.9307,0.016,0,-0.0175,1.0497,22.8443,POLICYBZR,2025-08-11,0,-6.3228
8.8334,89,5.0237,0.9248,62.6802,12.869,2.9036,0.0407,1,0.0294,1.0914,-2.9874,POLICYBZR,2025-10-30,0,-2.8286
6.7767,31,2.7687,0.836,58.9043,8.8593,3.5422,0.0408,0,-0.0097,0.9297,-16.8008,POLICYBZR,2026-04-16,0,5.2404
5.5821,17,2.1291,0.8523,66.4991,12.8869,2.4678,0.0888,1,0.0173,1.6506,80.2224,POLYCAB,2020-01-10,0,-3.3834
6.3437,9,6.376,0.8724,67.4804,14.8341,2.2419,0.0336,1,0.0369,0.9839,16.122,POLYCAB,2020-10-23,0,7.1359
8.8793,37,5.2784,0.9008,69.0196,14.0799,3.1686,0.0701,1,0.0555,1.3386,44.6554,POLYCAB,2021-08-30,0,9.6148
6.3414,20,4.7098,0.8667,69.5328,11.3328,2.7555,0.0915,0,-0.0003,1.0307,19.6006,POLYCAB,2022-10-18,0,-6.9391
4.2584,38,2.5813,0.8266,62.853,10.5746,2.3028,0.0698,1,0.0322,1.3386,21.8898,POLYCAB,2023-06-28,1,36.2397
6.1724,46,3.9583,0.8977,68.536,13.517,2.702,0.0952,1,0.0432,1.3267,23.5411,POLYCAB,2023-07-11,1,30.9489
5.5374,12,1.668,0.9425,62.5888,8.315,2.8016,0.0915,1,0.0042,1.6438,56.6692,POLYCAB,2023-09-27,0,-4.7396
5.122,47,3.4061,0.8324,66.2248,12.1786,2.1575,0.0608,1,0.049,1.1871,5.8822,POLYCAB,2024-09-27,0,-5.167
5.3659,21,2.9852,0.876,62.8065,10.6809,2.8812,0.0792,1,0.0184,0.805,7.3477,POLYCAB,2025-06-23,0,16.6508
10.5954,0,13.6751,0.5938,65.9109,14.4802,4.6519,0.1163,1,0.0409,1.061,9.3469,POLYMED,2017-01-31,0,24.5533
6.3888,41,15.7172,0.3947,67.1599,19.9701,3.4523,0.0752,1,0.0077,1.0507,0.7802,POLYMED,2018-04-13,0,-9.1328
7.295,47,10.2858,0.5046,65.1647,14.4968,4.3535,0.0806,1,0.0267,0.9922,9.9008,POLYMED,2018-12-03,0,-12.3965
9.28,35,2.6963,0.7469,69.8283,9.1426,5.2877,0.0864,0,-0.0244,0.8932,-7.1087,POLYMED,2019-08-27,0,0.3961
7.0711,8,6.602,0.7833,60.5782,17.2021,4.7144,0.0443,1,0.0482,1.0776,16.3383,POLYMED,2019-11-11,1,52.2343
13.4021,0,4.905,0.6341,68.8925,8.8703,5.872,0.2319,1,0.0406,1.5793,109.7805,POLYMED,2020-09-03,0,6.9456
9.6858,9,6.1374,0.5697,67.0925,8.4265,3.8449,0.1328,1,0.0279,1.6895,76.9855,POLYMED,2020-10-16,0,-6.7246
4.8611,30,3.5134,0.6167,64.132,8.6711,2.7222,0.0587,1,0.0977,1.343,30.3134,POLYMED,2020-12-07,0,-7.0855
6.7661,32,5.0356,0.5597,64.6508,8.8092,3.1245,0.0751,1,0.1027,1.3085,26.9785,POLYMED,2020-12-09,0,-8.327
4.2764,17,2.8779,0.7985,61.4944,13.1947,3.005,0.0641,1,0.091,1.0338,23.394,POLYMED,2021-01-14,1,58.4715
6.4994,32,8.5643,0.7029,64.2663,11.122,3.951,0.0796,1,0.0719,0.9667,20.8797,POLYMED,2021-02-05,1,77.8918
9.3431,6,5.6635,0.8283,69.4104,10.0332,3.2516,0.1321,1,0.0339,1.216,40.2575,POLYMED,2022-11-09,0,-11.883
9.0638,24,8.4035,0.4801,67.8535,12.3831,4.0931,0.1078,1,0.0095,1.0444,20.7099,POLYMED,2024-05-21,0,11.2042
7.9148,5,3.5072,0.8036,57.1478,11.1877,3.7901,-0.0056,0,-0.0057,0.9037,-7.6532,POLYMED,2025-08-22,0,-8.7229
8.1455,40,11.9287,0.8756,61.2736,19.0516,3.5063,0.0547,1,0.0179,0.8155,-8.9096,POLYMED,2025-11-11,0,-12.3327
4.9541,12,10.0692,0.5,57.0298,10.3421,3.3153,0.0064,1,0.0183,1.0,0.0,POONAWALLA,2016-09-23,0,1.2687
5.8157,26,4.8799,0.4854,63.8984,11.384,3.4102,0.0512,1,0.0465,1.0124,-1.885,POONAWALLA,2017-03-20,1,43.5322
8.5779,5,3.3217,0.8391,66.2854,12.3604,4.1667,0.1686,1,0.0206,1.142,28.8307,POONAWALLA,2017-05-09,1,32.3521
4.8934,45,1.7554,0.6944,67.3967,9.1714,2.8813,0.0556,1,0.017,1.1113,59.5545,POONAWALLA,2019-07-02,0,-11.3029
12.7538,0,4.9722,0.8605,66.4568,15.0302,4.9173,0.0977,1,0.0982,1.519,34.1808,POONAWALLA,2021-01-12,1,112.6154
10.3048,0,2.3836,0.8971,66.3633,12.0413,3.7303,0.1299,1,0.042,1.2631,24.5398,POONAWALLA,2022-09-15,0,-7.9322
10.7119,0,3.5564,0.9141,62.5563,14.8073,3.8418,0.0279,0,-0.0062,1.14,13.39,POONAWALLA,2023-11-08,1,28.0486
6.2639,6,1.5412,0.8218,66.9655,9.8028,2.7476,0.1325,1,0.0654,1.1301,3.564,POONAWALLA,2024-01-04,0,1.5309
10.2826,0,1.8104,0.9117,68.8494,19.8768,3.5924,0.0754,0,-0.0032,0.9045,-13.9476,POONAWALLA,2025-03-19,1,28.5276
7.9061,31,3.3556,0.9359,68.6389,12.2313,2.8413,0.1009,1,0.0184,1.2937,37.2921,POONAWALLA,2025-06-23,0,0.4937
7.6896,6,1.9967,0.8273,65.3053,9.1051,2.5805,0.0,0,0.0,1.0,0.0,POWERGRID,2016-08-18,0,-3.876
5.2127,61,2.6369,0.8249,69.6045,11.6307,2.4334,0.0565,0,-0.0188,1.0,22.2277,POWERGRID,2016-11-10,0,8.414
7.2344,31,3.19,0.8205,69.083,9.7584,2.289,0.0727,1,0.0277,1.2069,8.6726,POWERGRID,2017-01-12,0,-2.7639
4.816,122,2.0931,0.9058,68.7157,15.1105,1.7289,0.0642,1,0.0394,0.9408,15.5498,POWERGRID,2017-07-31,0,-5.6233
5.5582,103,2.8544,0.4161,62.3071,9.6705,2.9213,0.0336,1,0.0336,0.983,5.7633,POWERGRID,2018-12-17,0,-4.1058
5.1065,7,2.9443,0.8228,69.4867,9.8637,2.7083,0.081,1,0.0499,1.1176,18.5208,POWERGRID,2020-08-21,0,-10.9227
3.7476,26,2.989,0.8632,64.7897,14.5634,2.1267,0.0607,1,0.0839,0.9118,12.9404,POWERGRID,2021-01-06,0,-3.3384
9.6301,11,3.1591,0.7742,63.6143,12.053,3.0076,0.0728,1,0.0681,0.925,32.9778,POWERGRID,2021-02-03,0,1.9237
6.1934,36,3.319,0.9386,69.7812,14.1532,2.2756,0.0678,1,0.0325,1.1125,14.007,POWERGRID,2021-08-12,0,-6.1129
5.6196,67,2.5986,0.6133,67.0642,14.2991,1.9823,0.0587,1,0.0615,0.9309,9.0172,POWERGRID,2021-09-28,0,2.7575
7.3152,6,1.5245,0.9405,67.973,8.1465,2.4806,0.0776,0,-0.0197,1.0295,19.5994,POWERGRID,2021-11-23,0,3.1257
3.6737,28,1.8792,0.9296,66.6734,14.7101,2.1563,0.0745,1,0.0141,1.1518,27.7618,POWERGRID,2022-01-20,0,-5.8181
3.3307,17,2.2809,0.9235,64.3886,8.0609,1.9397,0.062,1,0.0519,1.0312,-1.4958,POWERGRID,2022-09-14,0,-4.7355
3.723,18,1.7334,0.9333,64.6709,9.6242,2.4849,0.0807,1,0.0232,1.2863,26.5165,POWERGRID,2024-01-24,0,11.4528
9.6123,7,2.961,0.5216,67.7877,14.9427,3.3477,0.1485,1,0.038,1.388,43.6082,POWERGRID,2024-06-03,0,-10.8792
5.3784,21,1.8582,0.8866,69.7777,8.0941,2.7139,0.0964,1,0.051,1.2767,36.3156,POWERGRID,2024-08-01,0,-4.1862
4.0662,58,1.8194,0.8902,66.1146,8.9119,1.7314,0.0354,1,0.0432,1.1228,12.1043,POWERGRID,2024-09-24,0,-3.8618
5.9051,7,2.5901,0.6905,59.0529,11.8736,3.7861,0.0418,1,0.0094,0.8925,17.8011,POWERINDIA,2020-10-01,1,31.36
7.0005,39,2.4184,0.9457,64.8379,8.5029,3.35,0.0677,1,0.0966,0.8769,18.693,POWERINDIA,2020-11-17,1,29.4118
9.7674,46,4.8795,0.83,68.4024,13.1086,4.5038,0.1068,1,0.0866,0.9683,21.0197,POWERINDIA,2020-11-26,1,41.659
9.5779,27,2.5778,0.5596,64.1975,9.3802,3.2163,0.0567,1,0.0801,1.0676,39.3442,POWERINDIA,2021-02-15,0,-1.5721
5.1188,11,5.9785,0.5545,61.9629,14.0011,3.1889,0.06,1,0.0311,1.2644,40.9031,POWERINDIA,2021-06-30,0,-6.6834
9.4079,15,4.0148,0.5872,69.5604,9.0023,4.8306,0.1812,1,0.0657,1.3789,38.602,POWERINDIA,2021-10-14,0,-13.486
10.7641,0,1.9994,0.955,68.1222,8.1671,3.4383,0.0934,1,0.0242,1.2632,19.9918,POWERINDIA,2022-01-19,0,18.0107
10.7786,0,2.875,0.8193,63.9297,9.5833,2.8692,0.0926,1,0.0082,1.5583,5.0417,POWERINDIA,2022-07-11,0,-6.8375
8.8859,25,1.6723,0.8672,66.3171,8.5214,2.3082,0.0659,1,0.0361,1.0416,3.0108,POWERINDIA,2023-05-02,0,18.9289
12.6213,0,4.9194,0.7018,60.029,12.7192,4.1126,-0.0073,1,0.0063,1.0,-43.4561,PPLPHARMA,2023-04-19,0,18.2514
8.6814,18,8.1523,0.2158,61.6997,10.4023,4.0036,0.0984,1,0.0341,0.6071,-34.0613,PPLPHARMA,2023-05-25,1,29.6155
10.885,0,8.4072,0.6573,61.3033,15.2046,4.2242,0.0489,0,-0.0254,1.4107,14.7541,PPLPHARMA,2023-10-31,1,30.4951
4.1291,8,2.7287,0.291,61.2678,10.049,3.2038,0.0816,1,0.0283,1.2314,41.8387,PPLPHARMA,2024-01-31,0,-11.0566
8.238,45,3.7946,0.8791,67.3879,12.1569,3.2282,0.0897,1,0.0389,1.0884,31.3404,PPLPHARMA,2024-07-24,1,36.858
11.0886,0,9.4069,0.8869,67.1643,19.2811,4.653,0.1923,0,-0.029,1.6942,62.1853,PPLPHARMA,2024-10-24,0,-1.0044
6.1712,62,2.9374,0.9427,60.1822,13.3054,2.2678,0.0185,1,0.0046,0.8777,9.4739,PPLPHARMA,2025-07-14,0,-5.6354
7.7356,63,3.9236,0.8135,69.972,9.7897,2.4112,0.0584,1,0.0085,0.8516,13.3526,PPLPHARMA,2025-07-15,0,-9.5085
5.7773,11,6.66,0.9316,59.0318,18.9102,2.6038,0.0127,0,-0.0106,0.9489,-6.9178,PPLPHARMA,2025-09-03,0,-4.7817
7.7511,11,2.9235,0.6616,69.2302,12.3665,3.4638,0.0,0,0.0,1.0,0.0,PRESTIGE,2016-08-05,0,-10.1356
7.4989,27,4.5305,0.7415,67.5787,11.2553,2.8734,0.0728,1,0.0212,1.3696,14.4642,PRESTIGE,2017-09-19,0,-10.4282
12.1886,0,2.2414,0.6952,69.5508,8.91,3.8552,0.1097,1,0.0166,1.1692,29.2042,PRESTIGE,2018-01-04,0,-11.4334
10.2949,0,1.8167,0.9066,65.9297,9.5221,3.7216,0.101,1,0.0326,1.4015,24.1044,PRESTIGE,2019-05-27,0,-8.9599
8.7072,24,2.5781,0.8599,64.2914,8.5645,2.9959,0.0764,1,0.0991,1.3871,46.5229,PRESTIGE,2020-11-18,0,-2.9695
9.7264,17,3.6803,0.8194,66.5895,8.3143,3.4632,0.1096,1,0.0579,0.9295,24.129,PRESTIGE,2021-02-18,0,-12.1827
4.9857,14,4.5995,0.6714,64.4165,15.7322,2.4823,0.0144,1,0.0582,0.8898,0.5943,PRESTIGE,2021-06-03,0,11.3791
9.5228,3,3.6191,0.6672,64.6377,8.1245,4.1639,0.1359,1,0.0609,1.0625,34.9955,PRESTIGE,2021-09-01,0,12.6076
7.0061,35,4.0521,0.8431,67.714,8.5038,3.1286,0.0941,1,0.0576,0.9783,9.2013,PRESTIGE,2022-12-01,0,-8.9166
8.5964,31,2.8406,0.8883,69.0046,11.6914,3.2201,0.0884,1,0.0064,0.9321,-2.2478,PRESTIGE,2023-04-10,1,32.318
8.3721,40,3.6523,0.7022,68.1613,14.1441,2.5535,0.0693,0,-0.0032,1.3785,32.5733,PRESTIGE,2023-08-30,1,59.2764
8.9034,6,6.5315,0.8608,69.5396,11.7482,3.215,0.1273,0,-0.0032,1.4537,39.9604,PRESTIGE,2023-10-05,1,85.394
9.6957,40,2.446,0.7749,64.1497,9.0735,2.9931,0.0554,1,0.0174,1.2862,-2.1387,PRESTIGE,2025-10-15,0,-1.3338
9.3901,28,5.795,0.8537,65.5874,19.7155,3.2451,0.0648,1,0.0095,1.4196,14.6082,PTCIL,2024-05-21,1,56.6366
5.7702,24,2.2431,0.8774,63.0097,18.4634,3.4949,0.0397,0,-0.0225,0.906,-9.9791,PTCIL,2024-12-23,0,17.8733
3.3125,18,3.4897,0.7178,64.48,8.457,2.5732,0.0813,1,0.0191,1.0927,22.5927,PTCIL,2025-11-24,0,-0.0749
8.3886,9,1.8416,0.8116,63.9057,9.295,2.3924,0.0339,1,0.0117,1.0825,-1.5493,PTCIL,2026-05-06,0,-8.6453
6.1983,4,5.8449,0.7033,68.7928,12.5252,2.8494,0.0,0,0.0,1.0,0.0,PVRINOX,2016-09-02,0,-9.3109
6.9351,8,2.4594,0.7635,69.9513,8.1452,2.7029,0.1065,1,0.0623,0.9953,15.7377,PVRINOX,2018-01-23,0,-10.0339
10.5206,0,1.8761,0.9446,65.0895,10.7123,2.8551,0.0437,1,0.0211,0.9729,5.5127,PVRINOX,2018-04-23,0,-1.9441
6.1395,7,2.6867,0.9473,69.4776,11.0986,2.6549,0.1356,1,0.0267,1.1262,37.7731,PVRINOX,2018-12-03,0,1.6493
7.6165,8,2.2128,0.9611,68.1344,13.8727,2.5381,0.0457,1,0.041,1.258,21.8094,PVRINOX,2019-03-12,0,-3.8003
6.6852,47,2.3205,0.9109,67.3288,9.4643,1.934,0.0566,1,0.0258,1.1286,34.1309,PVRINOX,2019-12-27,0,5.336
3.9655,67,1.9645,0.8493,65.314,9.7838,2.3909,0.0699,1,0.0106,1.0476,23.6705,PVRINOX,2020-01-24,0,1.7075
8.0347,13,2.8887,0.8987,65.1154,11.1955,3.2209,0.1265,1,0.1023,0.656,-27.5345,PVRINOX,2020-07-22,0,11.3145
7.9378,2,2.627,0.7054,67.0283,12.9833,3.4705,0.153,1,0.0389,1.1928,18.7461,PVRINOX,2021-10-25,0,-5.5238
7.2705,39,2.6118,0.8221,67.1211,8.8717,2.6532,0.0663,1,0.0465,0.8223,-2.423,PVRINOX,2023-07-21,0,15.7484
9.7127,48,1.9611,0.763,61.1657,8.5706,2.2688,0.0396,0,-0.0072,0.7577,-18.4553,PVRINOX,2024-04-18,0,-6.4253
8.7425,22,3.4707,0.7481,66.3911,9.3414,2.7431,0.0577,1,0.0368,0.7318,2.1578,PVRINOX,2024-06-21,0,-6.3338
11.6443,0,3.7189,0.8096,67.598,9.2975,2.5757,0.0974,1,0.0573,0.7788,9.4283,PVRINOX,2024-07-01,0,-10.6312
6.1518,44,3.1559,0.8276,66.6506,8.5083,2.1732,0.0686,1,0.0233,1.0076,12.1151,PVRINOX,2024-09-05,0,-0.4779
5.1291,14,3.878,0.8519,61.047,12.2438,2.6619,0.0364,0,-0.0027,0.8776,3.9356,PVRINOX,2025-07-18,0,8.1354
4.471,34,3.0647,0.8609,64.4383,18.0766,2.8586,0.0445,1,0.0356,1.1181,15.8479,PVRINOX,2025-10-20,0,-3.2283
7.2648,8,2.8094,0.6042,62.8141,8.5116,3.58,0.0749,1,0.0583,1.3571,16.1171,RADICO,2017-02-02,0,-0.62
6.3292,19,5.1462,0.8026,64.0821,12.244,3.4694,0.0766,1,0.0356,1.0839,13.9535,RADICO,2017-03-29,0,-8.0496
8.1181,34,6.0417,0.5407,64.2671,8.0831,3.9975,0.0791,1,0.0134,1.0286,-1.7582,RADICO,2017-07-05,0,17.8159
9.2669,11,3.549,0.8995,69.1413,9.6204,4.2203,0.1349,1,0.0271,1.1821,46.9202,RADICO,2020-09-15,0,-11.7033
5.4849,47,4.5638,0.8632,68.8276,9.6455,3.4089,0.0633,1,0.0839,0.9718,16.4851,RADICO,2021-01-06,0,11.8402
4.0774,17,2.7041,0.8477,59.9372,10.1567,2.3059,0.0096,1,0.0305,1.2293,10.238,RADICO,2023-05-19,0,12.8338
4.8812,47,2.8656,0.8621,69.8898,14.0694,2.6496,0.0987,1,0.0476,1.2171,16.038,RADICO,2023-07-03,0,1.7041
5.6994,39,2.7026,0.9137,59.5405,10.6513,3.0358,0.0424,0,-0.022,1.1232,5.3243,RADICO,2023-11-02,0,17.5694
7.8759,38,4.1047,0.7486,67.3128,9.3866,2.5899,0.0924,1,0.021,1.0684,13.6825,RADICO,2025-06-03,0,-6.7052
4.9332,31,7.1922,0.4674,69.1767,10.8208,2.3188,0.0729,0,-0.0194,1.2237,23.1927,RADICO,2025-08-01,0,-8.746
5.5643,60,2.9861,0.9251,64.9259,9.438,2.7226,0.0667,1,0.0069,1.2309,20.6176,RADICO,2025-09-15,0,7.5638
5.5913,83,3.7476,0.839,66.5692,9.2748,2.1085,0.0685,1,0.0313,1.199,17.2552,RADICO,2025-10-17,0,-1.3502
5.6159,6,9.5679,0.3219,63.5079,8.9918,2.9632,0.094,1,0.03,1.2808,24.9957,RADICO,2025-11-20,0,-9.0504
5.9146,33,2.537,0.9076,61.2854,8.7712,3.0903,0.0449,1,0.0004,1.2708,19.6399,RADICO,2025-12-30,0,-12.5572
9.5522,22,1.826,0.8565,59.4136,8.6916,3.3466,0.0126,0,-0.0635,1.0884,-8.5364,RADICO,2026-03-11,0,21.5243
11.7302,0,3.8873,0.6196,65.1713,10.2196,3.4037,0.0158,1,0.049,0.7913,-15.3094,RAILTEL,2022-04-05,0,-1.3713
7.4861,5,2.8863,0.8482,57.853,8.3087,3.9188,0.0384,0,-0.017,0.9306,-12.0893,RAILTEL,2022-06-03,0,-14.1233
5.5144,40,6.0243,0.8534,61.9973,16.9149,2.5329,0.0603,1,0.0637,0.9967,-13.6635,RAILTEL,2022-08-30,1,43.9743
8.946,46,5.9706,0.527,69.8029,8.1071,2.8619,0.0984,1,0.0505,1.0688,-2.0295,RAILTEL,2022-09-08,1,25.935
5.831,8,2.5109,0.6774,68.6468,9.4266,3.6258,0.1104,0,-0.0072,1.1543,16.4765,RAILTEL,2022-10-06,0,8.933
9.7396,10,4.7576,0.9075,64.3276,15.5482,2.7272,0.0464,1,0.0137,1.0663,-10.5369,RAILTEL,2023-04-24,0,24.0798
5.7423,12,4.9152,0.9107,68.6659,18.3546,3.2541,0.1282,1,0.036,0.9638,2.0331,RAILTEL,2023-06-06,1,62.8043
9.8316,6,6.099,0.8679,69.5273,15.8572,4.318,0.2627,0,-0.0042,1.5675,80.0746,RAILTEL,2023-08-28,0,4.3511
9.2714,5,4.2095,0.7424,63.7679,8.0178,3.7836,0.1625,1,0.0098,1.9971,79.8148,RAILTEL,2023-10-17,0,-14.6601
12.116,0,3.0529,0.9056,67.1723,9.4163,5.0834,0.1787,1,0.0554,0.8522,-11.4622,RAILTEL,2025-05-14,0,10.6617
12.795,0,6.58,0.6887,68.9904,9.501,3.3525,0.0711,1,0.0069,1.2449,33.3165,RAILTEL,2025-09-15,0,-9.2075
8.3057,7,7.593,0.5431,61.5644,9.1273,3.8333,0.0252,1,0.0117,0.8203,4.0268,RAILTEL,2025-12-23,0,-8.1887
12.4053,0,7.7265,0.6549,68.7029,8.556,4.1922,0.0814,1,0.0051,0.8801,9.3014,RAILTEL,2025-12-26,0,-13.4879
9.0874,16,9.8925,0.9288,68.1907,20.578,3.8704,0.1307,1,0.0761,1.0,0.0,RAINBOW,2022-08-10,1,56.497
5.898,80,1.9452,0.8899,60.1728,11.7901,2.5765,0.0317,1,0.0183,1.1051,-1.4688,RAINBOW,2023-04-13,1,41.4067
7.9551,81,3.9156,0.6865,68.5921,8.4194,2.8298,0.0761,1,0.0113,1.2007,4.1748,RAINBOW,2023-04-17,1,32.9203
8.3944,14,1.9162,0.8103,65.2985,8.0561,4.7293,0.131,1,0.0032,1.4265,60.6453,RAINBOW,2023-08-22,0,-14.8188
7.3984,13,3.0912,0.6907,66.1894,9.3116,3.6365,0.0944,1,0.0818,1.0801,14.5085,RAINBOW,2023-12-28,0,1.7614
7.574,15,4.148,0.9616,65.0346,9.0793,3.1631,0.1161,0,-0.0312,1.0295,15.6932,RAINBOW,2024-10-28,0,-0.838
7.9921,14,3.5423,0.9068,58.9417,9.2486,3.2615,0.0068,1,0.0298,1.0887,-16.3994,RAINBOW,2025-03-24,0,-2.4687
6.6696,19,3.3804,0.8605,61.9901,11.7906,3.0909,0.0401,1,0.0262,0.8833,4.0494,RAINBOW,2025-06-12,0,0.2793
5.8998,8,4.6439,0.8154,67.0731,11.8982,2.6229,0.1105,1,0.0001,1.0731,30.9934,RAINBOW,2025-07-24,0,-10.3605
6.7595,33,1.616,0.8499,60.5004,8.3886,2.9751,0.042,1,0.0443,1.0,0.0,RAMCOCEM,2016-09-08,0,-2.9954
6.9823,42,4.1851,0.7862,66.2064,11.2376,3.1833,0.08,1,0.0233,1.0,0.0,RAMCOCEM,2016-09-22,0,-8.3367
6.7206,68,3.7296,0.7198,60.6308,10.2211,3.7325,0.0614,1,0.0355,1.0505,18.5382,RAMCOCEM,2017-05-31,0,-10.1545
7.038,134,3.4708,0.9142,68.4871,10.7927,2.6215,0.0602,1,0.011,0.9924,4.2198,RAMCOCEM,2017-09-05,0,-5.2796
6.1088,29,2.0605,0.669,68.4727,9.9522,2.595,0.0683,0,-0.0143,1.0858,12.2678,RAMCOCEM,2018-04-05,0,-0.0603
8.2826,93,4.4377,0.5827,64.4264,9.7086,2.4257,0.0572,1,0.0567,0.9864,0.8908,RAMCOCEM,2019-10-30,0,-4.8785
7.0792,65,3.1206,0.8768,68.0294,8.854,3.7032,0.1029,1,0.0328,0.9832,47.3669,RAMCOCEM,2020-09-16,0,11.7097
6.6416,40,3.1158,0.829,69.979,11.3241,2.5785,0.0948,1,0.03,1.2115,15.0746,RAMCOCEM,2021-07-06,0,-5.1011
10.5272,0,1.8452,0.8788,59.9643,9.4251,3.0064,-0.0033,0,-0.0093,0.7211,-18.2412,RAMCOCEM,2022-07-06,0,10.4104
8.1258,32,4.5398,0.4757,55.4197,9.5696,3.3702,0.0019,0,-0.0239,0.9096,-5.5368,RAMCOCEM,2023-02-07,0,9.267
8.8875,33,2.5648,0.8452,66.0582,10.6385,3.4719,0.0414,0,-0.0148,0.9485,-2.503,RAMCOCEM,2023-02-08,0,7.4306
6.2871,56,1.7864,0.8916,69.9123,10.5336,2.1198,0.0349,1,0.0043,1.1306,26.5482,RAMCOCEM,2023-09-04,0,-7.0698
6.9564,76,4.2283,0.8937,67.538,8.8402,2.4977,0.0786,0,-0.0089,1.1258,8.0685,RAMCOCEM,2023-10-04,0,1.816
7.8544,51,3.6264,0.943,62.9963,9.0553,3.477,0.0497,1,0.0365,0.7198,-11.5718,RAMCOCEM,2024-06-07,0,-5.5771
7.0932,79,7.1214,0.6324,66.887,13.6189,2.5287,0.0612,0,-0.0433,1.1034,11.4208,RAMCOCEM,2024-11-12,0,6.5973
4.9302,70,2.7019,0.6825,63.1267,8.2201,2.2173,0.0363,1,0.0117,0.9439,-8.1904,RAMCOCEM,2025-12-12,0,-0.6234
3.551,101,1.926,0.8,61.5326,10.4909,2.6821,0.0522,0,-0.0181,0.916,3.7469,RAMCOCEM,2026-01-29,0,-4.7491
8.9877,14,7.9706,0.6202,67.3284,8.4046,3.2552,0.0,0,-0.0009,1.0,0.0,RBLBANK,2016-10-20,0,2.1341
6.8232,9,1.9417,0.8602,66.0775,8.0696,2.8054,0.1255,1,0.0471,1.0,35.7542,RBLBANK,2017-02-16,1,34.2949
7.6527,58,7.4769,0.7197,57.212,9.4122,3.5765,0.0252,0,-0.0019,1.0653,-7.7538,RBLBANK,2017-08-29,0,-5.3349
3.1015,38,2.5173,0.9105,66.8148,9.8525,2.027,0.0527,1,0.0472,1.1253,18.7092,RBLBANK,2018-08-20,0,-0.2143
5.9494,35,2.5307,0.9083,61.0444,9.0806,3.2119,0.0548,1,0.0326,1.1242,21.0015,RBLBANK,2019-05-27,0,-9.3408
6.0152,19,3.5716,0.9038,64.4889,10.8334,2.5898,0.0858,1,0.0323,0.8298,-5.359,RBLBANK,2021-07-07,0,-9.1441
10.3587,0,2.0016,0.9085,63.6068,8.6303,3.5611,0.1512,1,0.0655,0.7295,-20.9867,RBLBANK,2022-08-23,0,13.6887
9.4018,2,2.0614,0.8196,69.8129,9.5995,3.3346,0.1536,1,0.0452,1.1765,82.5426,RBLBANK,2022-11-25,0,3.8885
9.4919,4,1.6186,0.895,60.7219,9.0308,3.1214,0.0138,1,0.0113,1.2062,1.2131,RBLBANK,2023-04-17,0,-4.7453
9.7046,3,2.8356,0.9349,65.7354,8.8589,3.096,0.107,1,0.0468,1.0792,-7.8315,RBLBANK,2023-05-30,1,40.1931
4.6607,13,2.901,0.8366,61.2077,9.1,3.1731,0.1126,1,0.0359,1.2282,39.5332,RBLBANK,2025-06-06,0,10.983
4.9682,53,2.9048,0.7598,67.3174,12.3964,2.9948,0.0795,1,0.0082,1.4985,34.9283,RBLBANK,2025-10-08,0,6.6632
6.6523,47,2.9911,0.7138,63.3058,10.433,2.6846,0.0467,0,-0.0103,1.1912,18.9011,RBLBANK,2026-01-16,0,-4.6926
7.5129,6,2.1206,0.7436,55.6948,10.0522,2.6095,-0.0066,1,0.0182,0.9777,-19.4784,RECLTD,2017-09-13,0,-6.9783
7.0822,2,2.277,0.939,62.9796,10.4065,3.8225,0.12,1,0.054,0.7643,-6.7499,RECLTD,2018-08-27,0,-8.9054
7.111,13,2.1101,0.8857,57.4292,8.0613,3.6366,0.0243,0,-0.0287,1.1802,0.9042,RECLTD,2019-09-06,0,-11.7684
8.3312,23,4.2029,0.7524,62.213,10.4286,3.4969,0.0849,0,-0.0031,1.0185,18.9519,RECLTD,2020-02-05,0,-9.3229
9.7526,8,3.586,0.8208,61.0259,15.9543,4.3596,0.0521,0,-0.001,0.9713,-23.2945,RECLTD,2020-05-13,0,-14.7723
8.6808,14,2.3693,0.8675,69.0903,8.3322,2.4424,0.0541,1,0.0077,1.1373,7.9244,RECLTD,2021-05-11,0,4.2702
7.1811,16,1.7216,0.906,63.693,8.3405,2.5649,0.0519,1,0.0111,1.0197,9.4307,RECLTD,2021-08-02,0,-9.1259
8.2939,42,1.856,0.9108,62.7697,9.4867,2.4527,0.0645,1,0.0679,0.9937,24.6407,RECLTD,2021-09-08,0,-1.5459
3.5594,16,1.9571,0.9186,55.3068,9.7881,1.9342,0.0024,1,0.0326,0.8527,-1.6603,RECLTD,2022-04-01,0,-1.0268
5.1896,17,1.7263,0.9333,63.5627,8.2559,1.9149,0.0376,1,0.0548,0.8693,2.0919,RECLTD,2022-04-04,0,-4.881
6.0297,6,2.9499,0.8732,62.5739,10.0858,1.7884,-0.0057,1,0.0162,1.051,22.533,RECLTD,2022-10-28,1,29.4326
9.2686,9,4.0524,0.7537,63.4432,9.5884,4.0793,0.1306,0,-0.022,2.1939,97.9146,RECLTD,2023-11-02,1,29.6964
7.7782,13,2.0592,0.9085,65.5221,10.8471,3.524,0.1458,1,0.0351,2.6141,85.9115,RECLTD,2024-01-19,0,-4.9502
3.4427,110,2.4037,0.8522,63.4893,15.7735,1.8591,0.0429,1,0.0372,0.8841,3.6458,RECLTD,2025-10-29,0,-7.5442
7.3921,154,2.2358,0.9027,64.8626,8.6853,2.0251,0.0283,1,0.0078,0.9334,-2.1817,RECLTD,2026-01-01,0,-3.1041
5.7314,12,6.0408,0.3493,55.5028,11.9685,3.868,-0.0205,0,-0.0278,1.0,-5.7823,REDINGTON,2016-12-16,0,9.45
4.0384,20,2.796,0.6062,64.4588,9.2908,2.9114,0.057,1,0.0409,1.1622,26.7697,REDINGTON,2017-11-01,0,11.9106
5.0544,31,1.7389,0.767,65.0864,9.9672,2.8337,0.0377,1,0.0304,1.2365,28.9553,REDINGTON,2018-01-12,0,-8.8
9.4446,8,1.5656,0.9371,61.0807,9.4051,3.7851,0.0541,1,0.0443,0.6631,-9.2183,REDINGTON,2018-07-27,0,-11.8106
4.6928,23,4.6476,0.3636,57.018,8.1832,3.3844,0.0335,1,0.0912,1.1002,17.9131,REDINGTON,2021-01-08,0,15.0969
5.4426,27,3.7274,0.5918,59.6444,8.9233,3.076,0.048,1,0.091,1.0881,21.2971,REDINGTON,2021-01-14,0,15.3077
8.2049,39,3.0306,0.7752,66.5405,13.7312,3.9306,0.1038,1,0.0608,1.2709,29.3171,REDINGTON,2021-02-02,0,5.035
6.4076,19,4.2546,0.691,60.9244,8.8818,3.0366,0.0209,1,0.0657,1.4443,22.6904,REDINGTON,2021-10-14,0,-10.0128
7.9507,36,6.7699,0.1709,62.6167,13.8111,4.0449,0.072,1,0.0147,1.4085,20.6816,REDINGTON,2021-11-10,0,-7.4704
9.5433,77,8.2994,0.7727,69.2182,21.2719,3.0497,0.1062,1,0.0192,0.9508,9.015,REDINGTON,2022-01-07,0,-10.443
11.5024,0,5.4134,0.4872,69.1149,8.501,4.5085,0.0774,1,0.0181,1.1828,9.2368,REDINGTON,2022-04-13,0,-13.1865
7.6523,11,8.3002,0.6873,62.4413,17.5334,2.69,0.0228,1,0.0324,0.9577,32.7417,REDINGTON,2022-11-02,0,17.698
5.2822,5,3.2937,0.858,55.1405,14.6693,2.2688,-0.0401,1,0.0057,0.896,2.2924,REDINGTON,2023-09-05,0,-6.4229
9.0915,14,5.307,0.7594,64.4646,8.2055,4.3343,0.1203,1,0.0218,1.242,40.1577,REDINGTON,2024-04-02,0,-10.2794
8.678,2,1.9584,0.775,61.2701,9.5228,2.5195,0.0472,1,0.0573,1.1205,11.6821,REDINGTON,2024-07-01,0,-8.0952
10.0642,0,3.8203,0.8073,63.5533,8.677,4.0136,0.0984,0,-0.0245,1.1524,14.0604,REDINGTON,2025-01-20,0,-4.0
4.7092,52,3.5899,0.9184,66.9606,14.3631,1.6719,0.0516,1,0.0525,1.0876,14.4287,RELIANCE,2018-01-22,0,-5.0498
7.002,113,1.7333,0.8612,67.27,10.7331,1.5655,0.0546,1,0.0237,0.9867,5.8833,RELIANCE,2018-04-24,0,-3.7277
5.6933,47,3.2993,0.8984,69.4248,11.9804,1.8956,0.0577,1,0.0153,1.1118,-3.476,RELIANCE,2019-01-18,0,1.1122
6.3266,35,3.3705,0.9113,68.1295,16.5519,1.8113,0.0566,1,0.0457,0.8993,8.0462,RELIANCE,2021-05-28,0,0.7292
6.5064,12,1.5609,0.8829,59.323,9.2749,2.1187,0.009,1,0.0162,0.8714,-2.147,RELIANCE,2022-10-28,0,0.7519
4.5005,32,3.1301,0.9384,69.897,9.1246,1.9469,0.0844,1,0.0473,0.9293,13.0979,RELIANCE,2022-11-28,0,-5.3198
6.315,77,1.8721,0.9248,63.691,17.963,1.8414,0.0397,1,0.038,1.0736,9.8718,RELIANCE,2024-06-03,0,-6.6004
2.9897,22,2.7966,0.8881,63.9779,8.9523,1.536,0.056,1,0.0262,1.1274,14.7082,RELIANCE,2025-06-20,0,0.8259
5.6867,18,1.9007,0.7692,68.6112,8.2863,3.3047,0.1049,0,-0.0108,1.0,0.0,RHIM,2016-10-27,0,-9.7951
5.8258,42,2.0728,0.7172,69.2794,10.6846,4.0638,0.0765,1,0.0556,1.3041,9.9782,RHIM,2017-02-08,0,13.2422
5.6779,38,3.6081,0.7209,63.2093,12.3996,3.2472,0.0538,1,0.0283,1.0055,24.0901,RHIM,2017-05-04,0,-9.8011
5.0319,18,2.6866,0.9401,62.788,12.6226,2.9286,0.0528,1,0.0129,1.0873,6.305,RHIM,2017-07-03,0,-5.7949
5.9692,32,3.5353,0.75,69.1156,8.0471,3.2186,0.0924,1,0.0186,1.1983,12.8384,RHIM,2017-11-23,0,-6.3876
5.2631,51,2.2099,0.51,68.8954,8.9427,3.3631,0.0737,1,0.0165,1.1358,28.2703,RHIM,2017-12-20,0,-8.552
6.8574,31,4.7903,0.6574,59.9075,11.2282,3.4087,0.0313,1,0.0353,1.0734,15.3165,RHIM,2018-07-26,0,22.117
7.3532,16,7.2914,0.8936,63.1822,16.1432,3.6411,0.0387,1,0.0027,1.4906,41.3782,RHIM,2018-11-19,0,-6.166
6.5074,16,9.8602,0.325,66.9099,14.8022,3.2506,0.0718,1,0.0447,0.9807,12.0651,RHIM,2019-11-27,0,1.4629
5.2296,30,5.2432,0.4178,56.5361,8.478,4.0028,0.004,1,0.0292,1.1014,12.3948,RHIM,2020-11-04,0,3.0592
10.5378,0,5.0343,0.9046,65.0638,9.5456,5.6481,0.1116,0,-0.0072,1.0272,17.8784,RHIM,2021-04-06,0,24.9042
4.6182,24,3.3448,0.8045,62.0226,11.5961,3.4876,0.0618,1,0.0446,1.2628,41.856,RHIM,2021-06-22,0,1.637
10.0882,0,3.8523,0.7734,65.7461,8.2888,3.5507,0.11,1,0.0637,1.5129,21.763,RHIM,2021-09-13,0,-8.9819
4.806,9,5.0376,0.5456,68.777,9.9125,2.7392,0.0943,1,0.03,1.0452,7.0051,RHIM,2022-01-10,1,51.4428
8.0793,17,2.6793,0.8941,66.7346,8.89,3.1159,0.0887,1,0.0935,1.0407,-7.072,RHIM,2022-08-18,0,13.6967
7.1113,4,2.462,0.8021,65.726,13.4121,2.7983,0.0737,1,0.0326,0.9351,-16.7942,RHIM,2023-05-03,0,-7.7612
7.2019,11,4.6062,0.7572,67.1807,11.0907,3.1068,0.0444,1,0.0348,0.7699,11.1511,RHIM,2023-08-01,0,3.9868
9.6053,47,2.5818,0.8006,68.0831,9.6726,2.991,0.0674,1,0.0277,1.0394,24.7596,RHIM,2023-11-30,0,-4.353
5.9697,15,14.3881,0.115,59.6,14.9828,3.2552,0.0062,1,0.018,0.7922,4.8554,RHIM,2024-08-16,0,-8.0127
6.0118,42,3.7526,0.8251,62.5903,11.8929,2.6114,0.039,1,0.0432,0.9596,-2.6391,RHIM,2024-09-24,0,-7.9409
6.6725,56,3.2358,0.6805,60.8007,11.4309,3.3049,0.0384,0,-0.0001,0.9132,-4.1048,RHIM,2024-10-15,0,-11.2115
12.7282,0,12.2056,0.5788,65.696,14.6078,4.3738,0.0459,1,0.0095,0.8569,-19.7078,RHIM,2025-03-20,0,-4.4327
7.2967,21,15.4642,0.5091,65.0191,11.3417,3.3237,0.0499,1,0.0262,0.8495,3.5323,RHIM,2025-06-12,0,0.5356
6.3857,11,13.7632,0.737,67.4381,14.0129,3.0809,0.0867,1,0.0005,0.9727,27.3784,RHIM,2025-07-22,0,-7.4066
10.7904,0,18.6636,0.6999,60.8055,30.2723,3.2075,0.0174,1,0.0109,0.931,6.8668,RHIM,2025-10-07,0,-7.4152
5.7366,54,2.5844,0.9093,62.1029,10.2298,2.4768,0.0308,1,0.0112,0.9676,-1.6225,RHIM,2026-01-05,0,-5.141
10.1543,0,2.6231,0.7839,67.1601,8.1114,3.4789,0.0651,1,0.0272,0.8364,4.9161,RITES,2019-05-24,0,7.8058
6.7353,6,3.0277,0.9439,63.0201,9.3646,2.1104,0.0322,1,0.0173,1.274,21.3542,RITES,2019-12-26,0,3.2713
6.9582,12,2.9703,0.7733,66.6721,8.2927,4.012,0.0872,1,0.0812,1.0954,-17.9634,RITES,2020-07-01,0,-14.8965
7.0954,11,4.0562,0.7925,66.4703,12.6639,2.4173,0.0644,1,0.0489,0.9429,11.6745,RITES,2020-08-17,0,-8.6071
2.6107,52,3.4344,0.9091,61.6303,10.6984,1.6054,0.0152,1,0.0932,0.7738,-5.8241,RITES,2020-11-11,0,6.3605
5.8545,7,4.8459,0.8568,67.9546,15.6405,3.0745,0.119,1,0.0213,0.9703,19.195,RITES,2021-07-08,0,-9.2995
11.6434,0,4.8333,0.8873,68.5482,8.0997,3.4443,0.1161,0,-0.014,1.2762,-1.1187,RITES,2023-03-09,0,3.8723
5.0977,10,4.5088,0.9225,61.5991,12.461,2.7573,0.0543,1,0.0342,1.0676,22.4181,RITES,2023-06-16,1,31.0005
7.9573,30,3.7235,0.8621,65.1471,9.0257,2.7035,0.0637,1,0.0515,1.1489,19.549,RITES,2023-07-17,0,20.9866
8.0067,9,4.7162,0.8101,68.5406,8.4521,3.6517,0.1724,0,-0.0032,1.3592,46.5973,RITES,2023-08-30,0,-2.5741
8.232,15,2.376,0.9474,65.0705,10.358,2.6848,0.0628,1,0.0646,1.198,12.265,RITES,2023-12-11,0,-5.399
8.5749,17,4.2492,0.7449,66.1738,10.974,3.8776,0.1234,1,0.0351,1.2482,10.9778,RITES,2024-01-19,0,7.3622
10.6446,0,4.1006,0.5869,64.5756,8.1546,4.1492,0.094,1,0.0095,1.4622,43.4048,RITES,2024-05-21,0,-12.296
9.6325,1,5.6095,0.8832,65.2144,12.568,3.1583,0.0867,1,0.0585,1.3582,-0.6577,RITES,2024-07-04,0,-5.5695
10.1059,0,3.3154,0.7966,56.7985,19.4147,4.2214,-0.0205,0,-0.0032,0.7607,-20.4088,RITES,2025-03-19,0,-11.2554
3.0826,23,2.7771,0.7386,58.1658,8.6881,2.2959,0.0028,1,0.0262,0.8401,-8.3385,RITES,2025-11-17,0,-7.0876
7.2637,5,10.6156,0.419,60.0899,9.9495,2.7146,0.0108,1,0.0117,0.8586,-1.0399,RITES,2025-12-23,0,-6.3502
10.5408,0,4.4105,0.8947,66.6277,11.2502,4.8655,0.0971,0,-0.0033,0.7675,-18.2179,RKFORGE,2017-01-04,1,47.181
5.7472,15,3.2443,0.7108,68.3726,13.7802,3.344,0.1312,1,0.0419,1.2424,21.5525,RKFORGE,2017-08-01,0,-8.5171
7.3321,56,1.6779,0.5974,68.0942,9.0321,3.7575,0.0914,0,-0.0159,1.2024,30.9482,RKFORGE,2017-09-29,1,38.7747
8.3448,14,5.4675,0.6959,68.789,12.6089,3.87,0.1231,1,0.0058,1.6893,52.656,RKFORGE,2017-12-08,0,-2.7584
7.8866,19,3.0126,0.7466,59.4826,8.1617,3.2469,0.0016,1,0.0246,1.2162,5.3334,RKFORGE,2022-01-05,0,-3.0113
6.1666,4,5.4237,0.7077,63.4613,12.1096,3.7405,0.0741,1,0.0345,0.9066,2.4852,RKFORGE,2022-07-21,0,4.3144
8.8845,5,1.747,0.7298,64.2031,8.0971,3.5093,0.0864,1,0.0297,1.3342,37.369,RKFORGE,2022-12-12,0,-6.1625
7.8244,37,6.0251,0.4579,58.1107,10.0067,4.302,0.0508,0,-0.0443,1.4467,18.7675,RKFORGE,2023-03-15,1,46.7902
9.0672,51,3.4794,0.7618,68.6016,12.262,3.051,0.1177,1,0.0044,1.4717,38.328,RKFORGE,2023-04-06,1,43.5617
7.4876,6,3.4194,0.6951,62.8395,9.5765,3.6546,0.0657,1,0.0532,1.5638,18.2906,RKFORGE,2024-01-08,0,-8.3075
5.9377,6,15.5414,0.593,59.3877,16.3273,3.3132,0.0204,0,-0.0259,1.1125,-0.0622,RKFORGE,2025-01-10,0,-10.6079
9.0361,10,9.4153,0.769,61.8701,20.0348,3.0796,-0.0066,1,0.0359,0.6639,-23.0635,RKFORGE,2025-06-06,0,-6.6192
4.0365,26,11.9353,0.5136,56.3138,10.614,3.0589,0.0042,1,0.023,0.8646,-16.2626,RKFORGE,2025-11-13,0,-9.3041
9.0361,27,4.7416,0.6212,68.3216,17.4276,3.8711,0.0909,0,-0.0046,0.9572,-0.2306,RKFORGE,2026-02-03,0,-8.2462
9.019,35,1.6392,0.8857,65.1041,8.4353,2.8087,0.0791,1,0.0542,0.9004,10.8077,RPOWER,2017-03-16,0,-2.4435
5.5524,47,1.9512,0.8,66.032,8.3302,2.1106,0.0785,1,0.0407,0.9876,25.6313,RPOWER,2017-04-03,0,-4.98
6.1072,10,2.822,0.9184,60.6953,13.1041,2.6218,0.014,1,0.018,0.8171,-9.188,RPOWER,2017-09-14,0,-2.503
8.5722,14,3.3554,0.7397,62.5801,16.9832,2.9566,0.022,1,0.0165,0.8952,1.2821,RPOWER,2017-12-20,0,17.096
8.4907,10,3.9686,0.6197,68.545,9.1635,3.586,0.1218,1,0.0474,0.7368,-4.3081,RPOWER,2018-08-30,0,-9.6884
7.1572,14,2.9325,0.6667,60.547,11.6153,3.9171,0.0235,1,0.0632,0.8131,-4.6154,RPOWER,2022-07-29,1,40.24
9.4351,11,7.1625,0.9375,66.119,20.2267,3.9437,0.1365,1,0.0371,0.8336,-10.3806,RPOWER,2023-05-23,1,28.1853
11.9773,0,3.0267,0.84,69.0074,8.1716,4.9821,0.2153,1,0.0606,1.5535,49.1379,RPOWER,2024-01-03,0,-0.9506
12.4379,0,5.0364,1.0,64.013,11.1212,4.1343,0.0621,1,0.0332,1.1529,-5.0331,RPOWER,2024-06-11,0,-9.2357
9.8475,18,5.6038,0.6757,57.1869,15.4063,3.9714,0.048,1,0.0171,1.1035,-17.5072,RPOWER,2025-10-10,0,-4.2388
7.6988,34,2.0952,0.9111,62.9039,14.57,3.62,0.0487,1,0.003,1.0,-5.8696,RRKABEL,2024-03-26,0,7.1976
7.2188,12,4.3575,0.7757,60.4702,11.149,3.5539,0.1065,0,-0.0107,1.0616,5.0283,RRKABEL,2024-05-10,0,-4.491
6.1976,18,1.6522,0.8642,63.8001,9.1746,2.1788,0.0559,1,0.0596,1.0221,22.9751,RRKABEL,2024-07-03,0,-6.5224
7.079,11,6.2482,0.7526,60.5499,20.2843,2.8955,0.012,1,0.0111,1.0843,2.2915,RRKABEL,2024-09-11,0,-5.5725
11.576,0,10.605,0.7397,69.1852,11.1525,3.0627,0.0827,1,0.0538,0.6501,-27.6348,RRKABEL,2025-04-30,1,37.9648
4.7895,39,12.795,0.7965,64.8178,18.2145,2.4339,0.0704,1,0.036,1.2887,0.075,RRKABEL,2025-10-27,0,7.1122
7.0946,21,3.7639,0.7153,68.6927,9.0823,2.6866,0.0918,1,0.005,1.0975,20.0987,RRKABEL,2025-12-19,0,-5.5092
7.572,16,2.1732,0.6774,59.318,9.2904,3.3318,0.0525,1,0.0436,1.0,16.8054,RVNL,2019-09-23,0,-10.7308
8.4728,2,2.3406,0.8571,62.3176,11.6802,4.253,0.1379,1,0.0464,1.195,84.1182,RVNL,2021-02-25,0,-10.1721
8.275,48,4.0172,0.7826,60.5826,23.6995,2.1548,-0.009,1,0.0721,0.8234,9.2896,RVNL,2021-09-03,0,9.2904
9.8663,50,5.9759,0.7049,67.4639,14.4179,2.8571,0.0434,1,0.0704,0.8801,15.3846,RVNL,2021-09-07,0,4.4637
1.705,39,2.495,0.5769,61.6992,17.2719,1.4716,0.0275,1,0.0575,1.0315,-8.1514,RVNL,2022-08-25,0,4.5534
5.3594,22,5.8249,0.8967,66.8762,19.453,2.7029,0.063,1,0.0605,1.5371,105.941,RVNL,2023-07-20,0,-5.9026
9.1571,12,2.9689,0.6322,64.0924,9.4726,2.8236,0.056,1,0.0553,1.3036,26.437,RVNL,2023-12-04,0,-4.2556
7.8209,5,2.5059,0.8328,65.0372,8.2623,3.1085,0.0879,1,0.0084,1.4743,63.0511,RVNL,2024-04-23,0,-6.8879
6.7445,56,3.2173,0.8171,63.5662,10.3806,2.3351,0.0322,1,0.0122,0.8148,-2.4123,RVNL,2025-12-22,0,0.4818
9.6847,4,1.9729,0.8521,56.4575,8.5261,4.307,-0.0156,0,-0.0093,0.8642,-10.4737,RVNL,2026-04-15,0,-2.1029
8.9653,10,4.2971,0.8694,61.6467,10.9839,3.8361,0.0532,1,0.0264,0.805,-8.7265,SAGILITY,2025-07-02,0,-7.5614
9.1521,6,4.6855,1.0,61.7174,15.1903,3.9345,0.1123,0,-0.0115,0.9591,9.8751,SAGILITY,2025-07-31,0,13.3715
4.6043,40,2.0084,0.7731,62.4923,11.2038,2.5423,0.0501,0,-0.0103,1.1689,27.2332,SAGILITY,2026-01-16,0,-7.039
5.682,64,6.144,0.2595,57.6275,10.4893,3.4524,0.058,0,-0.0265,1.1589,8.8125,SAILIFE,2025-08-08,0,-3.3179
8.463,65,5.0851,0.8813,69.388,11.7604,3.8151,0.1366,0,-0.0175,1.1576,18.0377,SAILIFE,2025-08-11,0,-10.1576
4.8298,62,2.2096,0.8699,59.6079,12.3664,2.6953,0.0373,1,0.005,1.1596,10.8346,SAILIFE,2025-12-19,0,-2.0038
9.638,29,2.8514,0.8025,68.7348,12.7057,2.9262,0.0865,1,0.0424,1.0,0.0,SAIL,2016-09-07,0,-6.6762
11.2525,0,3.7637,0.8235,68.4794,9.5403,2.681,0.0974,1,0.0242,1.1723,14.6516,SAIL,2017-01-11,0,8.0373
6.9079,43,1.899,0.8,66.9818,8.0333,2.2998,0.0492,1,0.0149,1.0334,2.579,SAIL,2017-07-07,0,-3.4223
12.2886,0,2.4307,0.9211,63.5369,8.3148,4.158,0.1008,1,0.0193,0.9952,-12.0552,SAIL,2018-06-07,0,-6.6727
12.3521,0,2.719,0.8734,63.8902,13.0618,4.1752,0.0564,1,0.004,0.7233,-18.648,SAIL,2019-03-01,0,0.8667
11.2717,0,1.667,0.8971,61.6625,10.1361,4.8639,0.0729,1,0.0483,0.6444,-24.4818,SAIL,2019-10-18,1,42.2652
13.8666,0,5.0335,0.5106,69.3093,9.3718,5.001,0.1791,1,0.0927,0.8654,-9.9363,SAIL,2020-07-08,0,6.8472
11.0535,0,3.9496,0.8533,64.3535,15.2148,3.5388,0.0549,1,0.0465,1.0497,26.0296,SAIL,2020-11-05,1,71.8182
10.0619,0,2.8758,0.8453,69.8367,8.1924,3.1374,0.1213,1,0.0063,2.2343,96.7428,SAIL,2021-07-29,0,-9.4591
8.8598,9,2.0988,0.875,59.9697,8.4455,2.7299,0.0332,1,0.0133,0.8408,26.506,SAIL,2022-10-27,0,-0.7246
3.7324,89,1.5632,0.717,67.2301,9.4236,1.649,0.0447,1,0.0476,1.0289,3.1833,SAIL,2023-07-03,0,2.9937
7.0976,105,1.804,0.8333,68.3406,8.3512,1.9938,0.0751,1,0.0401,0.9324,7.3459,SAIL,2023-07-25,0,-2.5525
10.8522,0,3.1673,0.8629,66.1074,9.3304,4.0669,0.1727,1,0.0303,1.2323,34.5569,SAIL,2024-02-02,0,-3.55
5.6893,9,3.1723,0.9503,60.6439,12.3514,2.3619,0.011,0,-0.0106,1.1054,12.9518,SAIL,2025-09-03,0,0.793
6.6008,21,5.782,0.7299,67.2167,14.1149,2.9562,0.0847,1,0.0372,1.1689,13.7128,SAIL,2025-10-29,0,-5.0642
6.8456,15,2.7839,0.9056,65.6298,11.2173,2.6273,0.0488,1,0.0004,1.0642,16.1062,SAIL,2025-12-30,0,-1.694
4.1078,43,3.5508,0.6031,60.4197,9.0024,2.6321,0.0397,1,0.0407,0.9968,-3.4777,SAMMAANCAP,2018-01-18,0,-1.422
6.1249,22,1.6883,0.8717,62.1394,9.8963,2.6533,0.022,0,-0.0241,1.0381,9.413,SAMMAANCAP,2018-04-03,0,-2.1343
6.619,23,2.3272,0.8235,58.4634,10.5248,2.5204,0.0217,1,0.0216,0.9877,0.8088,SAMMAANCAP,2018-07-18,0,3.44
15.0751,0,4.2592,0.7591,68.5848,9.5706,4.3304,0.065,1,0.086,0.994,-25.0767,SAMMAANCAP,2020-11-12,0,2.2029
10.508,0,1.8793,0.8605,64.3962,8.9681,5.0547,0.1262,1,0.0495,0.9387,64.8388,SAMMAANCAP,2021-03-03,0,-14.8673
15.5386,0,2.7388,0.8428,67.377,13.4214,4.0803,0.0983,1,0.0502,0.5564,-27.0502,SAMMAANCAP,2022-07-28,0,6.4506
8.939,19,4.4376,0.9288,63.8943,20.9785,3.7563,0.0901,1,0.0452,1.0336,48.6283,SAMMAANCAP,2022-11-25,0,-4.3387
7.6028,29,3.7276,0.7588,69.3569,12.4316,2.9897,0.0965,1,0.0422,0.7834,5.5152,SAMMAANCAP,2023-06-30,1,49.7708
11.3355,0,2.5382,0.9132,62.2505,10.556,4.7257,0.0957,1,0.0248,1.3446,32.0948,SAMMAANCAP,2024-02-23,0,-15.5566
4.744,18,1.6727,0.8945,62.0004,9.3137,3.117,0.0567,1,0.0489,0.9084,4.2009,SAMMAANCAP,2024-07-30,0,-10.576
12.0286,0,5.2485,0.926,68.4751,14.5845,4.0143,0.0943,0,-0.0162,1.1389,7.3238,SAMMAANCAP,2025-09-02,0,24.7353
8.525,12,5.7161,0.5906,60.9574,15.1086,4.0113,0.0612,0,-0.0021,0.9245,2.8743,SAMMAANCAP,2026-05-21,0,7.561
4.5352,4,1.9546,0.6259,60.0732,10.3314,3.4805,0.0,1,0.0246,1.0,0.0,SAPPHIRE,2022-01-05,0,-2.5981
8.2212,6,2.725,0.9185,66.3444,10.7166,3.3733,0.0,1,0.0192,1.0,0.0,SAPPHIRE,2022-01-07,0,-7.7727
4.164,42,5.8498,0.6985,61.1739,10.7199,2.1476,0.033,1,0.0361,0.8197,-9.5754,SAPPHIRE,2023-05-02,0,11.7462
5.664,4,2.0554,0.8878,69.3449,11.0553,3.2076,0.121,1,0.0468,1.0391,6.6529,SAPPHIRE,2023-05-30,0,-2.4248
8.8735,55,2.2661,0.6707,68.8772,8.0449,3.3155,0.0673,1,0.0248,0.9851,4.3773,SAPPHIRE,2024-02-23,0,-9.9139
8.8417,11,1.774,0.8036,61.9411,8.5909,3.2228,0.0066,0,-0.0068,1.1302,4.0052,SAPPHIRE,2024-12-03,0,-7.1052
4.4185,32,16.0593,0.2758,61.6329,14.3605,3.1562,0.0524,1,0.0249,0.9368,9.0335,SAPPHIRE,2025-07-04,0,-3.6832
4.9987,18,3.3258,0.8416,63.2555,8.073,2.7896,0.0436,1,0.0149,0.934,6.4058,SARDAEN,2017-07-07,1,53.9258
10.9828,0,4.3322,0.9046,69.3734,15.3724,3.5115,0.0988,1,0.0302,0.9194,13.9256,SARDAEN,2017-07-19,1,45.0736
9.5406,2,5.8541,0.6839,69.815,10.4704,3.8108,0.1283,1,0.0317,1.8722,104.6569,SARDAEN,2017-10-31,0,-12.9854
11.2671,0,1.5971,0.7914,67.5237,9.6088,3.9528,0.0957,1,0.004,0.7177,-5.5848,SARDAEN,2019-03-01,0,-0.1151
9.8986,5,1.7557,0.8846,64.9746,9.236,5.8858,0.1684,0,-0.029,1.4487,42.1029,SARDAEN,2021-04-22,0,5.784
8.9328,25,4.8456,0.7779,65.6282,8.2722,3.4089,0.0714,1,0.0433,1.166,19.7125,SARDAEN,2022-01-13,0,-11.2095
6.1484,15,3.585,0.8532,62.9496,12.6329,2.9693,0.0352,1,0.0372,0.6949,9.5953,SARDAEN,2022-11-07,0,6.7583
5.6417,8,2.3267,0.808,59.4271,10.6169,3.7237,0.0709,1,0.0098,1.8082,83.5697,SARDAEN,2023-10-17,0,-13.0501
9.754,10,6.666,0.7061,63.7053,10.4903,4.7401,0.0936,0,-0.0289,1.5211,14.8948,SARDAEN,2025-03-10,0,-2.9639
6.8634,5,4.3592,0.7382,69.4603,8.7301,3.801,0.206,1,0.0069,1.0448,50.1547,SARDAEN,2025-09-15,0,-14.6393
8.0003,6,8.9486,0.7913,68.2667,11.895,3.1033,0.0936,0,-0.0208,0.8971,4.8171,SARDAEN,2026-02-27,0,-9.5102
4.7499,23,3.7699,0.5714,60.9784,14.2103,3.6038,0.0126,1,0.0325,0.8979,11.5385,SAREGAMA,2017-03-28,0,0.5022
8.3265,5,7.0008,0.5682,68.299,14.4801,4.9374,0.1627,1,0.0243,0.8767,17.1064,SAREGAMA,2017-05-03,0,-15.1464
10.0144,0,11.873,0.6978,63.7786,18.6743,4.6137,0.0521,1,0.0232,0.9745,13.9608,SAREGAMA,2017-06-13,1,39.1452
2.7192,6,4.2277,0.5758,65.023,8.6001,2.5844,0.0545,1,0.0158,0.8933,2.8457,SAREGAMA,2019-01-15,0,-8.46
8.1478,6,2.3871,0.7701,64.5181,9.1204,4.9161,0.1386,1,0.0466,1.8925,43.6232,SAREGAMA,2020-10-13,1,44.0504
8.8583,15,8.9377,0.6614,68.0413,15.6484,4.3416,0.1304,1,0.0887,1.4105,66.7458,SAREGAMA,2020-12-28,1,83.9625
6.4222,6,2.7234,0.8089,57.5086,11.9586,2.9303,0.0043,1,0.0037,0.8733,-3.1705,SAREGAMA,2022-10-20,0,-9.0025
7.0397,53,7.6165,0.8792,62.629,16.9653,3.7223,0.0449,0,-0.0062,0.9804,-4.5872,SAREGAMA,2022-12-28,0,-15.4088
6.0562,31,13.6454,0.4888,60.438,20.9855,3.8623,0.0174,0,-0.0324,0.9682,-11.1792,SAREGAMA,2023-03-21,0,-5.5541
7.1015,89,5.7046,0.4982,69.4075,11.436,3.1664,0.0579,1,0.0342,0.9409,-0.5558,SAREGAMA,2023-06-16,0,18.4035
10.7972,0,5.4446,0.9232,63.2385,17.801,3.6799,0.0317,1,0.0073,1.0825,-5.5496,SAREGAMA,2023-11-17,0,-8.1549
10.6702,0,4.3764,0.8688,66.1932,14.3363,3.9233,0.0784,1,0.0177,0.8967,9.3453,SAREGAMA,2024-02-15,0,-3.0226
7.2284,8,9.3269,0.9376,66.4806,21.3983,3.8774,0.1636,1,0.0284,1.1905,26.048,SAREGAMA,2024-05-23,0,9.0532
3.8874,41,2.5817,0.5091,60.3099,8.0604,2.4663,0.0276,0,-0.007,0.9485,-4.1981,SAREGAMA,2025-09-08,0,-6.8511
7.4905,42,9.875,0.4389,69.954,19.6896,3.5306,0.0865,0,-0.0064,1.0,0.0,SBFC,2023-11-13,0,-9.0106
4.2822,45,2.0575,0.6433,57.8707,8.5579,2.6403,0.0193,1,0.0507,0.8471,9.5411,SBFC,2024-07-31,0,4.1546
7.1086,8,3.0457,0.3205,58.064,10.223,3.1056,0.0091,0,-0.022,0.9987,7.1794,SBFC,2024-11-25,0,-4.5162
5.185,28,3.5672,0.8348,60.9862,11.6439,2.7494,0.0484,1,0.0313,1.0427,-1.5531,SBFC,2025-10-17,0,-5.8874
6.6782,30,2.2148,0.6536,64.4839,8.2508,2.8627,0.0717,1,0.0355,1.006,3.782,SBFC,2025-10-21,0,-9.2658
4.9682,90,3.8414,0.6679,59.4307,17.8549,2.3309,0.0118,0,-0.0103,0.8929,0.1685,SBFC,2026-01-16,0,-6.3016
6.0221,32,2.7137,0.7975,69.3904,10.0091,2.3747,0.0808,1,0.0904,0.976,7.3609,SBICARD,2021-01-04,0,8.5421
4.7436,9,3.8272,0.8289,57.1904,16.4111,2.5022,0.003,1,0.0121,0.9427,0.2118,SBICARD,2021-07-26,0,0.2899
3.9491,30,2.2957,0.8682,65.7782,10.7127,2.1039,0.0605,1,0.0409,0.9351,17.6302,SBICARD,2021-08-25,0,-4.0337
2.6948,23,2.5095,0.7844,58.0625,9.4006,1.7906,0.0114,0,-0.014,0.8059,-7.2038,SBICARD,2023-03-09,0,-5.3201
4.6494,100,2.4998,0.6128,57.5328,10.1554,2.0312,0.0008,1,0.0625,0.7375,-11.893,SBICARD,2023-12-07,0,-4.7027
4.1784,180,2.4397,0.9613,63.4911,18.9804,1.7485,0.0266,1,0.022,0.8082,0.1771,SBICARD,2024-04-05,0,-4.5697
6.977,182,2.1535,0.9393,68.5135,9.2722,2.0153,0.057,1,0.0254,0.8178,2.1206,SBICARD,2024-04-09,0,-6.3914
2.8768,48,1.7453,0.8304,60.0852,8.4364,1.6302,0.0248,1,0.0557,0.8613,-0.1265,SBICARD,2024-07-08,0,-4.9484
5.9617,86,1.8597,0.8563,62.6728,9.0482,1.6184,0.0318,1,0.0329,0.8957,0.6286,SBICARD,2024-09-02,0,0.0555
5.9738,13,2.4571,0.8263,63.4685,12.5114,2.2058,0.0104,1,0.0021,0.9243,-5.5233,SBICARD,2025-09-10,0,4.0947
5.7883,16,2.5662,0.7541,57.5016,10.4414,2.8251,0.0,1,0.0176,1.0,0.0,SBILIFE,2017-11-21,0,-2.5334
5.5463,111,1.7772,0.9655,69.674,8.4728,2.534,0.0579,0,-0.0008,0.9888,10.3541,SBILIFE,2018-04-11,0,-0.6916
5.839,44,2.0056,0.8543,62.9543,8.1288,2.1427,0.0303,1,0.0443,1.0017,1.3815,SBILIFE,2018-07-27,0,-8.4295
6.5398,90,13.7483,0.8667,66.715,16.3016,3.1854,0.0223,1,0.004,0.9939,8.972,SBILIFE,2019-03-01,0,2.5348
5.2035,21,3.1477,0.6187,63.8123,10.9399,2.2776,0.065,1,0.0415,1.0047,12.1223,SBILIFE,2019-04-26,0,-3.6152
4.1076,9,5.1483,0.482,61.9097,17.5401,2.4596,0.0807,1,0.0129,1.1368,24.7024,SBILIFE,2019-06-26,0,12.3654
7.6217,57,2.904,0.7496,66.4731,10.0431,3.0331,0.0736,1,0.0327,1.4449,26.1285,SBILIFE,2019-10-16,0,5.2517
6.6314,15,1.8975,0.9187,62.9605,11.1466,2.4447,0.0437,1,0.0374,0.9572,0.1774,SBILIFE,2022-04-08,0,-7.7595
4.766,45,2.1598,0.9256,63.9821,8.5561,1.912,0.0463,1,0.0418,0.912,-4.9591,SBILIFE,2023-05-04,0,10.6613
5.0642,112,2.5576,0.8554,66.8209,10.6243,2.2733,0.0565,1,0.0203,1.0842,22.7463,SBILIFE,2023-08-08,0,-4.2862
6.5801,168,2.2189,0.8649,61.6604,9.4984,2.0044,0.0388,0,-0.0254,1.1305,5.5969,SBILIFE,2023-10-31,0,1.8672
5.3545,180,3.2033,0.7452,67.0789,10.0444,2.173,0.0637,1,0.0073,1.1271,9.2697,SBILIFE,2023-11-17,0,-1.2235
5.2589,112,2.8647,0.524,69.362,13.2298,1.8391,0.0442,1,0.036,1.0271,5.716,SBILIFE,2025-10-27,0,2.8228
5.4557,16,4.2206,0.8025,67.6986,15.1195,2.7788,0.0,0,0.0,1.0,0.0,SBIN,2016-08-12,0,3.0581
8.9378,40,3.2132,0.847,68.7029,13.1623,3.2045,0.0998,0,-0.0188,1.0,30.2918,SBIN,2016-11-10,0,-11.5839
8.3787,38,2.1655,0.8835,65.3749,9.1448,2.1268,0.0602,1,0.058,1.1733,7.7842,SBIN,2017-02-01,0,8.1479
4.5688,52,1.7335,0.8623,65.129,8.9235,2.213,0.0663,1,0.0283,1.0643,17.1137,SBIN,2017-05-04,0,-3.9618
4.6731,45,1.9188,0.8275,58.813,10.2202,2.4375,0.0065,1,0.0623,0.966,16.0102,SBIN,2018-01-23,0,-6.9484
6.3867,13,3.6711,0.6898,56.678,9.2046,2.8006,0.0229,1,0.0068,0.7293,-16.9719,SBIN,2018-05-22,0,4.1488
8.8208,11,2.7416,0.8484,57.3026,16.5405,3.4199,-0.0191,1,0.0144,1.0399,-2.0613,SBIN,2019-09-20,0,-11.8111
6.0334,22,2.4141,0.9016,65.7459,8.2467,2.8494,0.0848,1,0.0613,0.6785,3.2766,SBIN,2020-08-12,0,-0.9659
10.7108,0,2.4139,0.8973,65.3233,15.6737,4.3312,0.1367,1,0.0371,1.2367,66.8636,SBIN,2021-02-01,0,16.6746
11.0928,0,2.1153,0.9026,65.498,12.1673,3.2079,0.0562,1,0.013,1.3806,39.3344,SBIN,2021-05-17,0,4.7096
3.4355,31,2.1381,0.8867,62.44,11.2325,1.8126,0.0419,1,0.0063,1.4314,21.0448,SBIN,2021-07-29,0,-5.1608
6.8598,9,1.8051,0.8625,58.5633,14.2105,2.1001,-0.0092,0,-0.0147,1.0456,-2.9989,SBIN,2023-03-03,0,-6.6136
5.259,68,1.8719,0.8865,65.7152,14.4309,1.4515,0.0305,1,0.0553,0.912,-3.3165,SBIN,2023-12-04,0,3.0762
7.3345,26,1.9979,0.8824,68.8881,8.5384,2.6789,0.0796,1,0.0279,1.0106,13.6689,SBIN,2024-02-07,0,8.8176
6.3801,32,2.3868,0.962,69.9085,11.5778,2.0733,0.0748,1,0.0163,1.2369,32.3077,SBIN,2024-04-25,0,1.707
5.2184,50,2.0511,0.9515,61.4912,14.0005,2.087,0.0406,0,-0.0261,0.9481,-1.3096,SBIN,2024-10-29,0,-4.5761
4.0108,73,1.6024,0.8677,66.939,8.0699,1.2681,0.0391,1,0.0085,1.0424,18.4834,SBIN,2025-07-16,0,-4.0667
6.2227,61,1.6515,0.4828,60.6116,8.921,2.4324,0.0672,0,-0.0046,1.2903,22.2375,SBIN,2026-02-03,0,9.0838
3.8049,28,2.5462,0.7221,66.3213,8.5408,2.692,0.0618,1,0.0278,1.043,3.6208,SCHAEFFLER,2017-03-27,0,7.5441
4.6153,38,2.0959,0.7032,61.1093,17.8558,3.3313,0.0149,0,-0.0167,1.0931,11.7951,SCHAEFFLER,2018-03-13,0,-0.8682
4.0427,119,1.5582,0.5212,64.6478,10.1308,2.6075,0.057,0,-0.0031,1.0652,15.0096,SCHAEFFLER,2020-02-05,0,-6.3903
5.0633,41,6.627,0.636,60.4185,18.8747,2.2202,0.0193,1,0.0554,0.8502,6.0749,SCHAEFFLER,2020-08-24,0,-0.0649
6.114,94,11.3926,0.5634,69.6092,20.0765,3.1506,0.0933,1,0.015,1.1738,11.604,SCHAEFFLER,2021-07-22,1,32.9368
4.9365,22,8.0312,0.0483,64.0278,14.7558,3.7494,0.0676,1,0.0511,1.1923,46.2844,SCHAEFFLER,2021-10-12,0,-6.028
5.9861,42,2.5843,0.8693,63.6713,11.2291,2.9817,0.0458,0,-0.0006,0.9533,-13.4054,SCHAEFFLER,2023-02-16,0,-1.6277
3.8383,14,1.7584,0.8404,67.7156,12.3472,1.6894,0.0467,1,0.0394,1.0344,10.076,SCHAEFFLER,2023-05-31,0,0.4794
4.8383,47,3.5099,0.9184,60.827,9.8452,2.3493,0.0276,1,0.0003,0.9502,16.1053,SCHAEFFLER,2023-09-01,0,3.8039
4.6128,47,1.6425,0.7969,60.5372,9.5832,2.8868,0.0328,1,0.003,1.1484,-4.7943,SCHAEFFLER,2024-10-14,0,-9.9447
9.0911,61,1.9421,0.5698,59.8062,12.2503,2.3986,0.0323,0,-0.0089,1.1731,1.51,SCHAEFFLER,2025-09-29,0,-7.2735
7.1119,43,6.6764,0.6348,65.8522,13.6604,3.2591,0.0543,1,0.0183,1.0,0.0,SCHNEIDER,2016-09-23,0,-7.7869
7.7636,18,5.0223,0.9282,61.0366,14.6534,2.8872,0.0155,0,-0.0044,1.064,10.552,SCHNEIDER,2017-01-03,0,-7.4542
4.8164,29,7.0714,0.4346,55.975,19.6969,3.5499,0.006,1,0.0373,0.7668,-1.2254,SCHNEIDER,2017-07-26,0,-11.5646
9.5772,3,5.1223,0.6642,62.3806,12.7778,3.7319,0.0384,1,0.011,0.8846,-14.0988,SCHNEIDER,2017-09-05,0,-6.7654
5.6542,50,3.9502,0.6323,65.1653,12.6271,3.0081,0.0443,1,0.0208,1.0,13.601,SCHNEIDER,2018-01-01,0,-10.0414
9.522,8,2.2921,0.7573,60.6562,9.8928,4.9285,0.0559,0,-0.0241,0.9483,-3.7067,SCHNEIDER,2018-04-03,0,-5.1812
7.0271,28,14.1324,0.3362,68.5996,26.1358,3.5133,0.1071,1,0.0322,0.9578,2.1889,SCHNEIDER,2018-05-02,0,-9.6587
11.3554,0,4.9651,0.8649,61.8168,13.6348,5.0159,0.0292,0,-0.0027,0.9578,-10.6432,SCHNEIDER,2019-02-28,0,-1.1517
13.5931,0,4.7189,1.0,69.3543,19.0615,5.5451,0.2931,1,0.0009,1.1389,14.7451,SCHNEIDER,2020-02-06,0,-14.5343
10.773,0,3.1911,0.7651,62.6618,9.1915,4.6838,0.0429,1,0.0471,0.8613,7.1611,SCHNEIDER,2020-08-20,0,-10.8501
10.7267,0,5.1065,0.9123,65.9705,12.6678,3.932,0.0614,1,0.0077,1.1939,23.4421,SCHNEIDER,2021-05-11,0,23.0033
10.5307,0,6.3443,0.7914,68.1456,18.8419,4.4521,0.1319,1,0.0063,1.3113,48.4123,SCHNEIDER,2021-07-29,0,-15.0835
5.2699,27,4.7401,0.8571,65.3311,25.2987,2.7445,0.0272,1,0.0582,1.0499,-1.1364,SCHNEIDER,2021-10-13,0,-9.0735
11.0677,0,5.3364,0.8512,66.9075,10.3757,3.4762,0.0778,1,0.03,0.8047,0.2546,SCHNEIDER,2022-01-10,0,-11.3095
9.206,32,8.9344,0.7118,60.2642,15.8033,4.1068,0.0675,1,0.0432,1.2183,4.9167,SCHNEIDER,2024-09-24,0,-13.0053
10.7394,0,3.0118,0.8521,62.2378,10.878,4.1433,0.0452,1,0.0166,0.9687,-10.8006,SCHNEIDER,2025-03-21,0,-11.2429
10.6183,0,5.1573,0.6023,64.6087,9.592,2.7626,0.045,0,-0.0033,0.9624,-5.7918,SCI,2017-01-04,0,-2.9385
5.8402,8,7.3142,0.7222,66.3073,9.2853,2.3368,0.033,1,0.0465,0.925,-0.1481,SCI,2017-03-20,0,8.3823
11.8624,0,6.6657,0.8678,65.785,14.854,4.1355,0.1081,1,0.0409,1.1748,24.3373,SCI,2017-11-01,0,-12.9223
11.7101,0,6.1702,0.9167,67.5864,18.9575,3.5295,0.0899,1,0.0192,0.8339,-17.0996,SCI,2018-04-19,0,-11.7624
8.9147,3,3.8523,0.752,58.0232,11.8656,3.6662,0.0046,1,0.0227,0.6354,-15.5666,SCI,2018-06-12,0,-12.6746
8.914,8,7.6405,0.7073,66.8252,12.6733,3.1847,0.0792,1,0.017,0.7464,-21.369,SCI,2018-12-21,0,-10.1158
9.9316,6,3.6183,0.5926,62.1498,9.5669,4.8256,0.0339,0,-0.0389,0.845,-14.5714,SCI,2019-09-05,1,95.9528
5.7227,32,3.4374,0.541,60.1245,10.0587,2.9454,0.0334,1,0.0785,0.8717,-12.0513,SCI,2020-11-25,1,70.5505
8.3564,33,4.6005,0.7059,69.5206,9.3961,2.9689,0.0845,1,0.0866,0.9357,-5.3202,SCI,2020-11-26,1,74.2478
6.2776,29,3.072,0.7891,60.8942,9.782,3.698,0.0492,1,0.0667,1.1207,71.51,SCI,2021-02-17,0,13.2418
6.2723,36,2.8388,0.7143,59.5219,8.139,3.081,0.0268,1,0.0126,1.2397,-10.1977,SCI,2021-07-19,0,-11.7629
6.0141,8,7.4,0.8259,63.9219,16.45,3.6082,0.1114,0,-0.0048,1.0323,30.9126,SCI,2021-11-18,0,-5.6483
6.3992,4,2.1963,0.7636,61.4748,8.3759,3.4097,0.0542,1,0.0548,0.9684,-12.5788,SCI,2022-04-04,0,-4.4154
10.9799,0,1.9678,0.6214,69.9746,8.2241,3.0674,0.1572,1,0.0427,0.9855,-7.8752,SCI,2022-09-07,0,-7.388
7.6402,8,3.1618,0.6824,63.6254,10.5112,3.2085,0.0553,1,0.0044,0.8979,16.9776,SCI,2022-10-21,0,2.8178
6.3639,22,3.0749,0.832,62.6815,19.2418,3.3819,0.0866,1,0.0175,1.1785,24.7721,SCI,2022-12-19,0,-10.5206
7.3049,10,4.3093,0.693,57.9767,10.1661,3.57,-0.0132,0,-0.0365,1.0568,-3.593,SCI,2023-03-13,0,-3.0176
6.5031,18,3.7502,0.8354,66.118,15.2172,2.0398,0.0512,1,0.0375,0.7759,-26.7895,SCI,2023-06-05,0,-6.1042
4.7568,24,4.2167,0.9355,63.7767,23.1629,2.0644,0.0352,1,0.0374,0.6908,-19.4412,SCI,2023-07-31,1,31.9597
8.63,7,3.2044,0.7667,64.2391,8.0592,4.4443,0.1812,1,0.0061,1.5573,50.2446,SCI,2023-10-16,0,-14.1745
8.8601,3,2.9365,0.8482,69.699,9.2133,4.6121,0.1778,1,0.0699,1.534,51.2908,SCI,2024-01-02,1,25.5074
10.1083,0,5.0201,0.7573,63.2367,12.1061,4.9796,0.1317,1,0.066,0.8013,-11.9009,SCI,2025-05-16,0,10.9989
6.5348,22,1.6346,0.7455,63.0536,17.6194,2.3748,0.0605,1,0.0225,0.9807,6.1705,SHREECEM,2017-10-23,0,-8.4888
10.4856,0,2.6346,0.7679,68.006,9.2857,3.1933,0.0918,1,0.0339,0.9486,5.8381,SHREECEM,2018-07-24,0,0.4273
6.0793,35,1.8213,0.655,67.7776,11.4235,2.7685,0.084,1,0.0311,1.1846,20.3079,SHREECEM,2019-05-20,0,-1.3508
3.6178,36,1.9741,0.9503,66.1662,16.3262,1.7665,0.0463,1,0.0241,0.9397,11.6982,SHREECEM,2020-01-02,0,7.7697
6.4585,3,2.9343,0.7817,61.8603,14.4376,3.2149,0.0595,1,0.0312,0.9118,-1.2865,SHREECEM,2020-10-27,0,10.1913
12.036,0,2.9753,0.9112,65.9767,11.097,3.4372,0.0887,1,0.0608,0.9058,39.4721,SHREECEM,2021-02-02,0,8.7088
6.0605,15,1.5571,0.8334,63.0543,9.0664,2.4268,0.0241,1,0.0595,0.9853,22.9217,SHREECEM,2021-06-07,0,-7.4355
4.9967,54,1.9072,0.9262,66.46,10.9978,1.9059,0.0469,1,0.0111,1.1051,8.985,SHREECEM,2021-08-02,0,-5.7613
6.9139,47,4.8604,0.8104,69.3562,13.2969,2.9129,0.1217,1,0.0427,0.9509,-10.2006,SHREECEM,2022-09-07,0,-5.5212
5.8925,21,1.6656,0.9407,61.3694,10.3002,2.7227,0.0361,1,0.036,1.0804,6.0447,SHREECEM,2023-06-06,0,-12.2669
3.468,44,1.9273,0.753,61.175,9.4092,1.6112,0.0254,1,0.0277,0.9694,11.2927,SHREECEM,2023-11-30,0,1.4463
5.7827,59,2.0909,0.6306,61.1755,8.8553,2.291,0.016,0,-0.022,0.9501,-7.6014,SHREECEM,2024-11-25,0,3.6624
5.438,51,3.8026,0.8047,65.2604,8.8086,1.9612,0.0313,1,0.0375,1.0932,9.8989,SHREECEM,2025-06-27,0,-1.8486
7.0588,31,3.1348,0.7686,69.9681,12.9167,2.4172,0.0752,1,0.0511,0.824,-4.2873,SHRIRAMFIN,2017-03-14,0,-0.0726
8.9072,14,2.0608,0.9311,67.2732,11.9015,2.9451,0.0483,0,-0.0226,1.3481,12.7738,SHRIRAMFIN,2018-03-15,0,3.5936
11.928,0,1.6816,0.9008,68.4885,9.2706,3.5708,0.1155,0,-0.0143,1.3793,23.0421,SHRIRAMFIN,2018-04-05,0,-1.2848
11.2537,0,2.1163,0.8739,67.9356,9.524,3.7231,0.1236,1,0.0392,0.8658,-10.6506,SHRIRAMFIN,2018-12-19,0,-11.8474
7.3441,28,2.1584,0.892,65.6945,9.0198,2.8681,0.0651,1,0.0343,1.0818,20.7598,SHRIRAMFIN,2019-12-20,0,-8.4787
13.4788,0,3.4547,0.8487,64.8429,8.7169,4.395,0.096,1,0.0009,1.1317,11.0566,SHRIRAMFIN,2020-02-06,0,-1.9477
12.072,0,2.7434,0.8135,69.9087,9.7946,3.8037,0.1248,1,0.0602,0.6227,30.8622,SHRIRAMFIN,2020-08-28,0,-13.874
9.6656,1,2.5049,0.7371,61.461,8.198,3.294,0.0677,1,0.0595,1.2066,23.7959,SHRIRAMFIN,2021-06-07,0,-10.3045
8.6138,7,4.1772,0.4302,58.5372,8.7388,4.131,0.0594,0,-0.0004,0.851,-4.5645,SHRIRAMFIN,2022-04-29,0,-11.4302
10.7083,0,2.2058,0.7671,68.9974,8.3085,3.3656,0.1073,0,-0.0287,1.1665,1.4328,SHRIRAMFIN,2022-06-30,0,6.5436
8.5136,31,1.8853,0.7573,61.1726,10.4791,3.5669,0.0906,1,0.056,1.0148,-2.9859,SHRIRAMFIN,2022-11-30,0,-4.6715
5.5406,70,3.4484,0.4712,57.6874,20.1665,3.0484,0.0279,0,-0.0276,1.3136,38.0806,SHRIRAMFIN,2023-10-27,1,26.9457
5.1035,7,1.9246,0.8655,68.6562,10.2096,2.2021,0.0938,1,0.0553,1.3598,15.5044,SHRIRAMFIN,2023-12-04,0,9.1009
6.4674,15,2.261,0.9063,64.8848,14.2612,2.5612,0.0917,1,0.0695,1.3285,16.7145,SHRIRAMFIN,2023-12-14,0,7.9388
6.7993,11,4.0333,0.6638,60.2935,16.326,3.8289,0.1055,1,0.0525,1.1315,21.4246,SHRIRAMFIN,2024-07-26,0,12.8781
9.8448,8,2.5995,0.9298,65.1878,8.9776,3.7327,0.0888,0,-0.0336,1.0721,-7.3629,SHRIRAMFIN,2025-02-27,0,-2.2871
6.0671,7,3.1087,0.9431,61.2801,10.4808,2.8701,0.0539,1,0.0359,1.0801,30.5137,SHRIRAMFIN,2025-06-06,0,-6.5779
7.5477,88,2.8517,0.9631,63.4029,13.4253,2.0684,0.0516,0,-0.0003,0.9535,-1.9398,SHRIRAMFIN,2025-10-01,1,53.3318
4.8858,12,1.5168,0.0722,55.8322,10.005,3.3297,0.0714,0,-0.0046,1.5776,60.0662,SHRIRAMFIN,2026-02-03,0,1.053
9.0598,9,3.5788,0.7871,60.9004,14.6219,3.3915,0.0319,0,-0.02,0.8471,-16.1892,SHYAMMETL,2021-12-28,0,-6.7496
10.6326,0,3.9402,0.7212,64.1163,10.32,3.7164,0.0543,1,0.0015,0.8822,-1.9299,SHYAMMETL,2022-03-17,0,-4.5007
1.8505,110,10.3814,0.1846,57.6865,13.0223,1.9111,0.0107,1,0.003,0.9248,0.9298,SHYAMMETL,2022-12-21,0,-5.0521
4.2076,23,9.193,0.6231,67.4123,20.1535,2.8825,0.0705,1,0.036,1.0649,-3.998,SHYAMMETL,2023-06-06,1,50.3216
4.4818,6,3.2402,0.8752,61.0995,18.9249,2.6694,0.0271,1,0.0096,1.4303,57.3841,SHYAMMETL,2023-10-12,0,-6.9113
6.994,6,3.1522,0.885,62.8455,13.1208,3.32,0.0463,1,0.0096,1.2293,26.8861,SHYAMMETL,2024-04-24,0,-11.3229
11.8495,0,5.9857,0.9348,68.3409,12.3604,3.7023,0.0951,0,-0.0259,1.1226,-1.0209,SHYAMMETL,2025-03-07,0,-8.7747
7.044,54,3.0572,0.9327,65.2233,10.2541,2.1506,0.037,1,0.0085,1.109,24.6323,SHYAMMETL,2025-07-16,0,-0.4655
4.7429,36,5.0904,0.8625,65.6564,13.9774,2.5789,0.0349,1,0.0022,0.9992,11.65,SHYAMMETL,2025-10-03,0,-9.7422
3.3357,33,2.2173,0.8939,65.6627,14.0745,2.0647,0.0597,1,0.0511,0.9577,9.0739,SIEMENS,2017-03-14,0,6.0119
4.5393,9,3.0638,0.648,56.3317,12.7677,2.3473,-0.0003,1,0.0129,0.9869,-0.9921,SIEMENS,2017-09-11,0,-1.7273
7.4149,12,2.8743,0.7476,64.1631,8.0577,2.3488,0.0376,1,0.018,0.9935,2.3411,SIEMENS,2017-09-14,0,-4.3218
6.796,43,1.6058,0.9286,61.4354,9.7292,2.669,0.0295,1,0.0152,0.8478,-3.0718,SIEMENS,2017-12-21,0,-1.1148
5.0183,28,2.555,0.8402,67.0496,9.7413,1.9904,0.0437,1,0.0216,1.2209,35.7207,SIEMENS,2020-01-17,0,-5.5938
8.0087,48,2.7161,0.847,65.0639,8.147,2.5237,0.0518,1,0.0077,1.1818,24.7753,SIEMENS,2021-05-11,0,-3.1616
6.3246,37,2.122,0.9533,67.7259,10.9445,2.7714,0.0788,0,-0.0217,1.177,4.3861,SIEMENS,2022-07-04,0,2.32
5.7014,8,1.6523,0.9261,63.8541,8.4354,2.9455,0.1099,1,0.0768,1.142,19.8511,SIEMENS,2022-08-08,0,1.8117
7.0159,18,4.1818,0.8382,66.7466,10.2546,2.1657,0.0655,0,-0.0067,1.0268,4.769,SIEMENS,2023-01-18,0,8.0035
4.1289,37,2.7788,0.9283,67.1948,11.3849,1.7696,0.0538,1,0.0177,1.216,15.9775,SIEMENS,2023-04-26,0,4.3522
8.0183,5,5.0135,0.8866,61.1296,15.278,3.147,0.0349,0,-0.022,0.9563,-3.8129,SIEMENS,2024-11-25,0,1.4387
11.4446,0,4.9988,0.681,60.1503,10.8109,3.2508,0.02,1,0.0216,0.8388,-19.2897,SIEMENS,2025-03-26,0,-22.9932
4.6456,109,5.3965,0.9367,62.3651,15.7072,2.1535,0.0247,1,0.0262,0.9985,-1.391,SIEMENS,2025-11-17,0,-2.7456
7.4312,116,2.7722,0.9066,66.1576,11.6751,2.2601,0.0492,1,0.0272,0.9392,7.4289,SIEMENS,2025-11-26,0,-4.6613
9.7621,39,1.7045,0.5814,63.9317,8.1595,2.8069,0.0323,0,-0.0046,1.0193,-0.9804,SIEMENS,2026-02-03,0,-6.7594
5.349,17,1.9231,0.9322,62.3822,13.9206,2.5089,0.0372,1,0.038,1.5095,16.8358,SIGNATURE,2024-06-03,0,-10.0642
5.1574,43,2.7869,0.7248,61.2256,9.6674,2.3721,0.0346,1,0.0397,1.0446,21.4391,SIGNATURE,2024-09-20,0,-3.1322
6.676,26,2.314,0.9011,67.6467,9.8074,2.772,0.1073,1,0.066,0.9295,-11.2794,SIGNATURE,2025-05-16,0,-2.7354
5.0645,59,6.6134,0.7576,67.1853,10.2968,2.9286,0.0667,0,-0.0052,1.0,0.0,SJVN,2016-10-19,0,-5.7851
5.1563,22,7.3144,0.8302,68.2014,22.5914,2.6537,0.0579,1,0.0277,1.1587,17.0928,SJVN,2017-01-12,0,3.631
8.9859,7,3.7532,0.8261,68.7446,12.7498,2.8983,0.105,1,0.0519,1.2308,20.0345,SJVN,2017-02-14,0,-3.7712
3.7004,32,1.5815,0.7778,68.5151,9.8827,1.6287,0.0371,1,0.0343,0.9389,6.8471,SJVN,2017-07-17,0,-5.8174
4.8944,38,2.0601,0.6923,60.3224,15.2035,2.91,0.0367,0,-0.0154,0.999,0.8272,SJVN,2019-02-18,0,-7.7168
4.1435,131,3.5812,0.8889,61.4945,18.6523,2.6543,0.0446,0,-0.0141,0.991,4.2596,SJVN,2019-07-09,0,-7.393
2.8356,77,2.6281,0.4545,68.6773,11.9709,1.385,0.0419,1,0.0489,1.0454,9.2857,SJVN,2020-08-17,0,-0.4731
5.2278,29,4.2582,0.8929,62.0528,17.1476,1.9194,0.0084,1,0.0351,0.868,10.7139,SJVN,2020-10-22,0,5.2838
6.0334,48,4.6021,0.6875,68.9242,8.7486,2.1086,0.0531,1,0.0077,1.0462,13.5898,SJVN,2021-05-11,0,-0.6227
4.6013,68,2.0546,0.0952,64.1427,8.0977,1.8479,0.03,1,0.0702,0.8851,3.7619,SJVN,2021-09-27,0,2.9038
11.3604,0,5.8377,0.6571,69.589,10.2555,2.8863,0.0973,1,0.03,0.9956,22.7138,SJVN,2022-01-10,0,-7.7656
4.4648,38,2.3537,0.7805,69.8542,10.3823,1.9318,0.0746,1,0.04,1.0296,1.8708,SJVN,2022-08-29,1,30.6406
8.7852,2,3.5734,0.7101,65.0114,9.9313,4.3518,0.1501,1,0.0441,1.2706,41.5729,SJVN,2022-11-24,0,-9.3333
5.3894,13,5.4523,0.8333,69.5911,16.669,2.3872,0.0943,1,0.0413,0.9605,15.9227,SJVN,2023-06-07,1,67.1035
8.0418,7,2.4284,0.8936,65.2858,8.7613,4.1295,0.2035,0,-0.0042,1.8008,84.2424,SJVN,2023-08-28,0,8.1966
10.6113,0,3.7548,0.8738,69.7611,11.7113,3.4007,0.1849,1,0.0675,1.9877,63.2938,SJVN,2024-01-15,0,9.9419
12.5841,0,3.7602,0.8277,68.1098,11.0515,4.332,0.1655,1,0.0095,1.7011,61.3231,SJVN,2024-05-21,0,-13.7919
10.1645,0,11.4477,0.8981,69.1141,22.1011,2.7775,0.0475,1,0.0145,0.818,-16.3014,SJVN,2026-01-02,0,-8.0369
7.9163,40,2.6961,0.8005,59.4362,9.8217,3.6968,0.0549,1,0.0174,1.0154,3.4386,SOBHA,2019-01-09,0,-9.7805
9.7196,46,6.029,0.805,62.2019,11.4497,4.6558,0.0982,1,0.0159,1.1351,14.7705,SOBHA,2019-01-17,0,-14.2651
4.1827,9,2.1741,0.8425,56.7121,11.3957,2.6506,-0.005,1,0.0561,1.0416,-1.421,SOBHA,2019-03-19,0,3.1527
3.7286,25,6.0435,0.3602,61.1605,9.3073,2.5418,0.029,1,0.0173,0.7356,-21.1471,SOBHA,2020-01-10,0,0.107
9.322,25,5.1431,0.7426,66.8961,12.5015,4.1359,0.1036,1,0.0592,0.7209,52.0026,SOBHA,2020-08-18,0,-8.3993
9.0464,41,9.9988,0.7126,64.482,21.852,4.6636,0.0906,0,-0.0072,1.6124,61.6111,SOBHA,2021-04-06,0,-5.8
12.5819,0,2.2671,0.7772,59.8661,9.084,4.1861,0.0588,0,-0.0219,0.7296,-20.3306,SOBHA,2022-07-05,0,15.6069
4.9266,22,4.284,0.8652,58.0227,8.3814,2.3716,-0.0057,1,0.0444,1.0313,20.409,SOBHA,2022-11-15,0,-3.6062
6.479,36,3.791,0.8735,67.7215,12.8003,2.2072,0.055,1,0.0492,1.1194,-4.1696,SOBHA,2022-12-05,0,-6.9005
8.5218,8,3.0062,0.8426,61.0436,11.0272,2.4647,0.0249,0,-0.014,0.8021,-12.7738,SOBHA,2023-01-20,0,-8.4774
9.0884,8,3.0668,0.8466,64.2715,10.0152,3.1122,0.0237,1,0.0436,0.7941,-9.0173,SOBHA,2023-05-10,0,17.9607
11.1711,0,4.4792,0.8435,69.6171,11.9422,4.0608,0.2479,1,0.0606,1.867,93.8528,SOBHA,2024-01-03,0,14.4755
11.1435,0,1.8076,0.7011,68.2388,9.0016,6.1791,0.2311,1,0.0195,2.3929,107.7639,SOBHA,2024-02-26,0,-16.4686
7.0497,23,1.5007,0.8276,63.098,8.0901,3.4178,0.038,1,0.0276,1.2634,1.7021,SOBHA,2024-09-17,0,-5.4016
7.8947,6,4.8583,0.7508,69.0109,11.1241,3.0221,0.1237,1,0.0085,1.1883,38.7621,SOBHA,2025-07-15,0,-6.3364
6.8328,9,6.8666,0.7583,64.0061,13.1509,2.7083,0.029,1,0.0112,1.0084,4.7148,SOBHA,2026-01-05,0,-9.5478
2.5266,50,8.3148,0.3253,65.6176,12.1082,2.8107,0.0327,1,0.0149,1.0062,15.7833,SOLARINDS,2017-07-07,0,7.1367
8.135,86,6.4041,0.8616,68.7877,17.3612,2.7401,0.0334,1,0.0154,0.9446,8.6585,SOLARINDS,2019-03-05,0,11.9569
3.198,31,10.9463,0.8643,67.8955,9.7808,2.9271,0.0586,0,-0.0159,1.0095,2.2186,SOLARINDS,2019-05-16,0,-1.9724
5.0235,25,5.419,0.7289,66.8505,11.0323,3.2792,0.0832,1,0.0042,1.2752,33.2292,SOLARINDS,2021-07-30,1,35.0214
9.1251,10,1.6345,0.6793,61.1971,15.8741,3.5151,-0.0129,0,-0.011,1.3855,26.3339,SOLARINDS,2022-01-25,0,9.5165
5.0707,39,1.6057,0.7949,58.7209,9.0189,2.8899,0.0373,0,-0.0568,1.4751,-3.7921,SOLARINDS,2022-03-09,0,12.5559
4.2687,27,2.5115,0.5716,60.9924,9.5299,2.2813,0.0323,1,0.0404,1.3111,17.5146,SOLARINDS,2022-07-22,1,25.456
8.6942,36,4.6323,0.9327,69.0907,13.2733,3.0348,0.0912,1,0.0705,1.2935,9.6965,SOLARINDS,2022-08-04,0,17.758
6.6918,7,4.3084,0.7941,68.2858,9.7432,3.0565,0.0926,0,-0.0086,1.392,28.2032,SOLARINDS,2022-12-30,0,-7.7584
6.528,14,4.4776,0.7953,65.977,11.3027,2.9691,0.0757,1,0.0286,1.2843,38.3195,SOLARINDS,2024-03-04,0,14.2572
6.8495,23,3.3622,0.8433,58.4271,18.3159,3.3393,0.0552,1,0.0069,1.2571,34.5059,SOLARINDS,2024-05-17,0,-0.6635
7.9245,7,2.7795,0.9046,60.6772,10.6203,3.2115,0.0156,0,-0.0315,1.1202,0.2217,SOLARINDS,2024-11-28,0,-11.1382
7.4941,11,4.1783,0.5443,56.9336,8.7322,3.9633,0.0059,0,-0.0238,1.0099,-9.2608,SOLARINDS,2025-01-30,0,-12.011
10.2881,0,1.5587,0.9457,65.725,15.5101,3.5827,0.0848,0,-0.0215,0.9402,-4.7437,SOLARINDS,2026-01-28,0,-2.95
8.5228,5,2.3904,0.9588,69.0179,8.781,2.4705,0.1494,0,-0.0062,1.3376,38.5517,SOLARINDS,2026-05-14,0,2.9713
5.0412,27,3.3406,0.7953,61.2802,11.4426,2.7699,0.0482,1,0.0729,0.9305,-13.3954,SONACOMS,2022-08-01,0,-9.7836
7.7083,40,2.5664,0.869,63.0766,15.8414,2.5757,0.0428,1,0.0349,0.6766,-18.3507,SONACOMS,2022-12-14,0,-11.0911
7.9653,9,3.3338,0.7541,61.7501,8.5927,3.3823,0.0441,0,-0.0203,0.7582,-11.7276,SONACOMS,2023-01-25,0,-8.8436
11.8049,0,1.6173,0.8238,64.008,9.7008,3.4532,0.0806,0,-0.0224,0.8031,1.7564,SONACOMS,2023-02-06,0,-12.5501
9.4193,11,1.712,0.8362,64.4896,12.524,2.6228,0.0363,1,0.005,1.01,14.0461,SONACOMS,2023-11-15,0,-7.8623
7.9275,23,5.4238,0.7494,67.2514,10.8073,2.9397,0.0944,1,0.0779,1.048,11.7882,SONACOMS,2023-12-27,0,-5.0906
9.2594,3,3.7252,0.5607,61.2204,8.0271,3.6137,0.0642,1,0.0275,0.9871,15.548,SONACOMS,2024-02-20,0,-5.1363
7.7003,11,8.0506,0.7933,55.7294,21.9793,2.756,-0.0281,1,0.0038,0.792,-4.2083,SONACOMS,2025-07-17,0,-9.0082
5.4192,7,2.6848,0.922,69.7744,8.446,2.3685,0.1193,1,0.0257,0.9227,11.2709,SONACOMS,2025-11-19,0,-6.8909
3.4333,25,3.3611,0.6284,62.458,20.5121,2.1526,0.006,1,0.0141,1.0,0.0,SONATSOFTW,2016-09-21,0,-5.3778
4.3769,53,8.7172,0.4615,62.8877,14.7656,3.1283,0.0534,0,-0.0252,1.0,0.0,SONATSOFTW,2016-11-03,0,-8.7833
7.7963,64,2.8142,0.8182,68.3812,8.3808,2.5104,0.0497,1,0.0225,0.891,7.0801,SONATSOFTW,2017-10-23,1,92.4865
7.7385,10,2.8068,0.7721,64.9216,11.8935,4.0643,0.1058,1,0.0198,1.573,24.5324,SONATSOFTW,2018-05-28,0,-11.7333
9.8439,5,5.3409,0.7412,63.597,12.6094,4.2949,0.1234,1,0.0349,0.9967,8.3118,SONATSOFTW,2018-08-16,0,1.896
4.5416,110,3.174,0.754,65.9251,9.1055,2.6088,0.0482,1,0.0316,0.9937,17.7763,SONATSOFTW,2019-05-28,0,-3.9533
8.2443,36,5.0618,0.7561,58.8785,17.2718,3.5968,0.0402,1,0.0329,1.0251,0.9456,SONATSOFTW,2019-09-30,0,-6.0629
5.6944,19,2.0653,0.8554,66.368,8.0247,2.4719,0.0733,1,0.0963,1.2319,30.9869,SONATSOFTW,2020-12-17,0,1.9195
7.0361,5,1.7663,0.8897,69.8928,10.8485,3.6225,0.17,1,0.0347,1.6921,92.3038,SONATSOFTW,2021-06-29,1,26.4595
7.2061,11,4.245,0.39,68.024,8.0045,3.3043,0.0939,1,0.065,1.2926,34.7399,SONATSOFTW,2021-10-19,0,-12.2869
10.5274,0,4.2134,0.8433,62.3065,31.3104,4.2599,0.0511,0,-0.0475,1.2749,18.1148,SONATSOFTW,2021-11-30,0,-8.3655
5.8284,38,10.6549,0.1262,64.9562,9.8634,2.6427,0.0736,1,0.0345,0.9035,-3.4447,SONATSOFTW,2022-07-21,0,-2.8866
6.8328,20,6.821,0.1647,69.9299,14.4676,3.1784,0.095,1,0.0505,0.9236,3.2421,SONATSOFTW,2022-09-08,0,-9.3173
6.1854,28,2.3376,0.791,66.3606,11.4993,2.4279,0.0658,1,0.0452,1.028,12.3278,SONATSOFTW,2022-11-25,0,-1.4351
5.967,18,7.6397,0.7704,63.2391,12.5685,3.0923,0.0869,1,0.0455,1.6571,36.6691,SONATSOFTW,2023-07-14,0,-8.0508
10.9762,0,3.0311,0.8723,68.0846,8.6718,3.8615,0.1102,1,0.0245,1.4074,50.6316,SONATSOFTW,2024-02-05,0,-9.5418
11.1075,0,2.0379,0.8754,66.7092,8.7385,4.4942,0.1176,1,0.0253,1.4479,62.7263,SONATSOFTW,2024-02-19,0,-12.2024
10.908,0,3.1859,0.9161,56.1631,11.725,4.2457,-0.0658,1,0.0365,0.7452,-20.7559,SONATSOFTW,2024-06-07,0,4.6977
7.8996,29,7.7356,0.6499,67.6302,10.5175,3.1643,0.0843,1,0.0252,0.6537,6.8488,SONATSOFTW,2025-07-08,0,-7.9789
5.2468,15,2.9872,0.849,64.1254,12.4027,2.9832,0.0637,1,0.0239,0.9662,-1.8036,SONATSOFTW,2025-11-12,0,-8.5549
7.4018,54,5.1132,0.9331,59.194,13.9112,2.9142,0.0314,1,0.0065,0.8418,4.4336,SONATSOFTW,2026-01-07,0,-11.3528
5.229,24,4.6214,0.7112,61.7888,19.0132,3.1067,0.0,0,0.0,1.0,0.0,SPLPETRO,2016-08-25,0,16.8396
7.0606,14,2.522,0.6017,57.5584,11.1474,4.0041,-0.0052,1,0.0065,1.1301,-9.1964,SPLPETRO,2017-08-30,0,-1.2554
12.8665,0,5.2872,0.8513,66.5136,9.3966,3.7495,0.0699,1,0.0071,1.2444,-3.6353,SPLPETRO,2017-09-07,0,-6.3842
5.1935,12,2.3928,0.7585,55.1114,11.1739,3.5176,-0.0209,1,0.0392,0.7454,-21.1468,SPLPETRO,2018-12-19,0,-12.9519
7.8428,5,2.162,0.7947,64.3096,8.5315,2.8897,0.0857,1,0.0154,0.8815,-11.5791,SPLPETRO,2019-03-05,0,-2.0936
13.376,0,3.1471,0.8912,65.4544,11.2776,5.0179,0.1669,1,0.0559,1.4452,-5.9464,SPLPETRO,2020-06-15,0,17.8261
5.2734,20,2.7098,0.811,60.4288,9.5163,3.1235,0.0363,1,0.0227,1.8982,84.9155,SPLPETRO,2021-07-13,0,-6.8931
9.5114,47,7.2468,0.7948,62.5513,17.239,4.5551,0.0504,0,-0.052,1.1205,14.8173,SPLPETRO,2022-03-03,1,27.085
5.075,69,5.8801,0.7708,59.96,19.2865,2.5506,0.018,1,0.036,0.9726,4.6286,SPLPETRO,2023-06-06,0,8.4388
6.347,13,1.7054,0.8997,63.625,8.3373,3.5668,0.1196,1,0.0348,1.1843,32.5816,SPLPETRO,2023-08-01,0,-3.5809
6.5743,32,4.1639,0.8842,68.9688,11.6542,3.0085,0.0773,0,-0.0028,1.1258,28.9945,SPLPETRO,2023-08-29,0,-7.9201
3.7335,54,3.454,0.3349,57.7885,8.1721,3.1756,0.02,1,0.0165,1.1655,25.0911,SPLPETRO,2024-01-25,0,13.9456
9.1355,3,6.9653,0.6152,63.525,14.1352,4.1627,0.0452,1,0.0163,1.0186,23.9903,SPLPETRO,2024-04-25,0,-10.0602
10.5489,0,4.3389,0.8826,69.6426,9.2999,3.9077,0.1122,1,0.0332,1.185,31.4552,SPLPETRO,2024-06-11,0,6.8325
11.5877,0,6.5956,0.7418,66.3251,13.125,4.8123,0.2072,0,-0.0822,0.9716,15.2186,SPLPETRO,2026-03-27,0,-1.3021
8.7635,23,2.984,0.9136,68.1713,11.152,2.5509,0.0626,1,0.0242,1.251,-2.0456,SRF,2017-01-11,0,-1.8072
4.3404,4,1.6741,0.8574,55.9022,11.8597,2.0234,0.0015,1,0.0542,0.9536,-4.4422,SRF,2017-03-16,0,3.6442
5.0951,23,1.7132,0.8853,68.9271,9.3377,2.0678,0.0461,1,0.0195,0.8532,11.2177,SRF,2017-04-13,0,-0.9933
4.4225,8,2.5416,0.8002,67.7246,10.4985,2.2668,0.0885,1,0.0304,1.2039,30.9136,SRF,2018-01-12,0,-7.7136
6.4924,26,2.0654,0.8631,67.8115,9.8728,2.1596,0.061,0,-0.0328,1.2769,17.3551,SRF,2018-03-27,0,9.2001
7.5759,15,4.0239,0.9179,66.8206,18.5205,3.2012,0.071,1,0.0239,1.3504,17.7008,SRF,2019-02-06,0,2.1277
4.8616,10,2.2889,0.8717,64.3592,9.7181,3.1632,0.1048,1,0.0485,1.3783,17.8108,SRF,2019-04-04,0,-2.3312
6.9196,34,7.085,0.9126,63.0663,13.2897,2.8136,0.0697,0,-0.0177,1.2315,30.3152,SRF,2019-05-14,0,10.1426
4.1582,6,3.4554,0.9254,66.3352,10.682,2.5072,0.1233,1,0.0009,1.2701,48.2784,SRF,2019-06-18,0,-5.5399
8.8849,4,6.9255,0.8274,62.467,27.2899,4.0399,0.0463,0,-0.0585,1.4288,22.5607,SRF,2019-08-06,0,-11.5203
4.6559,12,2.0298,0.7057,56.1954,12.4211,2.8856,0.0358,1,0.0144,1.2232,17.3607,SRF,2019-09-20,0,-10.3498
5.1285,16,2.6019,0.8548,66.0326,9.3736,1.872,0.0942,1,0.0353,1.1245,29.4256,SRF,2019-12-19,0,19.7228
4.6688,13,3.304,0.8684,67.004,13.3439,2.5597,0.0703,1,0.1056,1.2691,-7.4925,SRF,2020-07-06,0,3.4668
5.4521,37,3.7284,0.8577,68.59,14.0385,3.1849,0.0923,1,0.0605,1.169,47.4545,SRF,2020-08-07,0,-2.8134
5.4365,12,2.7022,0.9032,63.8237,11.3946,3.0965,0.0927,1,0.0637,0.9853,-0.0074,SRF,2022-08-30,0,3.3812
6.282,51,1.9865,0.8544,62.9368,10.4828,2.3578,0.0153,0,-0.0137,0.9334,-7.4945,SRF,2023-02-10,0,-5.2698
6.8995,21,2.0345,0.8625,62.8847,9.6593,2.4318,0.0203,0,-0.0076,0.8651,0.1062,SRF,2023-11-06,0,0.3792
10.3396,0,6.137,0.8262,61.2372,22.3493,4.3675,0.0236,0,-0.0098,0.7857,-21.4702,STARHEALTH,2023-02-20,0,-5.6574
6.5979,5,3.6121,0.8597,55.6033,9.5692,2.7073,-0.0123,1,0.0253,0.9437,4.4322,STARHEALTH,2023-06-27,0,7.3731
8.0502,10,3.318,0.9278,66.8538,14.8869,2.3328,0.0398,1,0.0533,0.9652,1.3976,STARHEALTH,2024-06-28,0,8.0598
7.6575,26,3.8699,0.6804,67.2498,10.1654,2.7644,0.078,1,0.0325,0.982,11.0689,STARHEALTH,2024-08-30,0,-9.0408
5.7004,64,2.0132,0.8388,68.1014,10.109,2.3075,0.0737,1,0.0109,1.2486,-0.4909,STARHEALTH,2025-10-07,0,2.0694
7.151,32,3.3233,0.7266,63.2935,10.5198,2.7217,0.0209,0,-0.0215,1.0272,4.3938,STARHEALTH,2026-01-30,0,-7.2587
9.6744,42,6.4008,0.5804,66.8801,9.075,3.2602,0.0879,1,0.0214,1.131,26.2008,SUMICHEM,2020-09-18,0,-9.0198
6.9421,31,1.59,0.7829,63.356,8.8025,3.3981,0.0828,1,0.013,0.9692,7.7765,SUMICHEM,2021-05-17,1,25.539
7.3916,38,2.4884,0.8074,62.8358,8.5267,3.1048,0.0887,1,0.0374,0.9475,-1.3264,SUMICHEM,2021-05-26,0,24.7592
7.336,14,6.789,0.9117,69.9242,11.7545,2.773,0.1046,1,0.0045,0.9055,2.4357,SUMICHEM,2022-02-04,0,-10.447
8.3212,27,3.4173,0.7879,69.1374,13.9136,3.4982,0.0959,1,0.0198,1.2783,25.6214,SUMICHEM,2022-09-16,0,-6.6808
5.0328,25,1.9917,0.7074,57.6356,11.2407,2.4105,0.0197,0,-0.0086,1.0053,3.8061,SUMICHEM,2022-12-30,0,-6.748
4.5818,134,4.032,0.9019,68.0866,23.5335,1.7521,0.0332,0,-0.0028,0.8676,1.5389,SUMICHEM,2023-08-29,0,-4.7703
5.8003,9,3.0045,0.9248,62.5209,16.451,1.8245,0.009,1,0.0277,0.955,-0.6579,SUMICHEM,2023-11-30,0,-5.3959
6.8241,7,3.9844,0.9318,66.808,11.8308,3.6251,0.1557,1,0.0545,1.1465,35.6802,SUMICHEM,2024-07-02,0,6.5586
7.0754,25,2.7509,0.7009,66.0746,10.1958,3.7285,0.1117,1,0.0502,1.1711,57.5667,SUMICHEM,2024-07-29,0,-4.6052
7.0152,14,4.7909,0.7461,60.633,14.5989,3.2017,0.0299,1,0.0178,1.069,14.6325,SUMICHEM,2025-09-19,0,-11.1042
5.5624,38,2.7692,0.5931,60.4319,20.5528,2.3441,0.0038,1,0.0355,1.0981,28.8079,SUNDARMFIN,2017-05-31,0,3.2959
4.9089,91,4.7614,0.867,67.4334,19.4672,2.6484,0.0517,1,0.0354,0.9905,11.5987,SUNDARMFIN,2017-10-30,0,10.4197
3.7424,8,2.8961,0.7433,62.1587,8.5741,2.2042,0.078,0,-0.0055,1.1252,13.0779,SUNDARMFIN,2017-12-04,0,10.0659
5.5101,103,4.8403,0.6924,69.4432,10.5318,1.9677,0.0606,1,0.0237,1.242,15.4078,SUNDARMFIN,2018-04-24,0,-4.9384
6.0912,133,5.1077,0.5572,57.8073,10.9766,4.3253,0.0506,1,0.0126,1.1107,14.8633,SUNDARMFIN,2018-06-06,0,-9.0686
3.0909,27,3.859,0.4609,57.7724,18.9071,2.2677,-0.0033,1,0.054,0.8254,-8.5174,SUNDARMFIN,2018-08-27,0,-3.2206
7.2196,79,1.6004,0.813,63.9827,8.9906,3.2347,0.0467,1,0.0053,1.0644,10.8938,SUNDARMFIN,2019-02-25,0,-3.6876
8.3609,43,3.5969,0.9313,68.7153,10.4105,2.9141,0.0553,1,0.0247,1.0204,6.6831,SUNDARMFIN,2019-05-29,0,-4.8193
4.8899,47,3.7198,0.8372,59.0371,21.5334,2.6929,0.028,1,0.0144,1.0178,10.6137,SUNDARMFIN,2019-09-20,0,4.1932
4.4987,21,4.8993,0.5624,66.3713,10.3464,2.2208,0.0577,1,0.0422,1.1281,0.9819,SUNDARMFIN,2019-11-15,0,-1.4749
8.7716,29,2.3231,0.8554,68.7568,23.3103,3.5118,0.0982,1,0.0757,1.0031,-18.1114,SUNDARMFIN,2020-06-12,0,-6.6632
6.9562,16,3.3226,0.8258,63.6481,18.3715,2.9928,0.0332,1,0.0351,0.8875,11.2831,SUNDARMFIN,2020-10-22,1,25.237
10.2154,0,3.2157,0.8003,60.7508,8.6478,3.921,0.0503,1,0.0608,1.1047,45.5582,SUNDARMFIN,2021-02-02,0,21.6608
6.7546,163,2.4537,0.8658,65.2613,16.3519,3.3095,0.0431,1,0.0069,0.8262,-2.7324,SUNDARMFIN,2022-01-03,0,-10.0352
3.4256,211,2.4549,0.5803,64.8358,8.2878,1.5029,0.0222,1,0.0237,1.0273,14.2721,SUNDARMFIN,2023-09-11,0,10.2581
10.7809,0,7.911,0.7448,60.5025,20.3594,5.4352,0.0658,1,0.002,1.0301,9.7169,SUNDARMFIN,2025-01-02,0,-0.9565
4.673,20,1.9064,0.9334,63.0427,10.6368,2.1635,0.0355,1,0.0627,0.7889,-11.8776,SUNPHARMA,2017-02-06,0,-7.2956
7.9476,44,2.3499,0.5987,65.6211,8.8692,2.3999,0.0794,1,0.0511,0.8635,-0.8193,SUNPHARMA,2017-03-14,0,-7.2721
8.2753,14,2.0781,0.685,61.5931,8.0563,2.5186,0.0883,1,0.0323,0.7865,4.6198,SUNPHARMA,2017-10-27,0,-6.8683
4.2146,26,2.2439,0.8807,59.5913,10.3109,2.1948,0.0313,1,0.0281,0.9407,1.6114,SUNPHARMA,2018-05-03,0,-8.0736
11.9123,0,3.8983,0.8861,63.9059,12.8724,3.6502,0.0608,1,0.0181,0.9707,-8.8988,SUNPHARMA,2018-06-08,0,4.1095
6.8472,29,5.2522,0.8357,64.7055,14.2276,2.8628,0.0741,1,0.0408,0.9614,17.8036,SUNPHARMA,2018-08-14,0,1.1705
5.2039,5,2.0988,0.7789,60.4422,8.1345,3.232,0.0793,0,-0.0543,1.0724,-8.2698,SUNPHARMA,2019-08-13,0,-9.2105
8.2013,6,3.2062,0.7116,67.116,11.4269,3.631,0.089,1,0.0457,1.0212,20.6992,SUNPHARMA,2019-11-20,0,-5.8222
4.712,5,2.8502,0.7,67.4275,9.2124,2.4028,0.1032,1,0.0602,1.49,17.3835,SUNPHARMA,2020-08-28,0,-8.8555
6.1074,3,2.0096,0.887,64.8724,10.8249,2.6871,0.0775,1,0.0914,0.8365,11.2804,SUNPHARMA,2020-12-01,0,7.2869
8.677,30,2.7621,0.8385,63.9547,8.3308,2.5352,0.0489,1,0.0013,0.9698,25.526,SUNPHARMA,2021-04-09,0,3.489
7.1576,7,2.6759,0.9014,69.8479,12.1863,2.751,0.1079,0,-0.0083,1.1817,24.7623,SUNPHARMA,2021-05-05,0,-4.1393
4.5292,24,5.4198,0.8254,67.7419,14.3503,2.1117,0.0626,1,0.057,1.1347,17.8212,SUNPHARMA,2021-09-29,0,-3.5328
3.4484,61,1.6925,0.9262,60.4497,15.81,2.0247,0.0272,1,0.0324,0.962,7.6405,SUNPHARMA,2022-09-20,0,8.9625
3.221,252,1.9674,0.8772,68.0757,8.0495,1.3107,0.0474,1,0.0322,0.9775,1.4949,SUNPHARMA,2023-06-28,0,10.4946
3.089,48,1.6426,0.9209,66.5518,12.9645,1.5502,0.0257,1,0.0085,0.9145,9.3424,SUNPHARMA,2025-07-15,0,-3.8364
13.971,0,2.1545,0.904,69.8866,8.5834,3.9264,0.1732,0,-0.0009,1.0,0.0,SUNTV,2016-10-07,0,-11.1513
6.6843,16,1.7623,0.9274,63.0054,11.8228,3.0302,0.0798,1,0.0058,1.0741,16.2914,SUNTV,2017-12-08,0,11.0311
7.9184,41,6.4497,0.8089,67.2249,19.7264,3.1593,0.0907,1,0.0364,1.0495,-2.1877,SUNTV,2018-05-14,0,-8.3922
6.8026,17,4.7243,0.8479,56.7293,20.8901,3.9714,0.0184,1,0.0144,0.7564,-14.9503,SUNTV,2019-09-20,0,6.4047
10.6037,0,2.8718,0.6175,68.334,11.6047,4.2781,0.1094,1,0.0436,0.8043,-6.2573,SUNTV,2019-09-23,0,-1.307
7.8301,25,5.0534,0.8,58.0661,21.726,3.1005,-0.0163,1,0.0173,0.9566,5.4181,SUNTV,2020-01-10,0,-4.2932
6.504,4,2.4389,0.7133,62.9113,9.8645,3.6292,0.0867,0,-0.0016,1.0379,6.0249,SUNTV,2020-02-11,0,-13.7961
8.3895,23,1.9383,0.9206,64.3301,8.2001,3.3227,0.0594,1,0.0977,0.9145,20.0155,SUNTV,2020-12-07,0,-5.1766
8.2025,5,1.8126,0.8997,65.7755,9.9287,3.9627,0.1393,1,0.0793,1.0111,14.4609,SUNTV,2021-01-07,0,-9.0107
10.1046,0,2.0309,0.8852,63.5231,8.1476,4.534,0.1258,1,0.0727,1.0459,19.7707,SUNTV,2021-02-04,0,-13.1676
7.5845,12,2.0341,0.7989,62.0442,8.2642,3.4451,0.0308,1,0.0734,0.9096,1.5317,SUNTV,2021-09-23,0,0.1196
7.6196,4,1.7817,0.8295,69.5398,8.7034,3.9194,0.1433,1,0.0192,0.9611,8.0605,SUNTV,2021-11-01,0,-10.807
8.2094,39,3.7629,0.6096,69.2371,9.5159,2.6199,0.0922,1,0.0244,1.0339,2.8256,SUNTV,2022-07-26,0,14.7544
5.7314,106,3.1415,0.8246,66.6157,10.5222,1.8573,0.0494,1,0.0455,0.8017,-6.1948,SUNTV,2023-05-15,0,-3.5853
5.647,13,1.8187,0.9017,65.3676,9.5506,2.2021,0.0768,0,-0.0064,1.4336,52.5868,SUNTV,2023-11-13,0,0.3486
8.0013,11,4.7443,0.8203,58.4724,13.4847,2.5461,0.0266,1,0.0291,0.8683,-5.6916,SUNTV,2024-04-10,0,23.5901
9.0882,97,14.4406,0.8424,67.7941,37.5789,2.9506,0.0756,0,-0.0003,0.8877,-4.0058,SUNTV,2025-10-01,0,-1.0624
9.3061,73,8.6691,0.9185,68.9834,11.5902,4.6949,0.0993,1,0.0045,1.0766,18.1569,SUNTV,2026-02-10,0,-6.0733
5.7431,13,2.9343,0.7572,65.966,8.211,2.7963,0.0708,1,0.0252,1.2012,29.1334,SUPREMEIND,2017-06-12,0,-4.0295
3.2252,34,2.3585,0.6763,56.0733,10.6825,2.6912,0.0176,1,0.0187,0.7858,-16.4437,SUPREMEIND,2018-12-12,0,2.6412
5.7504,35,2.8859,0.9283,69.3654,13.292,2.7465,0.0693,1,0.0241,0.8305,-11.131,SUPREMEIND,2018-12-13,0,-2.0662
6.8807,9,1.7419,0.5068,58.8918,8.4285,2.9744,0.0617,1,0.054,1.0454,16.8591,SUPREMEIND,2019-04-03,0,-3.1013
4.9882,15,2.6533,0.7608,61.7736,9.8396,2.3824,0.054,1,0.0144,1.0374,17.2365,SUPREMEIND,2019-09-20,0,0.7678
5.3379,47,1.7778,0.8161,64.0453,9.2642,2.7721,0.0654,1,0.0991,1.0582,34.7875,SUPREMEIND,2020-11-18,1,29.8443
3.6102,30,2.1595,0.8378,61.4462,10.8171,2.2872,0.0243,0,-0.0102,1.148,20.694,SUPREMEIND,2021-04-27,0,2.5617
11.3501,0,2.5777,0.9112,69.5982,12.4599,2.7551,0.0729,1,0.0692,0.9458,4.5496,SUPREMEIND,2021-09-15,0,3.3106
6.0499,30,3.6536,0.6172,68.4546,14.959,2.9146,0.0639,1,0.049,0.8839,-1.4225,SUPREMEIND,2022-04-05,0,-10.2548
5.7631,16,3.4091,0.5425,66.2143,8.7877,2.6647,0.0811,1,0.0948,0.977,-8.0187,SUPREMEIND,2022-08-17,0,-1.198
8.0825,26,5.8313,0.9172,62.3761,12.313,3.9496,0.0701,1,0.029,1.0692,22.7198,SUPREMEIND,2022-10-31,0,7.5746
5.5821,28,5.7026,0.8658,61.1722,11.2037,3.2134,0.0474,0,-0.0353,1.3105,26.172,SUPREMEIND,2023-01-27,0,-0.8868
9.5934,7,6.5043,0.6777,58.9739,14.3621,3.5058,0.0487,1,0.0277,1.4522,27.379,SUPREMEIND,2023-11-30,0,-3.7148
7.4462,10,2.6879,0.8805,64.9442,11.2525,3.1646,0.0452,1,0.004,0.8298,-5.6703,SUPREMEIND,2024-12-09,0,-8.7532
5.3113,13,1.537,0.8945,57.1084,11.5409,2.1912,-0.0199,1,0.0078,0.7907,-23.6412,SUPREMEIND,2026-01-01,0,-2.8471
7.617,15,4.0361,0.85,64.395,17.6677,2.3332,0.0231,1,0.0443,1.0,0.0,SUZLON,2016-09-08,0,-8.3668
7.3739,7,4.4789,0.8333,62.026,14.3166,3.5812,0.0993,1,0.0542,1.0129,27.8746,SUZLON,2017-03-16,0,7.9245
5.6986,37,4.8104,0.8,64.3935,10.4735,3.0,0.051,1,0.0362,0.9951,5.8201,SUZLON,2017-07-27,0,-9.8237
6.2892,9,2.0783,0.6667,59.9401,8.2951,3.2154,0.0251,1,0.0354,0.7213,-10.7817,SUZLON,2017-10-30,0,-6.6967
11.8137,0,3.1364,0.84,64.1899,17.7632,4.2092,0.0458,1,0.0339,0.5515,-27.897,SUZLON,2018-07-24,0,-17.7515
6.9588,11,3.7442,0.6364,62.6314,19.1192,4.155,0.0435,1,0.0054,0.5859,-25.3659,SUZLON,2018-09-17,0,-16.0784
8.3054,16,1.5174,1.0,63.7739,8.9603,4.0966,0.0617,1,0.0487,1.1205,15.2542,SUZLON,2021-10-04,0,-3.5211
7.2688,27,2.6998,1.0,64.4027,8.363,3.5714,0.0736,0,-0.0145,0.9429,18.1102,SUZLON,2021-12-09,0,-11.039
8.4157,2,2.6938,0.9682,59.8366,8.7814,3.1679,0.0338,0,-0.0021,1.3478,-0.0288,SUZLON,2024-12-17,0,-10.0645
6.6382,6,2.3692,0.7893,64.1819,8.0162,2.3298,0.0312,1,0.0372,0.9636,-6.9407,SUZLON,2025-10-29,0,-5.7487
7.4105,11,2.5756,0.8451,68.9686,9.2065,3.1238,0.1642,1,0.0094,1.1542,18.1557,SUZLON,2026-05-27,0,-8.1349
10.9276,0,1.7315,0.8523,67.8046,9.6991,4.1093,0.1318,1,0.0485,0.8929,11.8259,SWANCORP,2019-04-04,0,-13.7093
2.9073,52,1.73,0.713,61.8034,12.8614,2.2951,0.025,1,0.0261,0.9626,3.5275,SWANCORP,2019-12-24,0,8.7819
10.7807,0,7.9879,0.2981,67.0474,8.0186,4.8901,0.1005,0,-0.0417,1.4337,42.5591,SWANCORP,2022-03-10,1,48.638
10.3494,0,1.5064,0.7642,55.6032,9.218,4.5098,-0.0894,1,0.0345,1.3097,15.2496,SWANCORP,2022-07-21,0,-4.1665
6.7828,12,7.0453,0.6429,65.4929,14.4,3.8977,0.1118,1,0.0454,1.3393,-30.3059,SWANCORP,2022-09-02,0,-9.109
11.479,0,4.158,0.9387,67.3458,12.3536,4.929,0.1553,1,0.0501,1.2604,-28.7863,SWANCORP,2022-09-09,0,-13.6034
12.1375,0,7.6219,0.916,69.6075,17.2776,3.8909,0.1139,1,0.0431,0.7903,32.5481,SWANCORP,2022-11-11,1,28.8851
9.1018,9,1.9682,0.8946,57.6473,10.3773,3.3181,-0.0173,1,0.0361,1.1053,-19.7956,SWANCORP,2023-05-02,0,0.8386
11.0828,0,2.3592,0.9263,68.664,13.3947,3.4695,0.0991,1,0.0227,0.7245,-17.6411,SWIGGY,2025-06-04,0,15.4986
8.0872,24,2.2742,0.8017,63.061,13.1637,2.6753,0.0539,1,0.0419,1.0757,4.2785,SYNGENE,2017-04-05,0,-8.048
5.3865,37,3.2975,0.4618,58.1639,8.0296,3.288,0.0549,1,0.0299,0.9296,-8.7839,SYNGENE,2017-04-25,0,-9.6566
4.9474,24,2.9194,0.6676,57.0497,10.247,2.257,0.0222,1,0.0276,0.6782,-4.0044,SYNGENE,2017-07-12,0,-3.4269
6.5609,26,5.4011,0.8055,64.9996,14.1052,2.4824,0.0643,1,0.0326,0.7003,1.1146,SYNGENE,2017-07-14,0,-7.8516
6.4363,43,1.5096,0.74,67.3832,9.2646,2.9136,0.073,1,0.0189,1.0918,9.2147,SYNGENE,2017-11-28,0,7.3614
3.9091,44,2.673,0.2421,59.4965,10.1967,2.1394,0.0137,1,0.0323,0.9013,10.6369,SYNGENE,2019-04-22,0,3.0463
4.7814,77,1.6626,0.585,63.267,8.905,2.8348,0.0497,1,0.0301,1.146,-2.6455,SYNGENE,2019-10-15,0,-4.9439
7.291,5,2.0034,0.7586,66.0264,9.784,3.1954,0.1361,1,0.0529,1.7286,76.449,SYNGENE,2020-08-25,0,-11.2058
8.2525,40,3.5435,0.7129,68.0305,12.6876,3.1635,0.0905,1,0.0977,1.2685,29.2391,SYNGENE,2020-12-07,0,-9.3365
3.8987,49,4.6098,0.7338,69.5477,22.0319,1.969,0.0517,1,0.0264,0.9123,11.5378,SYNGENE,2021-07-15,0,-13.1379
7.5245,22,6.0131,0.8457,66.852,12.4249,3.1325,0.0812,1,0.0637,1.0784,17.2613,SYNGENE,2021-09-13,0,-8.0299
7.4158,30,1.9399,0.8615,65.6126,8.5055,2.7677,0.0727,0,-0.0051,1.0652,10.3899,SYNGENE,2022-07-13,0,-5.0118
5.4133,53,6.7493,0.6935,62.2606,16.6682,2.6717,0.0277,1,0.001,0.9206,10.1924,SYNGENE,2022-10-19,0,1.7022
2.4561,32,1.672,0.7015,62.0353,10.8688,1.9843,0.0316,0,-0.0113,1.0351,-0.9579,SYNGENE,2023-03-31,1,28.2566
4.2609,26,3.2778,0.602,69.2271,14.722,1.9254,0.0787,1,0.0322,1.2545,34.8482,SYNGENE,2023-06-28,0,-0.2154
5.2367,46,6.394,0.8711,65.7411,14.4261,2.3556,0.0856,1,0.0358,1.231,37.9253,SYNGENE,2023-07-27,0,-6.1738
6.9079,74,2.5323,0.8361,65.0993,8.2858,2.3031,0.0671,1,0.0066,1.3116,24.1482,SYNGENE,2023-09-06,0,-6.5862
6.0483,40,1.6519,0.9115,62.0661,11.5281,2.1481,0.0366,1,0.0518,0.8749,-4.1626,SYNGENE,2024-01-11,0,-8.6503
8.0579,52,1.6365,0.9221,62.4885,9.2957,2.988,0.0474,1,0.0283,0.8415,-10.0659,SYNGENE,2024-01-31,0,-6.354
5.7412,32,2.9713,0.7632,60.9281,11.7766,3.1137,0.0238,0,-0.0226,1.2388,27.3028,SYNGENE,2024-11-06,0,-3.7904
5.3655,37,1.6287,0.8652,59.3624,8.5371,2.1447,0.0225,1,0.0352,0.9496,1.4443,SYNGENE,2025-10-23,0,-6.2238
7.6212,18,7.0594,0.8431,63.5685,21.067,3.5843,0.0583,1,0.0444,1.0,0.0,SYRMA,2022-11-15,0,-11.2007
7.714,23,2.7398,0.7748,59.1441,9.2113,3.9301,0.0181,0,-0.0137,1.0,-4.4199,SYRMA,2023-02-10,0,13.6151
7.8367,32,2.0392,0.7647,60.5975,10.8666,3.8937,0.0374,0,-0.0252,1.0,-1.5018,SYRMA,2023-02-23,1,31.0536
9.8276,6,3.3664,0.8362,68.4357,8.4336,4.56,0.1747,0,-0.0054,2.0345,68.9744,SYRMA,2023-09-28,0,-2.2767
8.0087,5,7.5304,0.7981,61.8114,22.0376,3.0957,0.0265,1,0.0291,0.7846,-4.6117,SYRMA,2024-09-12,0,-8.6758
10.036,0,3.4482,0.6754,63.0144,8.5675,4.6834,0.1466,0,-0.017,1.3116,42.8266,SYRMA,2025-01-01,0,-12.5228
9.7526,4,1.9499,0.5674,56.7706,18.5253,5.021,-0.0215,0,-0.0032,1.1675,-17.5508,SYRMA,2025-03-19,0,-19.4207
10.4549,0,5.0786,0.8626,67.5584,10.0901,4.3086,0.1003,1,0.0239,1.6212,48.0803,SYRMA,2025-11-12,0,-12.9838
10.9883,0,13.1334,0.5421,67.9924,14.662,4.5036,0.1355,1,0.0007,1.0,0.0,TARIL,2016-10-06,0,-13.284
8.4295,8,13.5758,0.6333,64.9319,17.8676,4.6975,0.1172,0,-0.0188,1.0,7.726,TARIL,2016-11-10,0,5.734
9.3201,11,8.3859,0.8381,66.7637,21.3791,3.5206,0.059,1,0.0212,0.777,-8.6561,TARIL,2017-09-19,0,-15.1403
7.0688,11,5.9575,0.7714,63.5825,19.6365,2.7826,0.0427,1,0.0393,0.7024,-7.6618,TARIL,2017-11-03,0,11.6921
6.0125,30,4.982,0.619,61.9461,12.8221,4.2163,0.0544,1,0.0042,0.8341,-6.2855,TARIL,2017-11-30,0,9.5217
9.3805,12,10.5584,0.3529,57.8404,17.1334,4.9637,0.0263,1,0.0322,0.9362,-16.9014,TARIL,2018-05-02,0,-16.0033
9.8889,12,3.3711,0.5,59.2196,13.4826,4.787,0.0228,1,0.0048,0.7052,-31.9809,TARIL,2019-01-03,0,-14.8789
13.5553,0,7.7992,1.0,66.5341,26.918,5.414,0.0792,1,0.0261,0.7366,-12.7778,TARIL,2019-12-24,0,-17.2881
10.6026,0,7.1704,0.5294,67.7191,11.733,5.198,0.0918,1,0.0966,1.134,-8.5973,TARIL,2020-11-17,1,66.4115
12.8552,0,6.0742,0.8788,68.1032,9.3781,5.3218,0.1218,1,0.0131,1.6144,130.8572,TARIL,2021-03-16,0,-20.5583
13.3485,0,8.9834,0.7111,65.35,13.4031,5.5955,0.1357,0,-0.0102,1.7869,-4.3373,TARIL,2021-04-27,1,72.3618
10.1739,0,9.5928,0.7009,64.7459,22.6733,4.894,0.0516,1,0.0487,1.4943,4.4545,TARIL,2021-10-04,0,-12.3077
7.1767,6,3.6469,0.6315,61.5351,10.9196,3.5462,0.0318,1,0.0224,0.7789,16.187,TARIL,2025-07-09,0,-7.0194
1.8338,30,2.7393,0.7484,58.1592,9.5621,1.4264,0.0,1,0.0122,1.0,0.0,TATACAP,2025-12-22,0,1.4727
6.2038,23,2.2481,0.8965,60.511,9.0522,3.1059,0.0576,0,-0.0052,1.0,0.0,TATACHEM,2016-10-19,0,-7.8139
5.9246,37,2.6647,0.8557,68.8719,9.6121,2.1074,0.0979,1,0.0505,1.2103,-1.2406,TATACHEM,2017-01-25,0,22.3208
5.3767,93,2.9685,0.8722,63.9692,8.0351,2.3392,0.03,1,0.0134,1.0781,10.7766,TATACHEM,2017-07-05,0,-7.2229
4.6951,137,2.7623,0.8823,62.9069,19.3726,2.5772,0.0332,1,0.0071,1.0068,-2.1539,TATACHEM,2017-09-07,0,-4.1968
6.2095,3,1.6853,0.5695,66.6783,9.2524,3.0526,0.0905,0,-0.0056,1.0602,13.3643,TATACHEM,2017-10-05,0,3.3863
4.2002,42,4.7096,0.6116,65.3778,12.7072,2.248,0.0383,1,0.0113,1.1255,29.4682,TATACHEM,2018-01-03,0,-4.807
5.2639,34,3.9069,0.7987,61.6733,9.8016,2.3472,0.024,0,-0.0241,1.072,-3.0434,TATACHEM,2018-04-03,0,-0.7418
4.3146,82,2.3933,0.678,61.3841,9.3855,2.5243,0.0349,1,0.0349,0.9634,3.7307,TATACHEM,2018-08-16,0,1.7813
5.5259,25,5.0546,0.9521,68.1113,16.369,2.5447,0.0713,1,0.0275,1.4425,31.6352,TATACHEM,2021-07-02,0,5.6707
6.699,16,4.0398,0.668,63.4421,8.1655,2.9441,0.0831,1,0.0726,0.9715,25.6121,TATACHEM,2021-09-24,0,7.8094
6.9638,17,8.7761,0.8077,62.9509,19.108,3.5068,0.1025,0,-0.002,1.2124,22.6331,TATACHEM,2022-05-02,0,-9.1278
2.9866,97,5.5138,0.455,58.9296,10.7476,1.8837,0.0246,1,0.0375,0.9605,1.5401,TATACHEM,2023-06-05,0,2.3765
4.6897,135,4.669,0.9487,69.2436,17.3066,1.7938,0.0688,1,0.0334,1.0152,11.6088,TATACHEM,2023-07-28,0,-5.1353
4.1842,15,4.9782,0.4842,66.8857,10.9598,1.4788,0.0227,1,0.0657,0.9187,3.5616,TATACHEM,2023-12-06,0,1.289
4.8513,11,1.7255,0.8446,55.1905,10.787,2.0122,-0.0246,1,0.0286,0.8173,-0.8599,TATACHEM,2024-03-04,0,6.9766
7.7282,12,7.7187,0.6797,66.7597,11.5692,2.3038,0.0311,1,0.0253,0.8611,8.4619,TATACHEM,2024-03-05,0,2.6543
7.5855,63,3.433,0.8585,69.1242,8.053,2.2839,0.0667,1,0.0316,0.9193,5.4411,TATACHEM,2024-10-01,0,-7.4216
6.2468,29,8.2859,0.9123,67.4728,16.7263,2.6793,0.0843,0,-0.0093,0.9857,25.9289,TATACHEM,2025-07-29,0,-6.453
3.2991,59,2.0493,0.75,60.359,8.5742,1.8244,0.0252,1,0.0038,1.0806,19.9448,TATACHEM,2025-09-11,0,-3.8571
6.4528,14,4.5702,0.8172,62.9704,9.7431,3.4486,0.0,0,0.0,1.0,0.0,TATACOMM,2016-08-10,0,17.7073
8.9344,16,2.9056,0.7929,65.7895,15.4439,3.7883,0.143,0,-0.0088,1.0,0.0,TATACOMM,2016-09-30,0,1.7699
6.7723,38,4.2623,0.9155,66.0525,13.1766,2.9492,0.0687,1,0.0277,1.412,27.716,TATACOMM,2017-01-12,0,5.1198
5.2441,56,4.6419,0.8794,62.0535,15.5253,2.2899,0.0347,1,0.0103,0.9211,8.8226,TATACOMM,2017-12-11,0,-9.9326
9.8757,7,1.9409,0.7629,56.6615,22.6502,3.8425,-0.0232,0,-0.011,0.8805,-8.4775,TATACOMM,2019-07-11,0,-13.1994
5.1852,32,2.2787,0.8018,59.5127,12.0328,2.627,0.0194,1,0.0532,0.9031,2.4496,TATACOMM,2021-06-01,0,23.5996
6.5129,18,4.8945,0.6094,67.3927,12.1384,3.9851,0.137,1,0.0029,1.2767,18.6114,TATACOMM,2021-07-28,0,-6.1277
8.1862,10,1.7348,0.7736,58.3579,8.1203,3.8794,0.0007,0,-0.0344,1.0161,-0.4933,TATACOMM,2021-12-07,0,-3.6949
9.43,5,4.0674,0.7028,65.6656,8.5764,4.0275,0.1318,1,0.0246,0.9742,7.9203,TATACOMM,2022-01-05,0,-8.0237
5.5165,10,4.2373,0.9039,58.5062,14.2285,3.1505,-0.0022,1,0.02,0.8838,0.5319,TATACOMM,2022-03-31,0,-1.0098
5.0263,20,6.7445,0.8173,65.2219,16.7457,3.0168,0.085,1,0.0338,1.2582,30.3326,TATACOMM,2022-12-13,0,-9.4285
5.5427,51,3.1687,0.9316,63.4262,16.5383,2.5311,0.0608,1,0.0414,1.0115,7.4265,TATACOMM,2023-05-09,1,32.5389
5.3819,62,2.0202,0.7943,62.4333,8.0403,2.5673,0.0439,1,0.0226,0.9369,-2.051,TATACOMM,2024-02-16,0,0.7423
7.2366,54,3.6414,0.8545,68.1928,8.457,2.8012,0.0865,1,0.0507,0.9992,3.8241,TATACOMM,2024-07-31,0,-0.5962
7.103,93,4.4261,0.9456,68.84,10.2609,2.6073,0.1051,1,0.0445,0.9524,18.9197,TATACOMM,2024-09-25,0,-7.436
5.2565,22,2.2564,0.942,58.8137,12.1449,2.1093,0.0018,1,0.0075,0.933,-6.6418,TATACOMM,2024-12-11,0,-5.4187
4.1311,4,1.6952,0.8219,69.6431,10.2478,2.4087,0.0,0,0.0,1.0,0.0,TATACONSUM,2016-07-27,0,0.1987
8.3762,35,3.5318,0.9211,66.7075,13.4219,3.5342,0.1,1,0.005,1.0,0.0,TATACONSUM,2016-10-05,0,-9.3862
6.9713,18,3.0138,0.9032,67.363,12.5172,2.4972,0.1018,1,0.036,1.061,27.7708,TATACONSUM,2017-03-23,0,-4.7416
3.7599,43,3.623,0.513,67.0323,8.2593,2.3689,0.0747,1,0.0258,1.059,26.8705,TATACONSUM,2017-05-02,0,-8.3097
8.082,8,2.956,0.898,63.7341,12.7346,3.724,0.1228,1,0.0017,1.148,20.5771,TATACONSUM,2017-08-14,0,8.9096
5.3834,22,2.5792,0.8921,64.5005,9.5857,2.8037,0.0792,1,0.0323,1.3509,43.5217,TATACONSUM,2017-10-27,1,35.1466
5.8042,13,2.3212,0.8394,61.8884,12.0484,3.1725,0.0533,1,0.0003,0.8921,6.385,TATACONSUM,2018-07-03,0,-10.1815
9.5983,16,7.1043,0.9149,68.771,29.2843,3.2415,0.0805,0,-0.0159,0.9598,0.6381,TATACONSUM,2019-05-16,0,14.8106
7.4842,31,3.5971,0.9088,64.7252,10.4236,2.6896,0.0706,0,-0.0285,1.458,30.6648,TATACONSUM,2019-08-28,0,-9.7669
6.9056,25,3.9729,0.7051,66.7055,8.4422,2.4934,0.0772,1,0.0826,1.102,33.0366,TATACONSUM,2020-11-27,0,5.3385
8.8368,25,1.7922,0.8912,68.9522,8.4485,2.9972,0.1018,0,-0.0072,1.0416,29.3108,TATACONSUM,2021-04-06,0,-7.3954
4.6589,30,2.9998,0.9082,67.3871,10.9365,2.4172,0.071,1,0.0418,1.2354,25.9124,TATACONSUM,2021-08-13,0,3.297
5.3189,17,4.4945,0.71,57.6965,13.9033,2.1958,-0.0069,1,0.0427,0.8612,-12.3614,TATACONSUM,2022-01-14,0,-7.6797
6.0874,21,2.1807,0.9,66.6059,8.8276,2.4174,0.0793,1,0.048,1.1258,3.6132,TATACONSUM,2022-09-01,0,-6.5941
2.0885,73,2.4337,0.8529,56.9501,8.7312,1.6135,0.0021,1,0.0392,0.9299,4.807,TATACONSUM,2022-11-17,0,-1.5589
2.7106,78,4.2248,0.8364,59.6005,11.3871,1.7322,0.0165,1,0.0441,0.9673,3.9604,TATACONSUM,2022-11-24,0,-2.7174
4.5549,179,4.5138,0.9155,61.1596,19.1612,1.5811,0.0276,1,0.0137,0.9457,-8.8074,TATACONSUM,2023-04-24,0,18.1177
3.4154,48,3.4218,0.8907,64.5948,13.4691,1.5937,0.0352,1,0.0066,1.1229,16.3124,TATACONSUM,2023-09-06,0,9.9688
5.2984,37,2.9935,0.7367,61.9932,13.3593,2.5509,0.036,1,0.0087,1.0947,0.3031,TATACONSUM,2024-06-05,0,5.3136
5.456,54,2.5732,0.8965,68.8379,14.8552,2.7183,0.0836,0,-0.013,0.9026,-15.4265,TATACONSUM,2025-01-31,0,-5.6028
4.8284,95,2.9583,0.93,66.0201,12.8407,2.0794,0.053,1,0.0177,1.0816,-0.0767,TATACONSUM,2025-09-17,0,1.8569
2.6195,115,2.0523,0.8916,61.7406,12.796,1.8806,0.0458,1,0.0272,0.9635,2.5062,TATACONSUM,2025-10-16,0,3.2286
6.6819,126,2.1385,0.8838,67.5388,9.0471,2.0286,0.0665,1,0.0236,0.9881,8.1069,TATACONSUM,2025-11-03,0,-4.4799
4.8138,12,2.8459,0.9167,62.8749,17.0905,2.5385,0.0,0,0.0,1.0,0.0,TATAELXSI,2016-08-08,0,-8.5945
9.7315,7,5.2574,0.9152,69.5571,11.6821,2.6724,0.1452,1,0.0297,0.931,-1.8211,TATAELXSI,2017-01-18,0,-7.8212
6.5735,49,3.5253,0.8678,64.9782,8.391,2.3245,0.0538,1,0.0394,1.049,25.3247,TATAELXSI,2017-04-06,0,-5.2198
6.3003,10,4.4548,0.6999,68.988,9.5671,2.4304,0.1107,1,0.0362,0.9864,15.5407,TATAELXSI,2017-07-27,0,-6.8513
9.0998,24,1.5893,0.8873,66.4921,8.7085,3.1863,0.0811,1,0.0156,1.1295,10.148,TATAELXSI,2017-11-20,0,4.8593
5.5469,19,2.7245,0.8068,62.6466,8.8684,2.8099,0.0727,1,0.0208,1.1255,19.0195,TATAELXSI,2017-12-29,0,1.3262
9.4286,16,6.1286,0.9114,68.7054,12.6966,2.9312,0.1325,1,0.033,1.365,45.8219,TATAELXSI,2018-07-25,0,-6.3955
7.4127,24,3.8294,0.7243,61.1083,9.7778,3.4552,0.0434,1,0.0424,0.7012,-17.0122,TATAELXSI,2019-09-24,1,25.815
6.6121,14,3.7505,0.8141,67.9303,10.7115,2.3788,0.0799,1,0.0226,0.9783,41.7064,TATAELXSI,2020-01-13,0,6.3761
5.5635,8,4.7468,0.5294,62.1426,8.3545,3.7122,0.1405,1,0.1089,1.245,-14.5137,TATAELXSI,2020-06-02,1,34.4135
6.0293,5,2.4427,0.779,59.8285,10.1959,3.1027,0.0852,1,0.0826,1.5242,73.8547,TATAELXSI,2020-11-27,0,-4.9268
11.2462,0,4.4515,0.8544,66.5177,10.4734,3.9615,0.1332,1,0.0736,1.5452,73.2816,TATAELXSI,2020-12-23,1,48.2547
5.0348,13,2.5658,0.8992,63.6614,12.5682,1.767,0.0193,0,-0.0088,0.7323,-25.343,TATAELXSI,2023-01-23,0,-5.5548
5.2802,15,2.2023,0.8391,62.9486,9.1019,2.0192,0.0061,1,0.0124,0.7292,-5.9048,TATAELXSI,2023-04-11,0,18.8193
8.3841,26,3.9138,0.8464,68.3895,13.7798,2.017,0.0485,1,0.0235,0.8907,-0.6494,TATAELXSI,2023-04-27,0,11.7336
4.2762,31,3.901,0.7543,61.4795,11.6552,2.7564,0.0382,1,0.0202,0.9626,-3.4618,TATAELXSI,2024-04-03,0,-7.1752
4.2088,9,1.9884,0.5534,55.852,10.6571,1.7871,-0.0078,1,0.0284,0.7753,-14.2178,TATAELXSI,2024-05-23,0,-5.9392
8.2883,6,3.5527,0.9389,60.4282,15.8532,2.372,-0.0065,1,0.0021,0.9489,1.5919,TATAELXSI,2025-09-10,0,-8.038
7.2597,50,3.6314,0.9059,62.2221,20.768,2.4219,0.0263,1,0.005,0.8285,-6.0075,TATAELXSI,2025-12-19,0,-2.5931
8.3741,12,3.6649,0.9483,67.0278,13.4619,2.2881,0.0615,0,-0.0087,0.968,-18.5637,TATAELXSI,2026-06-02,0,-8.1046
11.2406,0,5.8651,0.667,62.3014,9.2842,3.2645,0.026,0,-0.0373,1.0,18.6979,TATAINVEST,2016-12-06,0,-1.3294
5.0163,29,3.3833,0.5915,61.4985,8.5475,2.6636,0.0418,1,0.0375,1.0291,19.4921,TATAINVEST,2017-06-05,0,15.8594
6.6472,35,5.3718,0.7246,66.293,14.7258,2.5937,0.0596,1,0.0232,1.0471,21.6628,TATAINVEST,2017-06-13,0,13.3943
6.8332,4,4.6408,0.6344,66.5302,8.485,3.1642,0.1098,1,0.018,1.3356,38.8824,TATAINVEST,2017-09-14,0,-6.2414
5.7439,42,3.2429,0.5484,60.7006,9.1093,2.8293,0.0288,1,0.0223,1.2895,17.9645,TATAINVEST,2017-11-27,0,-8.484
8.5023,73,9.4277,0.5781,69.4551,13.0235,2.8272,0.065,1,0.0267,1.1333,7.6605,TATAINVEST,2018-01-10,0,-9.3294
8.42,31,2.1508,0.6432,66.5904,8.6347,2.8009,0.0342,0,-0.0008,0.8782,-9.6563,TATAINVEST,2018-04-11,0,-0.4144
3.8493,32,5.6665,0.5876,57.5722,12.5255,1.9223,0.0095,1,0.0414,0.9329,2.9169,TATAINVEST,2018-08-17,0,-5.0537
2.9486,39,2.9656,0.3778,58.5452,16.6895,1.4768,0.0176,1,0.0593,1.0745,2.9811,TATAINVEST,2019-04-01,0,-1.0788
4.6954,97,6.1634,0.427,65.6332,11.0188,1.8083,0.0375,1,0.0119,0.94,7.326,TATAINVEST,2019-06-27,0,-6.1943
4.9195,154,2.0012,0.8915,56.824,11.2079,2.4761,0.0014,1,0.0144,0.9795,-3.9439,TATAINVEST,2019-09-20,0,-1.4847
3.9492,19,5.1733,0.7354,67.3275,20.87,1.9939,0.0401,1,0.0625,0.9265,25.0626,TATAINVEST,2020-08-06,0,10.3663
6.5708,13,4.8524,0.8544,60.8333,11.2929,2.8309,0.0166,1,0.0326,1.0339,-5.3296,TATAINVEST,2022-04-01,0,-1.5816
8.4556,7,2.2515,0.8585,62.5206,12.3945,2.0147,0.0307,1,0.0157,1.0837,15.0811,TATAINVEST,2022-07-18,0,-5.6829
10.2707,0,8.1334,0.6607,62.8312,9.8592,3.1122,0.0158,0,-0.0222,1.4954,38.3181,TATAINVEST,2023-01-11,0,-8.6225
2.6972,9,3.19,0.6072,64.3483,10.2165,2.1949,0.0814,1,0.0305,0.9416,4.8949,TATAINVEST,2023-05-19,0,12.164
5.164,19,3.7344,0.7844,69.8475,10.6268,2.2741,0.1264,1,0.0518,1.7319,84.2742,TATAINVEST,2024-01-11,1,75.8119
6.364,25,3.1974,0.5896,68.5131,8.3267,3.1125,0.1066,1,0.0351,1.7721,84.4442,TATAINVEST,2024-01-19,1,76.2095
7.1682,13,11.8425,0.4267,56.0484,14.704,3.8818,0.0427,0,-0.0021,0.8928,8.2952,TATAINVEST,2024-10-10,0,-6.0272
4.6443,30,4.5665,0.5495,65.24,9.0003,2.846,0.0394,0,-0.0129,1.1052,8.8495,TATAINVEST,2025-08-04,0,-5.7866
3.9403,59,2.1148,0.7124,65.3021,9.2164,1.8286,0.0355,1,0.0139,1.0268,21.7125,TATAINVEST,2025-09-16,0,19.6186
10.4476,0,14.344,0.5913,62.5246,13.6642,4.1791,0.0363,0,-0.0121,0.9791,-25.5191,TATAINVEST,2026-02-19,0,-10.9152
4.4946,13,2.5923,0.6825,65.6355,10.3906,2.3067,0.0,0,0.0,1.0,0.0,TATAPOWER,2016-08-09,0,-2.8114
7.2146,162,2.6273,0.4043,60.1209,10.4402,2.4267,0.0291,1,0.0118,0.8901,-4.4166,TATAPOWER,2017-08-16,0,-3.8802
7.1126,181,5.6779,0.4063,67.4667,10.0963,2.3753,0.0592,1,0.0182,0.9295,3.4065,TATAPOWER,2017-09-13,0,-6.649
6.4186,29,2.5485,0.71,69.8611,11.167,2.7945,0.0828,1,0.0149,0.9856,8.4021,TATAPOWER,2017-11-17,0,3.0562
6.4186,13,4.0521,0.625,69.5735,8.9641,2.7976,0.0935,1,0.0208,1.0,21.3616,TATAPOWER,2018-01-01,0,-6.6463
8.9955,44,2.7582,0.7917,65.0058,10.8672,2.7116,0.0637,1,0.054,0.8056,-12.1664,TATAPOWER,2018-08-27,0,-8.1897
6.9644,7,4.2027,0.9063,68.1754,14.1231,3.4698,0.1395,1,0.0267,0.9943,17.9286,TATAPOWER,2018-12-03,0,-11.1629
7.4303,8,2.3666,0.7537,66.6849,8.359,2.7601,0.1058,1,0.0595,1.3888,36.5663,TATAPOWER,2021-06-07,0,8.866
8.47,15,3.1236,0.7632,67.9723,10.7974,2.3589,0.0918,1,0.0692,1.0742,37.7988,TATAPOWER,2021-09-15,1,62.5107
6.2318,26,3.2001,0.9398,66.4811,9.4935,2.752,0.0966,1,0.0469,1.036,0.8004,TATAPOWER,2022-09-06,0,-7.2282
3.6066,19,2.0652,0.8284,57.9068,15.7987,1.6976,-0.0015,0,-0.0309,0.9321,-7.9152,TATAPOWER,2023-01-31,0,-8.1712
3.4919,59,3.1086,0.8963,69.9863,11.2202,1.7033,0.0806,1,0.0512,1.021,11.4394,TATAPOWER,2023-07-06,0,14.4256
5.7035,75,5.016,0.8517,69.8393,18.5888,1.7823,0.0712,1,0.0334,1.0611,16.4382,TATAPOWER,2023-07-28,0,5.5866
8.7113,11,2.1243,0.9391,69.1203,8.6925,2.3679,0.1076,1,0.0003,1.1329,30.3962,TATAPOWER,2023-09-01,0,-3.1731
5.7412,62,2.9799,0.9065,57.0767,12.0677,3.0976,0.0217,1,0.0525,1.1173,12.7896,TATAPOWER,2024-07-26,0,-6.7569
6.6136,8,3.4712,0.9325,61.398,18.5043,1.9238,0.0359,1,0.0167,1.0083,-0.409,TATAPOWER,2024-09-10,0,-0.1985
5.0929,67,2.2349,0.8561,64.9429,9.4056,1.7155,0.0437,1,0.0085,1.0743,20.5783,TATAPOWER,2025-07-16,0,-5.4241
4.326,109,2.5781,0.6822,60.075,8.1701,1.6755,0.0115,1,0.0139,1.0079,7.3803,TATAPOWER,2025-09-16,0,-1.4324
4.1914,138,2.2963,0.8759,69.6132,12.0602,1.6357,0.0524,1,0.0372,1.0038,7.4287,TATAPOWER,2025-10-29,0,-4.7415
3.2087,183,3.2402,0.9556,62.3816,12.4466,1.3301,0.0134,1,0.0145,0.9485,1.945,TATAPOWER,2026-01-02,0,-4.5274
5.7782,28,4.5205,0.7824,67.7738,8.7291,2.7184,0.0811,0,-0.0708,1.0946,-0.6792,TATAPOWER,2026-03-12,0,-8.0753
7.979,6,1.5538,0.9266,63.5399,16.0157,3.9809,0.1118,0,-0.0188,1.0,43.4499,TATASTEEL,2016-11-10,0,-12.8127
4.0789,11,1.5493,0.9196,65.2054,9.0011,2.8392,0.1077,1,0.0561,1.2287,16.4078,TATASTEEL,2017-02-20,0,-4.5189
8.7915,6,6.1398,0.8464,69.1447,16.7825,2.6914,0.052,1,0.0362,1.0696,22.4647,TATASTEEL,2017-05-17,1,25.1032
4.5564,9,2.0144,0.4434,61.229,12.8191,2.4132,0.0865,1,0.0593,0.8369,-6.7845,TATASTEEL,2019-04-01,0,-5.2565
11.9298,0,1.8284,0.8354,65.6561,8.177,3.7958,0.1318,1,0.0938,0.9104,-37.2237,TATASTEEL,2020-06-01,1,39.3703
8.2995,21,2.873,0.9407,61.9976,12.5001,2.5289,0.0426,1,0.0433,0.8519,-15.4123,TATASTEEL,2022-01-13,0,-8.406
6.2874,10,1.7658,0.8269,57.5692,8.7211,2.2553,0.0006,1,0.0133,0.8462,15.5595,TATASTEEL,2022-10-27,0,3.4006
8.7361,56,3.1252,0.9244,66.2161,9.1498,3.0608,0.1084,0,-0.0042,1.1826,10.8271,TATASTEEL,2023-01-02,0,-6.01
4.7009,37,1.717,0.807,64.0355,8.4095,1.6578,0.0309,1,0.0361,1.0346,-0.6754,TATASTEEL,2023-05-02,0,-4.1667
5.7908,108,2.8875,0.9085,65.1932,14.0914,2.4794,0.0872,1,0.0267,1.0861,19.0079,TATASTEEL,2024-03-01,0,-8.3828
5.1222,19,1.8294,0.8828,69.4469,9.9226,2.579,0.0913,1,0.0095,1.2522,28.8142,TATASTEEL,2024-05-21,0,-7.0875
4.9429,21,3.3249,0.8541,64.0039,11.4329,2.0953,0.036,1,0.0432,0.9466,-1.1085,TATASTEEL,2024-09-24,0,-2.7814
6.748,12,1.9492,0.9289,59.5935,10.2502,2.7955,0.0093,0,-0.0082,0.94,-17.1945,TATASTEEL,2025-02-07,0,7.2657
7.508,29,1.9105,0.9479,66.7324,9.3335,3.0547,0.0922,0,-0.0372,1.084,0.1645,TATASTEEL,2025-03-05,0,0.9156
5.7554,63,3.3179,0.9844,64.011,13.6781,2.1929,0.0501,0,-0.0106,1.1207,23.705,TATASTEEL,2025-09-03,0,-1.6527
3.3093,6,2.6043,0.7689,61.6759,11.7079,1.7658,0.0577,1,0.0022,1.0739,9.6433,TATASTEEL,2025-10-03,0,0.543
3.3552,10,1.9341,0.8355,64.6598,10.0789,1.9979,0.0773,0,-0.0193,1.3186,24.926,TATASTEEL,2026-05-13,0,-5.9226
4.8864,37,1.9989,0.6777,55.7871,10.2013,3.0074,-0.0082,1,0.0275,1.0,0.0,TATATECH,2024-02-20,0,-6.9914
6.3032,20,2.8117,0.5826,58.4561,10.3717,2.2615,0.0212,1,0.0275,1.0,-7.4306,TATATECH,2024-05-24,0,-5.7532
2.7407,80,5.6162,0.5176,64.2046,11.1178,1.8835,0.0165,1,0.023,0.8247,-6.0463,TATATECH,2024-08-21,0,-1.9252
3.8309,82,9.1554,0.5735,64.017,11.4449,2.371,0.029,1,0.0225,0.8406,-4.9926,TATATECH,2024-08-23,0,-3.462
5.0827,7,1.6305,0.6913,62.1716,11.7413,3.0159,0.0797,1,0.0397,0.9188,10.2234,TATATECH,2024-09-20,0,-10.0403
4.9694,46,3.9683,0.7638,60.9574,12.1651,2.1114,0.0173,1,0.0021,0.9628,7.4945,TATATECH,2025-09-10,0,-4.1347
4.572,127,10.1298,0.8856,61.9484,17.2026,1.7572,0.0214,1,0.0065,0.9533,3.2243,TATATECH,2026-01-07,0,-7.5835
12.7169,0,13.7905,0.8354,68.8295,20.7144,3.9378,0.1396,0,-0.0106,1.186,55.447,TBOTEK,2025-09-03,0,3.8204
7.0289,24,15.7171,0.3033,55.1062,12.5779,3.6236,0.033,1,0.0166,1.3564,22.118,TBOTEK,2025-11-04,0,-1.3493
7.1725,50,1.603,0.7664,63.5286,8.033,2.4342,0.0527,1,0.0556,0.9013,-0.8046,TCS,2017-02-10,0,2.9436
6.8842,131,1.5588,0.9225,69.8339,9.6418,1.9929,0.0554,1,0.0267,1.0648,14.5653,TCS,2018-01-10,0,2.9397
8.4449,135,2.0603,0.9028,68.6232,9.317,2.1745,0.0668,1,0.0311,1.103,16.1989,TCS,2018-01-16,0,0.7876
6.5684,14,2.1866,0.9521,58.5208,10.4295,2.5777,0.0044,1,0.009,1.1074,0.5544,TCS,2018-11-28,0,-5.5961
5.5502,38,2.7216,0.9175,61.129,12.5066,2.2818,0.0472,1,0.0459,0.9151,6.8316,TCS,2019-04-15,0,-0.4717
6.4311,76,2.0158,0.91,69.3651,10.9211,1.7928,0.0711,1,0.0425,1.0166,5.5022,TCS,2021-06-24,0,-5.6028
5.333,43,1.9086,0.7036,68.2377,11.3284,1.5527,0.063,1,0.0431,0.8481,2.0265,TCS,2022-11-11,0,-2.0607
4.5675,209,2.4218,0.7159,60.656,10.314,1.4697,0.0281,1,0.0389,0.9666,1.5861,TCS,2023-07-13,0,8.7516
4.6448,294,2.6327,0.7264,59.6149,10.6744,1.4188,0.0055,1,0.0092,1.0155,5.8118,TCS,2023-11-16,0,18.8375
7.5995,95,4.5286,0.93,69.5861,17.5509,1.9994,0.0805,1,0.0569,1.006,2.6791,TCS,2024-07-12,0,-1.1589
4.5035,67,1.5461,0.942,62.7539,9.2012,1.5489,0.0331,1,0.0239,0.8548,-7.8623,TCS,2025-11-12,0,1.6499
7.4565,9,2.2475,0.9256,62.7936,18.2806,2.3323,0.0259,0,-0.0087,0.8871,-21.6058,TCS,2026-06-02,0,-7.0546
5.6396,11,1.6933,0.7566,56.8447,8.631,3.3061,0.0027,0,-0.023,1.0,0.0,TECHM,2016-11-07,0,3.5231
5.9608,33,6.3699,0.1733,65.4287,11.6901,2.2769,0.0482,1,0.0419,0.7456,-13.3418,TECHM,2017-08-01,0,20.7154
8.8281,43,1.9394,0.7703,68.4434,10.0536,2.9885,0.0885,1,0.0118,0.7654,-3.8069,TECHM,2017-08-16,0,15.4751
8.1205,36,3.0184,0.2983,66.7349,8.6372,2.5983,0.0768,0,-0.0287,0.8758,-9.6901,TECHM,2019-09-06,0,5.0415
10.0955,0,2.4796,0.9441,64.7386,10.3586,2.8283,0.0983,1,0.0946,0.8795,-24.8322,TECHM,2020-07-13,1,43.5262
5.3832,106,2.0613,0.8326,64.8572,8.1781,2.1574,0.0726,1,0.0264,0.956,13.9805,TECHM,2021-07-15,1,30.0614
6.8843,110,2.5335,0.9462,68.3299,12.5158,2.4381,0.0968,1,0.015,1.0384,16.2374,TECHM,2021-07-22,1,25.3628
3.4612,13,3.0047,0.8714,69.5041,13.6434,1.9801,0.07,1,0.0695,1.0738,11.5816,TECHM,2023-12-14,0,-0.898
7.8392,53,7.0998,0.3561,58.2273,21.2607,2.8136,0.0095,1,0.009,0.9652,4.2898,TECHM,2024-04-26,0,-2.1554
9.036,81,2.6795,0.937,66.3502,8.1701,2.6607,0.0898,1,0.0365,0.9822,0.8012,TECHM,2024-06-07,0,22.2143
4.2106,27,2.9832,0.8736,65.8824,14.8955,2.0238,0.0787,0,-0.0103,1.0592,15.5604,TECHM,2026-01-16,0,-2.5994
4.2448,14,1.8134,0.5889,59.7685,8.9856,4.5881,0.0575,1,0.0324,1.0,0.0,TECHNOE,2016-09-09,0,-15.5882
4.198,10,3.6485,0.1826,58.3266,10.6275,3.42,0.0063,0,-0.0022,1.0,0.0,TECHNOE,2016-10-25,0,-6.8182
5.964,28,4.9622,0.9141,64.1883,10.4242,3.4694,0.079,1,0.0367,1.1874,23.758,TECHNOE,2017-06-02,0,-9.571
10.5768,0,2.6049,0.5658,65.0093,8.9205,4.0277,0.087,1,0.007,0.8804,0.0,TECHNOE,2017-11-14,0,-3.8764
5.4116,25,5.491,0.7956,62.8012,13.656,3.8966,0.0807,1,0.0214,1.0016,20.0085,TECHNOE,2018-01-05,0,-13.4025
11.6564,0,1.5233,0.7275,59.115,21.5926,5.1785,-0.005,1,0.0443,0.6955,-25.1878,TECHNOE,2018-07-27,0,-3.7591
6.712,102,2.6165,0.7333,66.3919,12.3681,2.1503,0.0494,1,0.0353,1.1051,12.94,TECHNOE,2019-12-19,0,-2.4263
7.7598,18,4.299,0.749,69.3108,19.8025,3.5426,0.0698,1,0.0489,0.7297,-9.9431,TECHNOE,2020-08-17,0,-4.547
7.7558,29,7.732,0.5455,69.7825,10.2361,3.4684,0.0852,1,0.0077,1.3561,64.84,TECHNOE,2021-05-11,0,-9.5314
7.8136,18,3.4255,0.7742,64.2937,10.8195,3.5347,0.0574,1,0.0087,1.2357,11.4729,TECHNOE,2023-04-18,0,1.4026
7.631,26,5.942,0.8961,66.3698,12.0993,3.5445,0.0951,1,0.0318,1.2969,15.6012,TECHNOE,2023-04-28,0,-2.2473
7.2949,3,2.5856,0.8619,68.1963,14.0639,3.2593,0.1338,1,0.0428,1.341,12.5791,TECHNOE,2023-05-26,0,-10.0269
7.7477,19,3.626,0.8631,60.2494,11.8724,4.9142,0.0645,1,0.0226,1.6005,60.2931,TECHNOE,2024-02-16,0,-20.6921
6.9634,8,1.7984,0.8358,59.1802,9.8464,4.1443,0.0158,0,-0.0072,1.0734,-2.1787,TECHNOE,2024-12-18,0,-6.1701
11.646,0,5.1615,0.6133,56.2679,17.1671,5.7272,-0.0374,0,-0.0032,0.7256,-37.7446,TECHNOE,2025-03-19,0,-23.0245
12.3113,0,2.9505,0.7584,64.7302,9.0727,4.7743,0.0996,0,-0.0093,0.9378,0.1131,TECHNOE,2026-04-15,0,-2.4629
6.0911,37,3.4931,0.7403,64.8627,9.1671,3.0577,0.0831,0,-0.0219,0.9079,11.6392,TEGA,2022-07-05,0,7.726
5.4066,28,4.8491,0.7816,66.5487,23.1958,2.3951,0.0487,0,-0.0309,1.2527,8.309,TEGA,2023-01-31,0,6.4088
3.7219,6,2.1092,0.8659,69.2468,10.3743,3.4278,0.101,0,-0.0306,1.1929,15.7246,TEGA,2023-03-02,1,28.8815
9.2881,20,3.7526,0.8583,67.0571,11.271,4.1223,0.1177,0,-0.0321,1.2796,25.2789,TEGA,2023-03-23,1,36.0276
8.6501,16,4.8934,0.8464,58.3933,15.0377,4.7912,0.0833,1,0.0081,1.0869,29.9665,TEGA,2024-02-12,0,-7.6812
8.1279,2,2.0752,0.7575,67.9574,10.3189,3.2464,0.1289,1,0.0585,1.3523,34.1651,TEGA,2024-07-04,0,6.6363
10.9056,0,4.5937,0.6556,69.4126,10.0114,3.8038,0.1695,1,0.0589,1.3661,44.2763,TEGA,2024-07-09,0,4.9081
4.8714,8,3.4931,0.8044,61.3411,11.6298,2.6906,0.0262,1,0.0167,1.4179,19.8228,TEGA,2024-09-10,0,-2.1547
12.5029,0,1.6078,0.8574,64.8465,9.0179,3.806,0.0433,1,0.0298,0.8981,-28.4549,TEGA,2025-03-24,0,-19.9967
5.5824,15,3.4076,0.8809,60.596,8.6806,3.3406,0.0836,0,-0.0148,1.3428,39.0823,TEGA,2025-09-01,0,-4.6686
7.1593,5,5.2258,0.4816,57.3581,8.8928,3.3805,-0.0032,1,0.032,1.0,0.0,TEJASNET,2017-10-25,1,30.6006
13.1989,0,4.9615,0.9227,67.1859,16.8417,4.6498,0.1513,1,0.0305,0.7803,-5.1244,TEJASNET,2018-09-07,0,-18.834
7.6807,28,3.0023,1.0,65.4591,8.691,3.3134,0.0614,1,0.0328,1.2297,-12.6658,TEJASNET,2021-07-05,1,79.8961
10.253,0,5.8912,0.5721,67.2655,9.5976,3.9232,0.1126,0,-0.0003,1.2225,19.3193,TEJASNET,2022-07-12,1,57.1752
9.3405,2,2.5239,0.5653,63.1873,8.1072,3.602,0.0933,1,0.0716,1.1809,30.181,TEJASNET,2022-08-02,1,37.7796
9.244,16,5.6008,0.6079,68.9821,10.5886,4.2646,0.1242,1,0.0648,1.2155,6.5915,TEJASNET,2022-08-24,0,20.0094
7.7362,7,7.1965,0.7794,60.4281,18.7266,4.581,0.027,0,-0.0023,1.2176,-20.0474,TEJASNET,2023-02-15,0,-8.4657
13.2894,0,6.5506,0.8851,69.7008,9.2727,4.4965,0.11,0,-0.0006,1.3167,-15.9876,TEJASNET,2023-02-16,0,-13.4046
6.9497,21,2.1054,0.872,67.272,9.6021,3.0321,0.1025,1,0.0394,1.0964,23.4961,TEJASNET,2023-05-31,0,21.6619
5.8026,16,3.4591,0.8949,63.9682,9.4131,3.0204,0.0917,0,-0.0085,1.4223,36.9977,TEJASNET,2023-08-31,0,-5.3617
7.0527,18,3.7742,0.8132,67.5821,9.4863,3.3647,0.1242,1,0.0043,1.4153,43.4461,TEJASNET,2023-09-04,0,-8.6205
10.986,0,12.0713,0.3356,61.7616,14.2645,5.0568,0.0608,0,-0.0134,1.5195,-3.7518,TEJASNET,2024-10-21,0,-8.078
10.047,0,8.5472,0.5944,57.1167,15.1152,3.3609,-0.0362,1,0.0028,0.7296,-25.7247,TEJASNET,2025-08-21,0,-6.9871
11.0861,0,14.6838,0.8218,58.9558,23.2476,4.3015,-0.0134,0,-0.009,0.6097,-37.0782,TEJASNET,2026-02-26,0,2.2099
11.4105,0,7.5323,0.5868,66.1592,12.752,3.7472,0.1015,1,0.0117,0.9297,2.1953,TEJASNET,2026-05-06,0,-4.7858
12.9192,0,2.8243,0.9002,67.2388,8.2033,2.7268,0.0,1,0.0085,1.0,0.0,THELEELA,2025-07-16,0,-7.9493
6.074,7,3.1759,0.8353,62.4782,18.8099,2.7961,0.0306,1,0.0175,1.0,0.0,THERMAX,2016-09-16,0,-8.1466
4.6617,15,2.6042,0.625,68.5481,8.0782,3.3426,0.0904,1,0.0088,0.9478,13.0974,THERMAX,2017-11-16,0,13.161
9.2102,16,6.0651,0.6775,69.6149,14.0257,3.4194,0.1247,1,0.0262,0.9875,8.6741,THERMAX,2018-12-04,0,-3.8645
4.466,44,8.6056,0.8836,60.7241,19.581,2.2121,0.0194,1,0.0311,0.8644,-12.5531,THERMAX,2019-05-20,0,2.0085
6.5876,16,2.5247,0.8203,63.5424,19.6942,3.0197,0.0474,1,0.0144,1.0808,16.0533,THERMAX,2019-09-20,0,-5.7129
5.0572,84,5.2109,0.7545,66.5924,15.4278,2.7647,0.0573,1,0.0489,0.8512,8.1717,THERMAX,2020-08-17,0,-7.5527
9.0857,21,13.4918,0.7399,69.628,25.0597,3.8169,0.0953,1,0.0055,0.8857,3.7718,THERMAX,2021-11-11,0,19.8886
6.7854,31,1.9204,0.8795,68.4956,9.4056,2.9135,0.0772,1,0.0345,1.143,15.343,THERMAX,2022-07-21,0,-8.77
6.0007,42,8.3739,0.4516,67.2562,10.3964,2.9434,0.0579,0,-0.0148,0.9913,-4.4889,THERMAX,2023-02-08,0,11.3788
6.7712,80,3.0078,0.5765,64.2915,8.2675,1.9945,0.0372,1,0.0515,1.1231,7.7175,THERMAX,2023-07-17,0,14.2851
11.5283,0,2.0935,0.8754,68.5112,10.635,3.199,0.0571,1,0.0771,1.1175,19.0579,THERMAX,2023-12-18,0,0.1512
6.1696,16,2.5265,0.764,62.491,8.3806,3.3891,0.0916,1,0.0299,1.1088,8.8614,THERMAX,2024-02-06,0,2.6269
10.9755,0,4.5513,0.5526,68.8524,10.1422,4.6602,0.2,0,-0.0042,1.5448,65.1079,THERMAX,2024-05-15,0,-0.9831
7.4254,16,3.5805,0.6835,64.8507,10.4265,3.6711,0.118,1,0.0576,1.6363,60.718,THERMAX,2024-07-05,0,-10.3922
5.9464,9,1.7154,0.7963,58.7733,9.6897,2.4678,-0.0203,1,0.0291,1.1315,-2.4281,THERMAX,2024-09-12,0,4.6764
5.5463,11,4.5213,0.9352,63.5995,8.1512,3.3143,0.1189,0,-0.0377,1.1815,3.5319,THERMAX,2024-10-25,0,-9.6074
5.4099,32,4.9437,0.6136,65.5074,12.0153,2.8465,0.0571,1,0.0085,0.9007,14.2321,THERMAX,2025-07-16,0,-4.2121
9.1528,54,2.2018,0.7914,62.7147,8.0101,3.7099,0.0707,0,-0.0073,0.9549,-2.2334,THERMAX,2026-02-20,1,41.3261
5.0013,70,12.9452,0.691,65.4298,16.9079,3.1069,0.0523,0,-0.0133,1.0886,11.1377,TIINDIA,2019-07-12,0,-7.3881
7.3369,7,8.8484,0.773,66.3708,14.9763,3.3052,0.1086,1,0.0579,1.0397,3.8298,TIINDIA,2019-10-31,1,29.3609
9.2416,52,5.5941,0.7049,62.9935,13.0963,4.1801,0.0827,0,-0.026,1.4908,49.4647,TIINDIA,2020-02-24,0,-12.0298
9.7594,29,1.6019,0.6223,57.7596,9.0074,3.3503,0.0017,0,-0.0298,1.2308,-5.9999,TIINDIA,2023-02-27,0,-7.4428
8.5739,47,1.9629,0.6688,69.6585,12.8239,2.7364,0.1004,1,0.0282,1.0095,13.9097,TIINDIA,2023-06-15,0,0.8358
7.4084,33,4.3356,0.662,61.1615,14.5351,3.3188,0.0576,1,0.0397,1.0459,9.1081,TIINDIA,2024-09-20,0,-2.1992
2.7077,37,2.1752,0.7553,60.6133,9.1082,2.263,0.0093,1,0.0542,1.0877,13.5925,TIMKEN,2017-03-16,0,9.0345
4.2839,46,1.8746,0.8509,62.1861,11.7824,2.6973,0.0215,1,0.0356,1.1001,14.3757,TIMKEN,2017-03-29,0,6.4875
5.1699,48,1.8786,0.8848,63.8486,8.6183,2.7927,0.0362,1,0.0354,1.1071,21.2728,TIMKEN,2017-03-31,0,5.6538
2.754,40,3.3229,0.5032,62.8672,9.3024,2.5413,0.0412,1,0.0156,1.0239,7.0758,TIMKEN,2017-11-20,0,2.5486
4.8628,16,4.3478,0.6667,65.2457,9.6693,2.8516,0.0942,1,0.0214,1.1163,28.6281,TIMKEN,2018-01-05,0,-10.4364
6.8098,42,1.7581,0.8787,63.8457,10.0666,3.4898,0.0516,1,0.0114,0.8598,-21.4335,TIMKEN,2018-05-30,0,-4.5782
8.3225,50,7.0983,0.5694,65.9434,10.8334,4.1184,0.089,1,0.0186,0.8051,-15.9098,TIMKEN,2018-06-11,0,-9.0299
9.5069,29,2.8555,0.9208,69.9909,14.4561,3.2379,0.0923,1,0.0241,0.7594,-19.3167,TIMKEN,2018-12-13,0,-7.0445
3.8495,7,6.3711,0.5207,61.7151,11.7166,3.1151,0.0429,0,-0.0164,1.2691,28.1789,TIMKEN,2019-09-16,0,10.3155
4.9573,10,3.513,0.9281,66.2422,11.7184,3.0,0.1071,1,0.053,1.403,20.0038,TIMKEN,2019-10-29,0,-2.6745
10.2677,0,2.4744,0.8866,66.9255,10.7823,4.3586,0.143,0,-0.0281,1.4263,37.1838,TIMKEN,2020-02-25,0,-17.0642
7.2273,8,1.9294,0.8686,65.0908,9.4974,3.419,0.1203,1,0.0442,1.1947,30.7546,TIMKEN,2020-08-03,0,-8.3544
6.608,23,4.5111,0.7723,63.8206,12.9527,3.3997,0.0877,1,0.0554,1.1223,34.7436,TIMKEN,2020-08-24,0,-2.9152
7.4344,29,4.4423,0.7838,68.5065,11.1581,3.034,0.0967,1,0.0431,1.1543,24.1412,TIMKEN,2021-08-27,0,-1.3547
6.9239,29,2.44,0.6668,59.8423,13.216,3.4211,0.0409,0,-0.0433,1.2409,16.3816,TIMKEN,2022-02-25,0,-3.422
12.867,0,5.5093,0.3129,66.4769,14.9059,4.2466,0.0588,0,-0.0152,1.164,4.0074,TIMKEN,2022-05-30,1,29.3961
3.5384,64,1.7099,0.8942,67.0454,18.363,2.085,0.0284,1,0.0553,0.8286,-4.7628,TIMKEN,2023-12-04,0,-1.2605
4.0931,13,4.0883,0.833,68.7101,9.732,2.095,0.0905,1,0.0518,0.8926,5.0223,TIMKEN,2024-01-11,0,-9.9985
7.2912,19,1.6034,0.7577,65.165,9.252,2.6215,0.0874,1,0.0351,0.9403,5.9154,TIMKEN,2024-01-19,0,-11.3054
6.879,3,2.3128,0.4658,64.6354,8.353,2.8717,0.0715,0,-0.0072,0.8962,-1.2568,TIMKEN,2024-04-18,1,31.8808
5.7003,43,2.079,0.7571,67.3845,8.5487,1.9625,0.0517,1,0.0226,1.142,-2.2061,TIMKEN,2025-10-31,0,-6.7011
6.703,106,5.7353,0.5922,68.3644,16.4437,3.3553,0.0663,0,-0.0046,0.9432,6.6238,TIMKEN,2026-02-03,0,-1.6012
5.8566,9,3.0182,0.7547,55.9872,14.2629,2.846,-0.0429,1,0.0486,0.8751,-3.2028,TITAGARH,2017-03-15,0,8.2801
7.6616,7,2.6149,0.896,65.5009,11.5007,3.3081,0.1295,1,0.0299,1.011,6.7123,TITAGARH,2017-04-25,0,-9.0613
4.9293,25,3.4596,0.8034,64.2624,11.3665,2.1991,0.043,1,0.0265,0.8203,20.8904,TITAGARH,2017-07-20,0,-7.0082
6.4059,27,2.8693,0.6718,67.0391,8.3383,2.4976,0.0712,1,0.0339,0.8699,21.7087,TITAGARH,2017-07-24,0,-9.163
8.3627,7,2.4995,0.7609,55.606,8.7162,3.1136,-0.003,1,0.0211,0.9286,-31.6563,TITAGARH,2018-04-23,0,-9.8033
13.4555,0,6.5623,0.5273,68.6146,8.7563,3.9183,0.1452,1,0.0241,0.8207,-10.8095,TITAGARH,2018-12-13,0,-6.8323
8.3963,4,2.4538,0.6,57.3614,11.168,4.4168,0.0067,1,0.0297,0.9363,29.4537,TITAGARH,2021-03-02,0,-13.6091
9.3644,15,6.3765,0.7264,65.268,13.6546,4.2733,0.0691,1,0.0117,1.0146,-13.7874,TITAGARH,2021-05-20,1,46.5616
9.0153,4,2.4906,0.8431,68.3142,9.9727,5.1236,0.1918,1,0.0446,1.0361,18.1382,TITAGARH,2021-06-22,0,23.0553
10.6191,0,4.7197,0.8115,67.5623,16.1467,4.6267,0.1572,1,0.0002,1.243,21.1846,TITAGARH,2022-04-20,0,-16.3907
5.6244,8,3.716,1.0,62.968,8.7411,3.9353,0.0645,1,0.0372,1.5353,69.2811,TITAGARH,2022-11-07,0,18.331
11.8461,0,2.9531,0.9272,69.359,9.18,4.544,0.1252,0,-0.0054,1.4358,55.0569,TITAGARH,2023-03-08,1,60.3133
7.8686,7,4.7665,0.5655,64.4578,13.3943,3.9677,0.1791,1,0.0341,2.1326,58.382,TITAGARH,2023-05-25,1,95.4102
5.6391,12,3.2451,0.4617,61.7514,8.4601,3.2569,0.1099,1,0.0518,1.8684,42.9705,TITAGARH,2024-01-11,0,-9.5394
7.2297,18,1.8438,0.6072,64.933,8.5285,3.8712,0.1135,1,0.0351,1.7076,40.1034,TITAGARH,2024-01-19,0,-20.3387
8.7479,12,1.637,0.9432,59.2814,10.5738,2.7314,0.0067,0,-0.0026,1.1135,19.2968,TITAGARH,2025-09-09,0,-1.7309
6.4174,5,1.8717,0.7992,69.0291,8.8445,2.9293,0.149,1,0.0583,0.9118,-6.0569,TITAN,2017-02-02,1,27.6349
4.3222,4,2.1147,0.9025,68.891,9.2851,2.476,0.1283,1,0.011,1.3048,33.7896,TITAN,2017-09-05,0,-4.9435
3.1573,14,3.6116,0.902,57.2588,15.8004,1.8188,-0.0106,1,0.0343,0.9132,14.8276,TITAN,2019-12-20,0,-4.6816
7.6214,9,1.6192,0.9104,67.2095,11.1364,2.44,0.1234,1,0.0406,0.9356,27.5513,TITAN,2020-09-03,0,-6.0373
4.3913,134,1.8164,0.8858,64.2691,8.324,1.7821,0.0287,1,0.0038,1.1226,20.9246,TITAN,2023-08-17,0,3.0435
4.6714,267,1.6643,0.9453,60.0137,12.1823,2.0946,0.0245,1,0.0267,1.0589,14.6515,TITAN,2024-03-01,0,-5.4264
7.759,38,4.2036,0.9102,63.0602,19.7293,2.1572,0.0379,1,0.0438,0.8353,-8.7268,TITAN,2024-07-23,0,-5.1863
4.7655,21,2.913,0.8887,65.95,11.4647,1.8897,0.0503,1,0.0253,1.0116,9.7597,TITAN,2025-06-25,0,-3.6315
4.1508,39,1.6292,0.8606,66.6791,9.3408,1.5171,0.043,1,0.0051,1.0632,14.4036,TITAN,2025-12-26,0,0.8374
9.8352,107,3.1832,0.9362,66.7705,10.0081,3.2073,0.0837,0,-0.0228,1.3464,16.5339,TITAN,2026-04-08,0,-6.5412
4.0743,7,4.1017,0.7549,60.3614,14.2162,2.2602,0.0545,1,0.0076,1.258,15.3403,TITAN,2026-05-08,0,-6.198
5.9412,19,1.8421,0.7416,62.8416,9.6141,2.54,0.0,0,0.0,1.0,0.0,TMPV,2016-08-29,0,1.3992
8.7191,49,3.8846,0.7508,63.5438,9.5917,2.4043,0.0319,1,0.0129,0.8635,-9.046,TMPV,2017-05-24,0,-5.0192
5.7157,6,1.8718,0.8654,56.6676,8.9106,2.3474,-0.0271,1,0.018,0.7693,-4.318,TMPV,2017-09-14,0,3.783
9.8054,9,3.6989,0.7044,65.3545,8.6966,2.529,0.0229,1,0.0212,0.8005,-0.889,TMPV,2017-09-19,0,-1.1023
8.1706,21,2.2013,0.9178,64.0447,8.4459,2.4235,0.0439,1,0.0117,0.9475,15.6205,TMPV,2018-01-02,0,-7.1742
7.2506,20,1.7612,0.8617,58.3558,10.422,3.0571,-0.0035,1,0.0472,0.6581,-24.6373,TMPV,2018-08-20,0,-7.5262
13.0586,0,4.2212,0.9241,68.4872,9.2156,3.2485,0.1501,1,0.0617,0.8218,9.9404,TMPV,2019-04-02,0,1.8439
8.4262,12,1.8749,0.9202,56.4034,9.3168,3.9244,0.0028,0,-0.0038,0.8644,-4.1984,TMPV,2019-07-16,0,-12.8118
7.0256,13,2.341,0.875,61.6154,10.7372,3.8753,0.1344,1,0.0178,1.0342,26.0269,TMPV,2019-12-12,0,1.0183
7.0404,14,3.3788,0.8826,62.7029,11.3304,3.8257,0.1034,1,0.0442,0.6695,46.2484,TMPV,2020-08-03,0,18.4728
11.3063,0,3.3167,0.5726,68.7402,10.9859,2.8052,0.0817,0,-0.0353,0.9486,4.7362,TMPV,2023-01-27,0,-6.4688
9.0883,33,4.6336,0.4366,69.4066,9.3456,2.366,0.0722,1,0.0064,1.0955,6.4743,TMPV,2023-04-10,1,29.3801
9.5499,86,1.5863,0.9226,69.6272,9.2801,1.6697,0.0821,1,0.0153,1.2552,13.1243,TMPV,2023-11-28,0,-0.8737
8.113,70,2.0043,0.9106,65.2114,9.2673,2.1731,0.0592,0,-0.007,1.0211,12.6405,TMPV,2025-09-08,0,-7.1067
6.3282,53,1.5629,0.8867,62.9987,9.6277,2.3648,0.0381,1,0.0509,0.7741,-17.8251,TORNTPHARM,2017-02-27,0,2.6672
7.8103,41,5.0472,0.8977,69.7221,13.3432,2.6764,0.0725,1,0.0172,0.846,3.6951,TORNTPHARM,2017-09-21,0,-7.1448
5.2792,23,3.866,0.8206,61.5387,14.2113,3.2807,0.0542,1,0.0218,1.0751,1.1245,TORNTPHARM,2018-05-31,1,27.7947
3.4294,97,2.0239,0.7971,59.9871,11.2055,2.1236,0.0145,1,0.041,1.0895,11.7241,TORNTPHARM,2019-03-12,0,-2.362
4.6531,26,2.999,0.8266,65.1449,14.3566,2.1787,0.0291,0,-0.0038,0.8245,-10.6734,TORNTPHARM,2019-07-16,0,-8.1101
6.9187,42,2.7002,0.8494,61.421,10.4373,3.7416,0.05,1,0.0375,0.9807,15.4884,TORNTPHARM,2019-10-24,0,-4.4393
5.7924,12,3.4164,0.7673,66.635,10.4419,2.6725,0.0852,1,0.0447,1.1743,20.4144,TORNTPHARM,2019-11-27,0,19.7299
10.9817,0,8.9001,0.8324,65.4205,18.3605,3.4375,0.0586,0,-0.0448,1.1193,-7.33,TORNTPHARM,2022-05-26,0,4.5315
3.5866,92,2.0165,0.9138,67.5155,8.5522,2.1212,0.0659,1,0.029,1.1225,19.2908,TORNTPHARM,2022-10-31,0,-4.1488
3.6513,199,1.9412,0.8846,66.4937,8.3901,2.0194,0.0378,1,0.0015,0.9702,-1.3371,TORNTPHARM,2023-04-05,0,19.4332
4.2594,32,4.2643,0.7582,55.5238,8.5392,2.2806,0.0119,0,-0.0247,1.0923,5.4077,TORNTPHARM,2023-10-25,1,29.8755
5.4509,11,2.1149,0.9331,58.3837,10.605,2.3471,0.0019,0,-0.0217,1.1679,9.7168,TORNTPHARM,2024-11-29,0,-1.1177
5.2095,60,4.494,0.6044,65.8725,12.5811,1.9725,0.0368,1,0.0375,0.9135,9.4071,TORNTPHARM,2025-06-27,0,3.4107
9.0119,66,2.1825,0.7143,60.6605,8.4206,2.9654,0.0353,0,-0.0373,1.0,6.2335,TORNTPOWER,2016-12-06,0,-8.3585
5.0569,19,5.3174,0.6533,64.4405,11.802,2.2529,0.0552,1,0.0277,1.0752,-1.3266,TORNTPOWER,2017-01-12,0,1.9984
7.524,9,2.7125,0.766,60.8107,8.4746,3.581,0.0354,1,0.033,0.8293,-1.3989,TORNTPOWER,2018-07-25,0,-1.9466
7.4687,27,2.7338,0.9504,64.3112,11.3406,3.4291,0.0734,1,0.0475,0.8691,4.3748,TORNTPOWER,2018-08-21,0,-5.8892
10.9473,0,5.0715,0.8927,63.2725,16.1288,5.0686,0.0771,0,-0.0541,1.0996,8.6865,TORNTPOWER,2018-10-31,0,-7.8201
3.5617,70,6.1085,0.4822,60.819,12.8151,2.8019,0.0347,1,0.0591,1.1354,20.1983,TORNTPOWER,2019-11-06,0,-7.0014
7.5734,7,6.1869,0.6469,63.5598,16.0602,3.7573,0.1008,1,0.0034,1.0218,16.3867,TORNTPOWER,2020-02-13,0,-8.4925
5.3336,36,8.3936,0.1268,64.7601,9.0356,2.5967,0.0373,1,0.0605,1.2248,17.5384,TORNTPOWER,2020-08-07,0,-4.1015
8.7097,41,1.5816,0.9122,67.0177,9.0967,2.5554,0.0774,1,0.0929,0.7641,2.41,TORNTPOWER,2020-12-14,0,-8.7874
10.8406,0,2.8845,0.9029,68.2277,9.8339,3.0574,0.0798,1,0.0769,0.7505,15.3126,TORNTPOWER,2021-02-16,0,14.4165
5.9785,6,2.7351,0.73,66.0032,12.858,3.4653,0.1026,1,0.0595,1.2394,43.4058,TORNTPOWER,2021-06-07,0,-1.1493
5.7813,45,2.7035,0.6497,66.0671,8.0736,3.2074,0.0514,1,0.0431,1.1757,28.5521,TORNTPOWER,2021-08-27,0,2.8061
7.8712,75,3.0475,0.867,69.106,13.3746,3.5396,0.1181,1,0.0511,1.0683,25.3127,TORNTPOWER,2021-10-11,0,-7.0572
8.4786,8,1.7445,0.9184,67.4446,9.0385,3.7683,0.1211,0,-0.0344,1.1792,27.8421,TORNTPOWER,2021-12-07,0,-9.4737
9.0346,21,8.0477,0.7959,60.8177,18.8332,3.1994,0.0394,1,0.0045,1.1409,17.2661,TORNTPOWER,2022-02-04,0,-12.4289
11.4814,0,11.3117,0.8919,65.9997,19.9036,3.1572,0.0427,0,-0.0023,0.8636,2.7605,TORNTPOWER,2023-02-15,0,3.8765
8.1442,10,2.6143,0.8784,65.5148,10.561,2.9563,0.0923,1,0.0334,1.3742,23.886,TORNTPOWER,2023-07-28,0,3.6585
10.2933,0,8.3869,0.3553,69.9313,10.3754,3.7854,0.1833,1,0.0654,1.5371,53.7855,TORNTPOWER,2024-01-04,1,45.2776
8.5367,4,2.4322,0.6937,69.7635,8.0837,3.9495,0.0,1,0.0129,1.0,0.0,TRAVELFOOD,2025-09-22,0,-8.7766
10.1441,0,2.7632,0.7738,65.94,11.7442,4.1534,0.0928,0,-0.0993,1.0511,-2.9758,TRAVELFOOD,2026-03-30,0,-4.4841
6.4551,3,3.3093,0.5702,66.1298,12.3043,3.8,0.1271,1,0.0212,1.1131,21.2834,TRENT,2017-09-19,0,5.4476
9.9234,20,4.0457,0.7664,69.0802,12.2138,3.4349,0.1072,1,0.0176,1.2482,38.1422,TRENT,2017-11-21,0,-6.0795
4.8705,17,5.0106,0.8771,66.7576,12.9301,2.6185,0.0814,1,0.0214,1.2953,18.2678,TRENT,2018-01-05,0,-9.8756
5.1638,16,5.0733,0.7761,61.7502,20.8454,2.6401,0.0247,0,-0.0349,1.1145,13.8438,TRENT,2018-03-08,0,-3.5631
8.3017,69,1.5384,0.6797,66.6251,13.1428,3.2275,0.0464,1,0.0218,0.9603,7.7678,TRENT,2018-07-10,0,0.4726
7.758,5,1.6942,0.841,62.7194,11.5652,3.1208,0.0373,1,0.041,1.0229,11.0322,TRENT,2019-03-12,0,10.0279
7.0773,14,3.5623,0.7939,68.5597,10.098,2.6796,0.0922,1,0.0331,1.0484,8.8373,TRENT,2019-05-03,0,7.5851
6.8,13,1.74,0.9557,65.2631,15.1632,3.4183,0.0927,1,0.0144,1.3118,32.5084,TRENT,2019-09-20,0,-0.5102
6.8303,20,2.6904,0.9214,68.1407,9.6791,2.8181,0.0538,1,0.0258,1.2281,21.5894,TRENT,2019-12-27,0,18.0673
11.076,0,3.0029,0.8385,67.66,10.0843,4.1481,0.102,1,0.0769,0.9049,8.6846,TRENT,2021-02-16,0,4.1831
4.4307,18,3.2815,0.8088,65.5383,11.5827,2.9149,0.0898,1,0.0275,1.181,15.507,TRENT,2021-07-02,0,-6.9252
6.6634,38,3.7903,0.8181,69.9144,10.4619,2.7456,0.0795,1,0.029,1.1818,45.6808,TRENT,2022-10-31,0,-7.753
8.5703,7,4.7137,0.9414,66.0326,17.0393,3.1613,0.0254,0,-0.0127,1.0029,-5.5,TRENT,2023-02-09,0,-2.6265
3.3487,37,2.5903,0.5354,62.4203,9.2889,2.2719,0.0468,1,0.0361,0.9396,-0.0568,TRENT,2023-05-02,0,18.7508
4.517,26,5.6516,0.821,66.0475,12.5234,2.2474,0.0565,1,0.0225,1.3165,38.6091,TRENT,2023-08-09,0,9.7586
7.1271,11,1.6098,0.9307,67.4739,15.5807,3.5982,0.1376,1,0.0087,1.6286,55.6609,TRENT,2024-06-05,0,9.3255
11.14,0,3.403,0.6786,62.0482,11.7229,4.4063,0.0,0,0.0,1.0,0.0,TRIDENT,2016-08-25,0,-0.6786
7.0344,24,5.9112,0.7656,67.052,10.238,2.4565,0.0656,1,0.0127,1.3029,14.6981,TRIDENT,2019-01-10,0,-6.3989
7.4275,10,2.7181,0.875,60.022,16.7742,3.3189,0.0949,1,0.0938,0.9465,-32.4094,TRIDENT,2020-06-01,0,22.8431
7.856,17,2.2727,0.75,65.1349,9.1722,3.7037,0.0914,1,0.0867,1.2896,30.6452,TRIDENT,2020-11-20,0,-0.1797
8.1065,26,3.9376,0.6154,66.0188,9.6446,3.7348,0.084,1,0.0239,1.7394,111.0345,TRIDENT,2021-03-12,0,-12.6129
8.5053,15,6.2915,1.0,67.1352,17.2754,3.466,0.0803,1,0.0063,1.5491,63.9785,TRIDENT,2021-05-07,1,39.1878
9.6853,7,3.3728,0.2821,64.6292,10.8722,3.0732,0.0302,1,0.005,1.0239,14.9925,TRIDENT,2023-11-15,0,-8.4805
8.9116,34,5.8733,0.8322,65.3144,13.1073,3.2589,0.0547,1,0.0346,1.0122,-9.3774,TRIDENT,2024-06-12,0,-11.8957
8.6321,6,7.6653,0.7926,58.5274,13.9728,4.0298,-0.0101,1,0.0106,0.8221,-14.8183,TRIDENT,2025-04-03,0,-14.6193
13.3113,0,3.8111,0.8268,68.3233,9.1571,4.5253,0.0972,1,0.0507,0.8409,-22.9271,TRIDENT,2025-04-22,0,0.3054
4.7939,11,5.5948,0.475,56.8917,13.7291,2.4152,-0.0151,1,0.0021,1.0543,8.1726,TRIDENT,2025-09-10,0,-3.4602
10.2251,0,3.818,0.1553,66.6138,19.5682,3.8414,0.0714,0,-0.0046,0.9564,-3.8513,TRIDENT,2026-02-03,0,-17.2414
6.5385,10,7.1981,0.6062,63.3448,19.5205,3.6393,0.0101,1,0.0322,0.8057,-16.5248,TRITURBINE,2018-05-02,0,5.9805
6.9046,39,4.6527,0.7852,68.1507,14.8083,3.7825,0.1002,1,0.0484,0.9159,25.987,TRITURBINE,2018-08-09,0,-12.4361
10.4777,0,11.3823,0.5085,63.352,15.6254,4.1103,0.0183,0,-0.0355,1.0757,-1.3466,TRITURBINE,2018-11-02,0,2.6316
8.769,10,1.6633,0.8527,65.8589,16.4615,3.105,0.0518,1,0.0154,1.0034,15.6614,TRITURBINE,2019-03-05,0,-8.5482
10.6,0,11.3358,0.7557,61.609,24.615,4.7104,0.0794,1,0.0436,0.9193,4.5231,TRITURBINE,2019-09-23,0,-10.8166
5.9725,25,2.3082,0.8191,65.3098,10.8753,3.2581,0.0495,1,0.0966,0.8735,10.9213,TRITURBINE,2020-11-17,0,-0.355
8.6034,27,5.0562,0.7133,68.132,11.2161,3.763,0.0856,1,0.0822,0.882,15.1042,TRITURBINE,2020-11-19,0,-4.6346
3.9709,19,6.3159,0.3957,57.5044,9.7886,4.2398,0.0073,0,-0.0091,1.2181,24.7157,TRITURBINE,2021-05-03,0,13.6865
8.7288,14,4.1408,0.6933,68.7889,10.9571,4.0571,0.1629,1,0.0264,1.2248,18.5637,TRITURBINE,2021-07-15,0,-9.8304
10.8788,0,9.2989,0.9036,66.2133,19.6485,3.9675,0.0858,1,0.0427,1.3603,38.0133,TRITURBINE,2022-01-14,0,-10.2327
10.9131,0,2.7671,0.7112,64.6275,8.9779,4.9287,0.0899,0,-0.0098,1.484,12.5986,TRITURBINE,2023-02-20,1,32.8021
6.5788,69,1.8046,0.6925,63.4964,12.5554,2.7446,0.0296,1,0.0117,1.0902,16.088,TRITURBINE,2023-09-07,0,-6.7255
10.4654,0,3.3931,0.734,68.6541,15.493,3.6056,0.096,1,0.0309,1.1784,10.2812,TRITURBINE,2023-09-15,0,-13.3518
8.8544,7,5.4933,0.4204,59.5738,11.6433,4.5379,0.0592,1,0.07,0.8232,-24.9958,TRITURBINE,2025-05-12,0,10.4289
8.563,10,3.3912,0.8333,67.2919,12.3578,3.5991,0.0439,1,0.0002,1.0,0.0,TTML,2016-10-10,0,-13.2812
3.645,38,6.6869,0.4167,58.7281,18.8994,2.765,0.0142,1,0.0512,0.9073,5.9829,TTML,2017-01-30,1,27.5806
5.4361,42,4.9688,0.6364,63.8036,13.7741,3.404,0.0449,1,0.0572,0.9509,10.3448,TTML,2017-02-03,0,22.6357
9.0789,46,7.1341,0.3182,65.0349,8.1548,5.0325,0.0772,1,0.0553,1.0201,17.8572,TTML,2017-02-09,0,18.9474
12.7411,0,4.115,1.0,65.982,30.7327,3.8095,0.0827,1,0.0259,1.0052,32.0,TTML,2017-04-28,0,-11.2139
10.1059,0,4.2035,0.4737,58.6119,12.775,5.1531,-0.0009,1,0.0026,0.997,14.7541,TTML,2017-06-28,0,-5.3901
8.9155,36,7.8119,0.4,59.5484,19.123,4.389,0.0409,1,0.0392,0.8269,-17.8218,TTML,2018-12-19,0,-12.9762
8.8899,9,2.5517,1.0,59.2615,13.7187,5.7882,0.053,1,0.0498,1.0179,-14.6262,TTML,2019-11-08,0,-16.1667
14.0682,0,2.4939,1.0,67.9551,8.6936,5.5556,0.1392,1,0.0482,1.0956,-11.0258,TTML,2019-11-11,0,-18.871
8.5087,2,2.949,1.0,64.4444,13.667,4.003,0.1175,1,0.0418,0.6528,-28.13,TTML,2023-05-04,0,15.4182
8.407,26,5.6617,0.6489,68.5291,14.8224,3.3598,0.1142,1,0.0413,0.6805,-17.6506,TTML,2023-06-07,1,33.8161
8.5453,7,6.0198,0.8333,66.3579,15.18,3.8825,0.1588,1,0.0546,0.8592,19.0441,TTML,2023-07-19,0,21.25
5.6482,9,4.0445,0.92,59.3412,13.142,3.2408,0.003,1,0.0258,1.4131,27.4898,TTML,2023-11-29,0,-8.5623
9.3046,22,4.173,0.8707,64.7248,14.438,3.6538,0.0696,1,0.0771,1.0781,22.4733,TTML,2023-12-18,0,-12.0163
10.6024,0,8.3795,0.5801,58.9669,14.2445,3.7649,0.0099,1,0.0084,0.7777,-8.0173,TTML,2024-04-23,0,-12.4898
9.7391,13,7.4765,0.7536,61.1474,10.2032,3.9279,0.0393,1,0.0346,0.7823,-10.2439,TTML,2024-06-12,0,4.6961
6.5735,10,6.8199,0.5949,63.5535,12.3148,2.9276,0.0606,1,0.058,0.7462,-7.0097,TTML,2024-07-16,0,4.6961
13.8878,0,12.5641,0.8291,64.3936,23.6302,3.9326,0.038,0,-0.0222,1.0038,-0.8977,TTML,2024-11-26,0,-9.5741
6.7095,6,2.4263,0.8761,60.3759,8.5136,2.7996,0.017,0,-0.0214,1.0,31.4124,TVSMOTOR,2016-12-13,0,-7.4752
8.3419,36,4.2643,0.9033,63.4888,10.7604,2.5216,0.0817,1,0.0362,1.34,23.1308,TVSMOTOR,2017-01-24,0,22.4442
5.7573,22,1.8322,0.9117,68.6536,10.1795,2.0324,0.0833,1,0.0419,1.1565,26.0824,TVSMOTOR,2017-04-05,0,22.8187
4.7039,3,3.1117,0.8272,68.957,14.0339,2.4381,0.0773,1,0.0826,1.0912,23.1423,TVSMOTOR,2020-11-27,0,-7.0677
3.7859,17,2.1623,0.7661,61.2439,8.2915,2.5762,0.0299,1,0.0416,0.8077,-11.0349,TVSMOTOR,2021-10-01,0,17.4739
7.7728,11,4.7631,0.8903,67.8318,10.342,2.8005,0.0934,1,0.0049,1.1652,3.8738,TVSMOTOR,2022-04-26,0,-8.6857
4.9195,6,1.5062,0.8774,68.4581,8.717,2.5116,0.1153,0,-0.051,1.3716,16.2067,TVSMOTOR,2022-06-23,1,38.3033
8.8579,17,1.9319,0.8684,66.4793,8.7592,3.1863,0.1084,0,-0.0003,1.7092,50.3296,TVSMOTOR,2022-10-18,0,-7.0291
4.5872,39,1.797,0.9401,58.8722,9.3961,2.4555,0.004,0,-0.0062,1.1545,11.1601,TVSMOTOR,2022-12-28,0,-7.048
4.3067,41,4.3089,0.9405,61.9662,16.605,2.4417,0.0532,1,0.0401,1.262,31.9729,TVSMOTOR,2023-07-25,0,13.7114
7.5433,48,2.1753,0.7887,68.5584,9.3652,3.0195,0.0986,1,0.0267,1.4065,40.2458,TVSMOTOR,2024-03-01,0,-8.0987
6.1763,27,2.0235,0.4728,62.1791,9.2156,3.0861,0.0663,1,0.0162,1.1568,25.5388,TVSMOTOR,2024-08-07,0,5.33
4.7602,60,2.4922,0.7014,65.1006,9.3283,2.1299,0.0439,0,-0.0129,1.1431,20.8615,TVSMOTOR,2025-08-04,0,14.1315
4.6213,51,1.686,0.9649,67.8512,11.7776,1.8235,0.0442,1,0.0237,1.2512,29.1413,TVSMOTOR,2025-12-01,0,-0.3383
8.5502,30,4.0653,0.8291,66.3069,11.3816,3.4128,0.0714,1,0.0214,1.3099,43.7536,UBL,2018-01-05,0,-12.7459
6.9101,86,6.5613,0.5764,59.833,12.5568,2.6569,0.0246,1,0.0192,0.9821,4.2163,UBL,2019-05-21,0,-5.6709
9.5586,170,1.9294,0.8434,60.4966,16.5921,3.1562,0.0261,1,0.0436,0.9823,2.2499,UBL,2019-09-23,0,-9.2502
6.1022,46,4.0309,0.8183,67.7367,14.9274,2.2296,0.036,1,0.0261,0.9247,-4.6818,UBL,2019-12-24,0,-3.9187
11.4793,0,2.4603,0.8795,64.8727,11.167,3.7946,0.1112,1,0.1158,0.9607,-20.0338,UBL,2020-06-05,0,-8.6125
8.15,44,1.9843,0.8245,68.9618,9.6791,2.9343,0.0774,1,0.0609,1.1311,35.3231,UBL,2021-09-01,0,2.0247
5.3309,14,1.6171,0.9395,68.2435,9.0143,2.3198,0.0864,1,0.0935,1.0547,8.9825,UBL,2022-08-18,0,-6.563
4.7885,62,4.68,0.8845,65.9439,14.2495,1.6654,0.052,1,0.0413,0.8577,-5.0191,UBL,2023-06-07,0,2.8326
3.5525,97,2.6319,0.8166,62.6787,11.558,1.9113,0.046,1,0.0358,0.9043,7.5499,UBL,2023-07-27,0,1.4466
5.7719,100,3.9404,0.785,65.5378,8.1096,2.13,0.0664,1,0.0348,0.9202,9.8695,UBL,2023-08-01,0,-1.1658
3.1008,24,6.9567,0.5082,59.7663,11.6747,2.0234,0.027,0,-0.0041,1.0106,9.1765,UBL,2023-10-20,0,15.1745
4.0899,7,1.9206,0.6396,66.6383,8.1927,2.3812,0.0691,1,0.0818,1.0094,13.192,UBL,2023-12-28,0,-0.182
7.127,6,2.3958,0.6308,65.9641,10.591,2.615,0.0719,1,0.0087,1.0875,9.3865,UBL,2024-06-05,0,-2.7639
5.1578,56,4.1211,0.7365,62.6463,11.0077,2.2221,0.0533,1,0.0258,1.0672,11.5563,UBL,2024-09-19,0,-6.9462
4.9091,36,1.5821,0.8239,66.104,9.4972,1.9298,0.0499,0,-0.0226,1.0333,8.525,UBL,2024-12-24,0,-3.8204
3.2407,116,1.5176,0.7682,59.8326,8.305,1.5764,0.0048,1,0.0352,0.7909,-10.1818,UBL,2025-10-23,0,-4.0152
4.5041,31,3.3285,0.6531,63.0649,10.5491,2.171,0.0104,1,0.0443,1.0,0.0,UCOBANK,2016-09-08,0,-7.3605
9.9638,2,5.1713,0.6625,58.3393,26.8908,4.1909,-0.0146,0,-0.0188,1.0,-9.5588,UCOBANK,2016-11-10,0,-10.856
7.8382,30,7.9954,0.75,69.007,20.2256,3.5285,0.056,1,0.0166,0.8855,5.7143,UCOBANK,2018-01-04,0,-10.7829
9.1764,6,5.0634,0.0976,63.9531,10.3102,3.5768,0.059,1,0.0574,0.8799,6.1192,UCOBANK,2018-01-25,0,-8.4848
9.4711,11,2.0202,0.7097,58.6179,11.4981,3.1328,-0.0234,1,0.014,0.6039,-36.8671,UCOBANK,2018-05-29,0,-8.6
11.3944,0,5.2544,0.7105,59.6462,16.1577,4.0766,0.0156,1,0.0181,0.6229,-38.8467,UCOBANK,2018-06-08,0,-12.9782
7.1819,13,2.501,0.88,64.6475,11.7018,3.0303,0.0563,1,0.0465,0.6056,-14.2857,UCOBANK,2018-07-30,0,-5.375
7.5839,8,4.3689,0.5882,68.9839,11.6879,3.7415,0.1089,1,0.0474,0.7272,3.4483,UCOBANK,2018-08-30,0,-10.095
8.561,20,4.4689,0.3143,61.9892,13.7734,3.9931,0.0786,0,-0.0043,0.7936,10.3723,UCOBANK,2018-09-18,0,-10.9353
13.9134,0,6.2928,0.5,66.8848,10.3847,4.1885,0.0494,0,-0.0541,0.9999,-6.3726,UCOBANK,2018-10-31,0,-6.8052
6.0597,8,5.0586,0.5161,62.4967,8.9925,3.2995,0.0512,1,0.0593,1.0344,1.5464,UCOBANK,2019-04-01,0,-10.4762
10.1507,0,6.2533,0.6786,68.7349,13.1838,2.7778,0.0453,0,-0.0024,0.8844,-1.5625,UCOBANK,2021-05-12,0,2.2481
8.0045,9,1.8188,0.7778,66.7797,9.2415,4.2807,0.1552,1,0.0441,0.9518,7.8947,UCOBANK,2021-06-21,0,-9.3471
9.7494,10,9.0422,0.1765,68.1701,24.8462,2.9427,0.0482,1,0.0667,0.9193,26.7857,UCOBANK,2021-09-09,0,-7.7817
8.0625,7,2.8963,0.7576,69.3069,17.1995,3.2819,0.1115,1,0.0508,1.0886,12.1212,UCOBANK,2021-10-08,0,-8.6487
3.8191,64,1.9296,0.8571,63.9223,9.2051,1.9171,0.0251,1,0.0345,0.9452,-2.9412,UCOBANK,2022-07-21,0,-1.7391
2.959,71,1.6567,0.625,61.2827,9.1554,1.8862,0.0285,1,0.0729,0.8493,-2.1186,UCOBANK,2022-08-01,0,-2.5862
6.0796,22,3.9702,0.6304,60.0342,14.0473,3.0612,0.0447,1,0.0098,0.9459,19.5473,UCOBANK,2023-08-11,1,26.8611
5.7322,7,3.4958,0.5514,56.4951,8.0511,3.4518,-0.0061,1,0.0603,0.7117,-27.4698,UCOBANK,2025-05-19,0,-4.3282
6.957,16,3.2164,0.7428,63.3709,12.4865,2.7534,0.0459,1,0.033,0.7421,-22.0289,UCOBANK,2025-05-30,0,-7.7552
6.5498,35,3.0129,0.7097,66.2386,8.8064,2.6752,0.0812,1,0.0171,0.9947,-6.2776,UCOBANK,2025-10-10,0,-3.8957
4.8382,92,2.2868,0.8348,61.9737,10.67,1.8331,-0.0004,1,0.0145,0.9089,5.5344,UCOBANK,2026-01-02,0,-7.8109
5.1728,19,1.9032,0.9199,69.1298,11.2716,2.4311,0.0,0,0.0,1.0,0.0,ULTRACEMCO,2016-08-18,0,-1.3833
3.8802,46,3.2227,0.6885,65.7217,14.935,2.0511,0.0603,1,0.0213,0.9754,19.6167,ULTRACEMCO,2017-04-24,0,1.6241
4.6272,44,2.2133,0.7187,69.1848,8.8337,1.603,0.0533,1,0.0355,0.9569,8.9127,ULTRACEMCO,2018-01-15,0,-4.639
3.9929,107,2.1409,0.6149,59.7324,8.684,2.0437,0.0121,1,0.0192,0.9717,1.636,ULTRACEMCO,2018-04-19,0,-4.8157
8.4638,7,2.54,0.8848,61.1065,23.8801,2.8478,0.013,1,0.0144,1.0864,-3.4652,ULTRACEMCO,2019-09-20,0,-8.7744
6.0049,31,5.0648,0.7815,69.5666,16.0687,2.384,0.0851,1,0.1007,0.985,17.5751,ULTRACEMCO,2020-07-28,0,-5.4402
4.9395,36,1.7447,0.882,59.1456,9.6758,2.4806,0.0192,0,-0.0072,0.9744,7.6309,ULTRACEMCO,2020-09-29,0,23.6734
5.3525,45,1.8104,0.899,67.7173,8.9554,1.8525,0.0633,1,0.0165,1.1839,16.0057,ULTRACEMCO,2021-07-12,0,3.1977
8.6279,2,1.6638,0.9521,64.4281,8.5104,2.1657,0.0377,1,0.0157,0.8758,2.5534,ULTRACEMCO,2022-07-18,0,7.1149
3.9906,198,2.1768,0.9632,68.5399,14.094,1.5718,0.0433,1,0.0043,1.0591,15.6214,ULTRACEMCO,2023-09-04,0,-3.5773
4.475,256,4.1786,0.9394,67.2807,9.5154,1.5139,0.065,1,0.0277,1.0594,8.5915,ULTRACEMCO,2023-11-30,0,9.4096
8.4952,99,2.0334,0.8361,66.8371,14.531,2.2791,0.0718,1,0.038,1.0412,5.0198,ULTRACEMCO,2024-06-03,0,-8.5329
6.6671,93,2.2159,0.7707,61.9617,9.1863,2.6358,0.0344,0,-0.0149,1.0968,1.4882,ULTRACEMCO,2024-12-02,0,-3.123
8.8364,5,1.6412,0.7897,65.6251,8.3734,1.9008,0.0393,1,0.0298,1.0643,5.9264,ULTRACEMCO,2025-03-25,0,-0.6265
3.3819,23,2.9119,0.6006,67.3978,13.8786,1.6071,0.058,0,-0.0056,1.0367,14.7817,ULTRACEMCO,2025-08-18,0,-4.6062
9.1642,7,2.48,0.776,61.4975,8.1939,3.8483,0.1127,1,0.0084,1.0,0.0,UNIONBANK,2016-10-04,0,-12.2974
8.5985,34,2.828,0.8715,68.8454,11.8229,3.2547,0.1285,1,0.0259,1.0972,24.9727,UNIONBANK,2017-04-28,0,-3.4772
6.5021,24,1.8416,0.8889,62.7707,8.9708,2.3392,0.0249,1,0.0991,0.7825,-15.7636,UNIONBANK,2020-11-18,0,18.8802
11.1273,0,3.5055,0.623,60.427,8.055,4.1898,0.0411,0,-0.0024,1.2539,16.7712,UNIONBANK,2021-05-12,0,-10.1321
7.5173,12,5.4804,0.8261,63.6605,15.2172,2.4523,0.0306,1,0.0736,0.8411,6.2229,UNIONBANK,2021-09-16,0,18.8306
10.6377,0,2.5774,0.8939,65.0107,9.4202,4.2814,0.1026,1,0.0197,1.208,42.8981,UNIONBANK,2022-02-02,0,-17.4726
5.6352,23,3.2567,0.9259,66.0275,9.351,2.079,0.0424,1,0.0476,0.8847,3.6678,UNIONBANK,2023-07-03,0,18.2749
11.7667,0,2.635,0.9257,68.0325,12.6075,3.4311,0.1252,0,-0.0064,1.5484,51.9305,UNIONBANK,2023-11-13,0,-0.3612
9.5013,13,1.6252,0.9263,67.7435,8.4413,3.9197,0.155,1,0.0253,1.5831,66.2105,UNIONBANK,2024-03-05,0,-12.038
5.2291,17,1.6414,0.8932,59.1359,8.5678,2.8359,0.01,1,0.0443,0.7373,-2.1799,UNIONBANK,2024-09-23,0,-9.3864
7.8553,13,2.7409,0.9258,65.5126,11.1663,3.0433,0.0727,0,-0.0068,0.724,-6.289,UNIONBANK,2024-12-03,0,-6.1444
3.692,14,2.1046,0.7232,58.4142,8.7748,2.5664,0.0484,1,0.0356,1.0681,-4.3858,UNIONBANK,2025-10-20,0,3.681
7.6687,22,4.8957,0.6357,64.0366,9.1961,2.9456,0.0903,1,0.0226,1.1582,7.6073,UNIONBANK,2025-10-31,0,-1.1899
6.0607,34,2.8762,0.885,69.8483,8.4657,1.802,0.0688,1,0.0112,1.0635,22.0385,UNIONBANK,2026-01-05,0,10.9474
5.2918,24,3.7232,0.9163,68.4664,19.1603,2.926,0.0624,0,-0.0088,1.0,0.0,UNITDSPR,2016-09-30,0,-5.347
8.6588,7,4.3277,0.7106,66.2284,16.5595,2.8292,0.0277,1,0.03,0.9495,13.7725,UNITDSPR,2017-05-11,0,-7.227
5.7678,19,1.9996,0.8076,60.307,8.1824,2.6956,0.0426,1,0.0078,0.9561,9.0459,UNITDSPR,2018-06-26,0,-11.2393
5.9756,2,2.0381,0.9329,68.2617,9.5187,2.7986,0.1852,1,0.0251,0.9706,15.931,UNITDSPR,2018-11-30,0,-9.8882
5.0497,23,4.3663,0.6767,57.8354,13.6724,2.2414,0.0063,1,0.0465,0.8015,-10.8895,UNITDSPR,2020-11-05,0,3.8847
7.2534,27,3.1841,0.8301,68.7643,11.296,2.7075,0.0877,1,0.0793,0.7429,12.3022,UNITDSPR,2021-01-07,0,-3.1519
6.1403,166,5.4713,0.9413,64.6847,15.3225,2.4391,0.065,1,0.0291,1.0231,15.2668,UNITDSPR,2024-04-10,0,6.7779
7.6419,202,1.9617,0.8979,69.9606,13.7922,2.9826,0.1089,1,0.0087,1.0981,21.4176,UNITDSPR,2024-06-05,0,15.1962
3.5958,52,2.959,0.8889,64.3885,10.0414,2.1532,0.0461,0,-0.0021,1.2129,6.8704,UNITDSPR,2024-12-17,0,-1.3541
4.2144,78,1.9755,0.8621,63.3265,9.6013,1.8148,0.0422,1,0.0372,0.8336,-4.4543,UNITDSPR,2025-10-29,0,-0.3957
6.9595,28,3.3128,0.95,64.1402,18.1169,2.8618,0.0562,1,0.0409,1.5925,48.3436,UNOMINDA,2017-11-01,1,48.569
13.269,0,8.2285,0.8427,66.3138,17.9353,4.3069,0.0646,0,-0.0068,0.8343,4.2812,UNOMINDA,2019-02-20,0,0.768
8.073,11,3.5665,0.8062,68.943,10.3467,3.515,0.1605,1,0.0524,1.0984,13.3701,UNOMINDA,2019-04-16,0,-9.7043
8.8808,4,7.9043,0.9161,67.8746,18.1186,3.7384,0.0935,1,0.0588,0.8873,20.9682,UNOMINDA,2020-08-19,0,-4.8054
4.4256,19,3.1981,0.5553,60.574,9.5267,2.9308,0.015,1,0.0854,0.8951,13.3851,UNOMINDA,2020-11-10,1,61.4493
7.6184,48,3.0165,0.8265,63.6654,12.6523,3.4864,0.0629,1,0.0251,1.3025,43.6066,UNOMINDA,2021-05-18,0,21.6143
7.1668,41,2.4225,0.856,67.5729,12.4891,2.6924,0.0702,1,0.0474,1.1985,28.1362,UNOMINDA,2021-10-07,0,4.8456
5.4602,58,5.744,0.7436,65.7824,12.3928,2.8726,0.0649,1,0.0098,1.0575,30.3323,UNOMINDA,2023-08-16,0,-5.1884
6.9176,47,4.3526,0.8465,69.3302,11.8714,3.1525,0.0504,0,-0.0087,1.0869,8.6979,UNOMINDA,2023-11-09,0,0.2745
2.9581,16,1.7409,0.7478,63.6101,9.134,2.5137,0.0752,1,0.0069,1.0259,10.7763,UNOMINDA,2024-05-17,1,37.4008
10.8274,0,2.2921,0.8291,64.4,8.7817,4.037,0.0683,1,0.0037,1.5279,60.5295,UNOMINDA,2024-08-14,0,-7.0595
5.1678,25,2.5278,0.5362,58.8091,8.3835,3.7412,0.0534,0,-0.0276,1.1745,-0.4221,UNOMINDA,2025-01-16,0,-12.9643
7.0656,3,3.0573,0.9154,62.8665,15.3404,2.7964,0.0376,1,0.0141,1.3427,19.4693,UNOMINDA,2025-11-10,0,-7.8287
4.0356,47,2.777,0.6102,68.0824,10.5002,2.2534,0.0571,1,0.0122,1.0504,13.2109,UPL,2017-04-18,0,2.8846
8.0047,10,1.8798,0.8947,65.7299,10.1413,3.7732,0.1433,1,0.0464,0.8744,27.9534,UPL,2021-02-25,1,38.7521
10.453,0,2.7513,0.8717,66.4708,10.7962,3.2765,0.0995,1,0.0141,1.3289,50.1113,UPL,2021-05-10,0,17.7311
6.8352,76,2.8972,0.9255,63.6839,11.5757,1.861,0.0337,1,0.027,0.7798,-7.5905,UPL,2023-09-14,0,-5.7396
7.0606,15,2.1615,0.9355,69.0048,9.0269,1.6363,0.0365,1,0.0646,0.7869,-2.1227,UPL,2023-12-11,0,-5.1997
8.9825,18,5.9649,0.8429,66.1247,9.9458,2.9181,0.1081,0,-0.0084,0.8444,-8.4191,UPL,2024-05-13,0,-8.2193
7.9102,50,2.5137,0.8216,68.6259,8.0402,2.206,0.0764,1,0.0038,1.1815,11.3305,UPL,2025-07-17,0,-2.3292
4.4594,54,2.9625,0.809,61.881,11.5315,1.8879,0.0185,1,0.0337,0.9936,11.0896,UPL,2025-10-28,0,7.2141
3.7911,21,1.587,0.9089,63.7439,10.0808,2.1883,0.061,1,0.0122,1.1704,11.9432,UPL,2025-12-22,0,-2.6427
4.3998,8,3.9807,0.7199,60.491,9.185,2.3377,0.0594,0,-0.006,0.9868,-13.5715,UPL,2026-05-11,0,-7.6781
17.1669,0,7.4175,1.0,67.3366,18.4407,5.6777,0.0999,1,0.005,1.0,0.0,USHAMART,2016-10-05,0,-10.4938
10.6394,0,3.9752,0.875,66.6287,10.5786,4.1446,0.0979,1,0.0394,1.4753,39.6552,USHAMART,2017-04-06,0,-11.4646
9.4255,3,4.2918,0.5758,60.4804,9.4188,4.329,0.0294,1,0.0188,1.0725,4.7619,USHAMART,2017-06-16,0,-4.65
10.9688,0,6.8776,0.8333,62.1237,19.7198,5.0,0.1442,1,0.0068,1.0194,-1.9231,USHAMART,2018-05-22,0,-17.0436
11.3703,0,5.5657,0.8833,67.9278,10.7569,5.6172,0.1482,1,0.0564,1.168,25.8656,USHAMART,2018-08-28,0,-7.088
11.2486,0,6.7264,0.4138,68.6587,13.2881,4.8989,0.1593,1,0.0605,0.86,62.8906,USHAMART,2020-08-07,0,15.3256
9.6826,5,4.2335,0.641,68.4327,8.4238,5.045,0.203,1,0.0899,1.0937,37.1703,USHAMART,2020-12-15,0,4.7586
9.8689,12,2.8704,0.8073,65.6627,10.8324,3.8911,0.0837,1,0.0325,1.5489,44.0678,USHAMART,2022-01-11,0,-14.4427
9.0987,12,6.6627,0.7136,66.8313,19.3306,3.8515,0.098,1,0.0175,1.1793,-2.053,USHAMART,2022-12-19,0,15.6733
10.0413,0,2.5462,0.9494,62.8419,8.0514,3.9723,0.0693,0,-0.0054,1.3885,46.2056,USHAMART,2023-03-08,1,29.9899
7.2114,18,3.3937,0.6543,65.8036,10.0591,3.5961,0.1314,1,0.0418,1.6176,56.1552,USHAMART,2023-05-04,1,47.5374
4.3994,7,2.147,0.6958,66.0024,8.904,2.5783,0.1226,1,0.0004,1.7083,62.8473,USHAMART,2023-08-18,0,-3.2499
7.059,8,1.6109,0.8394,59.3803,9.5023,3.6014,0.0388,1,0.0518,0.9888,-6.6628,USHAMART,2024-01-11,0,-5.0131
10.7113,0,4.96,0.8102,64.249,14.357,4.1745,0.0885,1,0.0351,0.9707,-3.2945,USHAMART,2024-01-19,0,-12.2731
9.5516,9,7.4677,0.8344,66.2235,13.3734,3.5154,0.0633,1,0.0603,0.8336,-8.8967,USHAMART,2025-05-19,0,6.5232
5.2897,18,8.0109,0.752,64.4554,15.9156,3.0127,0.0694,1,0.0192,0.841,1.2502,USHAMART,2025-06-24,0,7.7544
6.8432,4,6.9365,0.7746,69.5474,10.9811,3.1363,0.0898,1,0.0139,1.19,38.47,USHAMART,2025-09-16,0,5.335
5.3686,11,4.4128,0.8145,65.202,16.1611,2.1071,0.0,1,0.0897,1.0,0.0,UTIAMC,2020-11-23,0,-2.3042
4.2911,19,6.0033,0.6195,67.5036,12.7817,2.1981,0.0775,1,0.0747,1.0,0.0,UTIAMC,2021-01-15,0,-1.816
6.8987,3,6.5025,0.9169,63.8222,20.5931,2.6427,0.0255,1,0.0452,1.0038,17.9332,UTIAMC,2022-11-25,0,5.3142
6.5455,27,2.0185,0.8966,67.0141,10.2068,2.4064,0.0624,1,0.0468,0.9414,-12.9184,UTIAMC,2023-05-30,0,11.007
5.9606,125,12.4693,0.1418,60.792,8.1871,3.4391,0.0616,1,0.0206,1.0105,15.1169,UTIAMC,2024-01-30,0,-5.8292
4.4826,25,2.5268,0.6447,62.4316,9.1412,2.4678,0.0549,1,0.0168,1.0274,10.9781,UTIAMC,2024-06-06,0,7.9446
8.3561,13,6.5129,0.8926,67.1461,14.6428,3.5704,0.1185,0,-0.0043,1.3762,44.6691,UTIAMC,2024-10-16,0,-13.0189
10.1825,0,2.8295,0.5824,57.5815,11.3115,5.016,0.0477,0,-0.0308,1.3156,32.9801,UTIAMC,2024-10-30,0,-0.9002
10.5812,0,2.9929,0.9015,62.9905,11.2251,3.8751,0.0305,1,0.0166,0.9224,-17.8129,UTIAMC,2025-03-21,0,-11.6987
5.8914,35,2.5689,0.7687,64.0552,8.9253,2.2498,0.035,1,0.0129,1.3459,33.0954,UTIAMC,2025-09-22,0,-7.2823
6.449,12,3.335,0.8362,58.3347,9.6344,3.6072,0.0115,0,-0.0093,0.8143,-12.3154,UTIAMC,2026-04-15,0,-7.5346
11.2374,0,5.8132,0.6284,67.222,12.0503,3.7377,0.0441,1,0.0354,1.0,-8.1329,VBL,2017-03-31,1,25.3839
7.4641,38,5.5021,0.8757,66.9113,11.6859,3.0876,0.0569,1,0.0048,1.2094,26.9795,VBL,2017-08-18,0,-9.0729
10.3103,0,2.1329,0.7165,60.4291,25.5956,3.7845,0.014,1,0.0484,1.0682,23.3467,VBL,2018-07-31,0,-0.3338
6.9032,11,2.2016,0.6185,64.3456,16.7532,3.6036,0.0407,0,-0.073,1.3219,5.6529,VBL,2018-10-30,0,-10.2463
13.6983,0,2.1946,0.8622,68.9779,8.4763,4.4404,0.1448,1,0.0748,1.2087,-11.2123,VBL,2020-06-18,0,1.4674
4.6618,27,5.0265,0.9341,58.4493,11.9395,2.4512,-0.0025,1,0.0465,0.8524,1.4293,VBL,2020-11-05,1,26.6695
6.8251,27,3.8182,0.6996,58.4884,8.9504,3.1498,0.0165,1,0.0411,1.0065,3.0542,VBL,2022-01-12,0,-4.3208
9.4526,3,9.1579,0.5708,65.2353,11.3762,4.3557,0.1372,1,0.056,1.5727,42.5177,VBL,2022-11-30,0,-3.1996
4.4419,45,2.0045,0.8363,64.0073,11.8981,2.1044,0.042,1,0.0098,1.1933,22.5654,VBL,2023-08-11,0,6.8061
7.4547,41,2.104,0.8571,67.5467,9.6137,3.0504,0.0757,0,-0.0079,1.2412,24.1758,VBL,2023-11-07,0,19.2196
5.0373,11,2.9653,0.5476,57.7885,8.7291,2.4255,0.0459,0,-0.0228,1.0033,7.8456,VBL,2024-12-30,0,-5.5432
10.3223,0,2.9248,0.9279,67.9355,10.3691,2.3619,0.0852,0,-0.0093,0.8986,1.1571,VBL,2025-07-29,0,-5.9301
8.9727,26,7.1154,0.8662,68.4924,21.3132,2.4754,0.0538,1,0.0372,0.8876,10.5371,VBL,2025-10-29,0,-10.5182
7.3107,7,1.7602,0.9421,61.4988,10.5342,3.7655,0.1031,1,0.0471,1.542,34.3711,VEDL,2017-02-16,0,-1.6902
4.8145,7,2.1254,0.7048,61.7218,11.2356,3.0776,0.0932,1,0.0623,1.1262,7.4444,VEDL,2018-01-23,0,-9.4685
8.2787,16,2.3796,0.8925,62.8882,11.5809,3.395,0.0616,1,0.0192,0.9697,18.8094,VEDL,2018-04-19,0,-8.7969
5.9356,27,2.1486,0.7745,63.9004,9.8353,3.7008,0.0875,0,-0.0257,0.7814,-12.7821,VEDL,2018-09-26,0,-10.9117
7.0357,19,4.0695,0.8867,64.1719,11.3951,3.0034,0.0756,1,0.0063,1.5765,28.3808,VEDL,2021-07-29,0,1.5712
12.1772,0,8.924,0.7265,62.065,8.3956,4.4638,0.1312,0,-0.0197,1.1904,39.1235,VEDL,2021-11-23,0,-4.9057
12.196,0,2.9992,0.5541,55.5608,9.0784,4.3994,-0.0604,1,0.0303,0.9664,-27.4177,VEDL,2022-07-20,0,18.2817
2.222,55,1.7774,0.7974,62.9526,12.4898,1.3654,0.035,1,0.0455,0.9849,17.3592,VEDL,2023-07-14,0,-4.7035
11.6862,0,2.4725,0.938,67.6565,8.0851,2.5834,0.074,0,-0.0073,0.8957,-11.8123,VEDL,2023-11-10,0,18.2421
11.5901,0,2.1953,0.7687,64.8198,8.7226,3.5368,0.0682,1,0.0729,0.6989,-13.266,VIJAYA,2022-08-01,0,6.4598
11.8062,0,15.3006,0.8291,67.6812,24.0114,4.3479,0.1054,0,-0.0353,1.0516,-2.1086,VIJAYA,2023-03-27,0,-15.9471
6.0306,17,6.6864,0.7938,69.5368,9.5959,3.2553,0.102,1,0.0225,1.0281,20.772,VIJAYA,2023-08-09,0,-7.0009
7.9494,16,11.1556,0.3217,56.2351,14.1379,4.3286,0.0354,1,0.0279,1.3184,46.2244,VIJAYA,2024-02-07,0,-9.6111
7.6539,14,10.816,0.8836,65.624,13.2531,3.6935,0.1148,0,-0.0152,1.1022,13.9413,VIJAYA,2024-05-09,0,11.4344
7.446,23,10.3822,0.6562,62.3232,10.5187,3.1751,0.0585,1,0.0589,1.069,24.6909,VIJAYA,2024-07-09,0,16.4835
5.8086,13,7.4932,0.7311,63.035,18.1837,3.8955,0.107,1,0.0332,1.2991,22.9819,VIJAYA,2024-09-30,0,-4.3467
10.5694,0,6.0422,0.8486,68.3427,9.8177,4.7108,0.1257,0,-0.0163,1.5875,35.4236,VIJAYA,2025-01-07,0,-12.7505
4.7255,18,1.7688,0.8776,61.3669,8.0185,2.5463,0.0229,1,0.0358,0.8857,-7.4038,VIJAYA,2025-06-26,0,-1.2456
11.4917,0,4.7709,0.8045,69.5245,8.4925,3.8003,0.1604,0,-0.0148,1.0915,6.923,VIJAYA,2025-07-28,0,-12.5181
5.9841,78,13.6796,0.7037,66.2629,20.3563,3.0661,0.0687,1,0.0164,1.0585,-3.4763,VIJAYA,2025-12-04,0,-9.8178
10.7895,0,2.2032,0.8288,59.5014,8.9688,4.4595,0.0,0,-0.0138,1.0,0.0,VMM,2025-02-01,0,-9.4327
15.4262,0,3.1087,0.8725,68.6426,9.0548,4.7853,0.0,0,-0.0019,1.0,0.0,VMM,2025-02-04,0,-17.24
6.4203,17,1.8962,0.5432,58.8232,8.0963,3.028,0.023,1,0.0144,1.0,0.0,VMM,2025-04-02,0,-9.522
10.6108,0,7.0697,1.0,68.4218,16.1986,3.1524,0.1305,1,0.0538,1.0,0.0,VMM,2025-04-30,0,-0.3967
4.1951,18,1.7989,0.7727,55.6012,11.2716,2.5696,-0.009,1,0.005,1.0302,-0.6762,VMM,2025-12-19,0,-7.1149
6.5397,20,4.6078,0.6969,57.8548,8.6576,2.6459,0.0017,0,-0.009,0.8208,-14.0807,VMM,2026-02-26,0,-2.4834
6.8687,13,1.6563,0.6537,57.2391,8.6628,3.1641,-0.0092,0,-0.0187,1.0684,-9.8813,VOLTAS,2016-12-29,0,-0.1245
7.8193,43,8.5895,0.8448,65.4517,22.6135,2.758,0.0866,1,0.0129,1.2648,29.6458,VOLTAS,2017-05-24,0,1.7018
6.4479,16,1.9878,0.9152,67.4474,10.9473,2.4375,0.0999,1,0.0205,1.3156,33.0001,VOLTAS,2017-09-12,0,-8.6687
5.6292,22,1.9633,0.6883,61.4827,8.4477,2.5119,0.0576,1,0.0211,1.184,4.6105,VOLTAS,2018-04-23,0,-7.8358
2.7849,61,2.0938,0.836,59.2349,9.0705,2.2565,0.0109,1,0.0104,1.0163,-1.6345,VOLTAS,2019-02-01,0,-9.3362
6.5922,79,2.6358,0.8638,68.8534,11.5826,2.5556,0.0496,0,-0.0027,0.973,11.7125,VOLTAS,2019-02-28,0,3.9328
6.7505,13,1.9894,0.9446,61.8043,11.128,3.1571,0.03,1,0.0201,1.0192,15.0313,VOLTAS,2019-06-07,0,-4.6993
6.4636,36,2.5839,0.8954,66.8338,14.3582,2.5913,0.101,1,0.0144,1.1219,15.8265,VOLTAS,2019-09-20,0,-3.0771
6.0719,16,2.2733,0.8897,66.7613,13.4196,3.0568,0.0732,0,-0.0015,1.1009,7.9591,VOLTAS,2020-02-19,0,-10.0265
5.9405,16,2.1332,0.837,61.7059,10.2991,2.9514,0.0965,1,0.0916,0.943,-16.0699,VOLTAS,2020-07-17,0,17.6736
8.6769,2,2.0595,0.6717,63.3552,8.8294,2.5653,0.0753,1,0.0651,0.9602,31.5863,VOLTAS,2020-08-11,0,19.9539
5.5092,6,3.3754,0.6237,68.295,8.5342,3.1187,0.1199,1,0.0212,0.916,51.2094,VOLTAS,2020-09-14,0,16.7016
8.8274,3,2.2057,0.7392,67.0214,8.3618,2.9679,0.129,1,0.0826,1.113,36.3192,VOLTAS,2020-11-27,0,-4.3151
8.9354,27,1.6522,0.7162,60.5733,9.0623,4.008,0.0407,0,-0.0172,1.0558,4.1556,VOLTAS,2022-03-16,0,-6.5579
5.4378,31,3.1362,0.8929,62.871,12.4361,2.5732,0.0545,1,0.0157,0.8951,-9.8025,VOLTAS,2022-07-18,0,-6.4981
4.2871,54,2.119,0.8942,64.2642,8.0559,2.0528,0.0296,1,0.0625,0.9645,13.2092,VOLTAS,2023-12-07,0,23.4289
8.3274,6,4.7169,0.9256,65.832,11.3519,3.6625,0.1666,1,0.0283,1.3036,22.2384,VOLTAS,2024-01-31,0,-5.3639
7.6126,31,8.2206,0.8854,63.4586,23.5593,3.326,0.0721,1,0.0142,1.391,43.9287,VOLTAS,2024-08-12,0,13.804
8.2024,76,4.9849,0.3045,56.7492,17.3742,3.1797,0.0179,0,-0.0056,0.9674,4.771,VOLTAS,2025-08-18,0,0.6059
5.7972,31,2.1869,0.7133,62.3311,9.1838,2.3698,0.0418,1,0.0145,1.0095,5.6902,VOLTAS,2026-01-02,0,-3.3494
5.2413,19,10.8912,0.1187,56.1429,20.1121,3.7996,-0.0048,1,0.0141,1.0,0.0,VTL,2016-09-21,0,3.1368
6.7445,75,1.5897,0.891,63.5304,23.3526,3.2499,0.0593,1,0.0241,0.9256,-1.7753,VTL,2018-12-31,0,-7.7854
8.8916,11,3.5995,0.9129,64.721,12.9541,4.0116,0.0978,0,-0.0243,1.3833,17.3346,VTL,2021-12-14,0,18.5811
11.3734,0,8.3381,0.7709,61.9044,19.7973,3.9422,0.0682,1,0.0157,0.6406,-41.0614,VTL,2022-07-18,0,9.7724
7.3639,4,4.8231,0.7108,66.2356,11.3874,3.2601,0.1587,1,0.0796,0.6243,-24.7582,VTL,2022-08-19,0,-1.2081
8.6376,31,6.961,0.9372,67.4565,17.4879,3.5589,0.0755,1,0.0283,1.09,8.3312,VTL,2024-01-31,0,-7.8387
10.164,0,2.5928,0.8527,65.0901,8.3007,3.125,0.0703,0,-0.0149,1.0291,-3.983,VTL,2024-12-02,0,0.3944
6.717,20,16.4471,0.3906,64.7565,15.9081,2.6675,0.0601,1,0.0352,0.8502,-8.2273,VTL,2025-10-23,0,-0.3459
7.0549,53,14.446,0.4112,56.9548,12.5034,4.1625,0.0021,0,-0.0215,0.9354,1.4668,VTL,2026-01-30,1,37.0522
6.6454,3,3.9562,0.8097,65.3537,8.7698,3.5356,0.1508,0,-0.0671,1.3837,29.0274,VTL,2026-03-17,0,4.5343
10.4903,0,3.4257,0.9197,65.16,8.7911,4.2601,0.1156,1,0.0313,1.05,43.087,WAAREEENER,2025-06-30,0,-7.1869
4.9157,65,8.2811,0.5538,63.6043,19.8578,3.344,0.0417,1,0.0212,1.159,9.6916,WELCORP,2017-05-08,1,42.301
9.2795,2,2.832,0.887,61.4521,8.026,3.5288,0.059,1,0.0355,1.5443,47.2726,WELCORP,2017-10-26,0,-8.0
8.5318,12,4.3458,0.141,65.0531,8.1694,3.6708,0.039,1,0.0225,1.2706,16.4957,WELCORP,2017-12-26,0,8.5724
4.7033,12,3.7866,0.6974,63.9925,11.076,2.9096,0.0642,1,0.0134,0.9262,51.5979,WELCORP,2019-07-01,0,-11.2268
6.7177,24,2.9813,0.8327,59.9833,14.6488,3.0268,0.0318,1,0.0252,0.9807,20.3892,WELCORP,2019-12-30,1,31.7637
5.7764,9,3.1746,0.8699,58.4619,12.0202,3.0542,0.0179,1,0.0464,0.8898,13.9454,WELCORP,2021-02-25,0,16.4341
8.6045,7,2.9057,0.8182,69.7964,9.1925,4.0466,0.1389,1,0.0055,0.9779,36.5153,WELCORP,2021-04-01,0,-3.367
7.0542,19,3.454,0.596,62.4473,9.46,3.8132,0.0807,1,0.0595,1.0273,16.4798,WELCORP,2021-06-07,0,-10.8138
9.859,3,5.6504,0.7219,64.7703,9.251,3.4993,0.066,1,0.0227,0.9908,18.1749,WELCORP,2021-07-13,0,-9.8381
11.2416,0,2.6802,0.9261,60.8961,9.5226,4.1399,0.0072,1,0.01,1.3449,2.6662,WELCORP,2022-03-29,0,10.3914
8.7957,3,5.9438,0.9199,65.1183,11.595,3.644,0.1082,1,0.0168,1.2659,13.6526,WELCORP,2024-05-02,0,-9.0787
6.6357,9,3.6737,0.9243,67.5392,8.5617,4.3802,0.1742,1,0.0142,1.0625,36.4294,WELCORP,2024-08-12,0,-3.3001
8.9407,12,3.2063,0.9065,64.6525,8.9278,4.5645,0.1718,1,0.018,1.1344,27.0075,WELCORP,2024-08-16,0,-5.3441
6.6014,17,3.8994,0.8257,61.012,8.1353,2.9005,0.0251,1,0.0371,1.0658,11.2836,WELCORP,2025-05-28,0,3.1207
7.5727,57,3.7594,0.9763,62.6541,10.6276,2.8833,0.0379,1,0.0069,1.0148,24.0197,WELCORP,2025-09-15,0,-9.6216
9.0519,3,2.2544,0.7454,58.9657,11.5866,3.9684,0.0215,0,-0.0046,0.8681,-8.3678,WELCORP,2026-02-03,0,-5.5464
10.5046,0,3.5563,0.7671,64.3268,19.0125,3.4245,0.0676,0,-0.0096,1.0,0.0,WELSPUNLIV,2016-11-01,0,-9.679
11.4145,0,2.1435,0.8333,65.5222,8.1518,5.302,0.1761,0,-0.0336,1.0,-33.9184,WELSPUNLIV,2016-11-30,0,-11.5156
5.4069,21,2.8163,0.6972,57.7371,17.6402,3.0906,-0.0089,1,0.0149,1.0114,-6.3148,WELSPUNLIV,2017-07-07,0,-5.3129
8.2652,6,6.7231,0.7568,62.4667,15.3858,3.834,0.0168,1,0.0443,0.7915,-2.4882,WELSPUNLIV,2018-07-27,0,9.2845
8.0638,5,5.2644,0.8,61.9536,8.7945,3.7438,0.0202,1,0.0272,0.8312,-5.3061,WELSPUNLIV,2019-05-24,0,-5.2595
10.8991,0,3.1299,0.8778,67.9769,13.2751,3.9696,0.106,1,0.0436,0.9186,11.1781,WELSPUNLIV,2019-09-23,0,-12.4891
6.4789,17,6.9879,0.7778,62.9195,9.6838,3.9036,0.0259,1,0.0216,0.8702,2.0548,WELSPUNLIV,2020-01-17,0,-14.5619
5.757,11,2.0547,1.0,59.2725,9.1454,3.5891,0.0273,1,0.0934,1.5134,61.4416,WELSPUNLIV,2020-12-11,0,-9.6858
9.0474,20,5.7151,0.6216,63.4835,8.6226,4.5312,0.0927,1,0.0358,1.0185,0.9377,WELSPUNLIV,2021-03-04,0,21.9416
9.1881,4,6.0105,0.873,62.9441,12.9509,4.127,0.1193,1,0.0734,1.7069,66.9205,WELSPUNLIV,2021-09-06,0,5.9777
5.6081,30,2.4982,0.811,62.745,11.0189,3.2034,0.0508,0,-0.02,1.4549,19.2077,WELSPUNLIV,2021-12-28,0,-8.89
8.7965,35,3.4366,0.756,69.7903,11.7132,3.3996,0.109,1,0.0175,1.3211,23.0016,WELSPUNLIV,2022-01-04,0,-12.4098
8.023,33,1.5771,0.9157,68.5978,8.0366,3.3499,0.0978,1,0.0893,0.6548,-18.4246,WELSPUNLIV,2022-08-16,0,-4.9624
7.8617,9,3.3249,0.8976,67.2209,14.2432,3.1674,0.1105,1,0.0535,0.6848,-0.3318,WELSPUNLIV,2022-09-12,0,-8.741
3.8995,27,6.4396,0.6218,59.98,14.9183,2.7558,0.0333,1,0.0441,1.0716,14.8678,WELSPUNLIV,2022-11-24,0,-6.2253
10.0585,0,2.5969,0.8,60.8568,8.5843,3.9085,0.0433,1,0.0015,0.9368,-11.6366,WELSPUNLIV,2023-04-05,0,22.9679
8.2934,34,7.9369,0.8512,66.5288,13.1542,3.3029,0.0951,1,0.0455,1.2934,50.7457,WELSPUNLIV,2023-07-14,0,9.0705
13.7294,0,5.8998,0.873,69.0746,8.459,2.9669,0.0972,1,0.004,1.1984,-6.3645,WELSPUNLIV,2024-12-09,0,-9.6766
10.0313,0,12.2654,0.7311,59.439,16.9556,3.1216,-0.012,1,0.0021,0.9353,1.6282,WELSPUNLIV,2025-09-10,0,-8.3282
10.3726,0,6.9443,0.184,61.462,8.2451,3.2386,0.0762,1,0.0352,0.927,-3.241,WELSPUNLIV,2025-10-23,0,0.558
11.311,0,11.9902,0.8825,67.0263,16.2333,3.6881,0.1667,1,0.0254,1.0723,4.1792,WELSPUNLIV,2025-11-28,0,-13.6671
3.0076,78,7.717,0.4241,62.6427,11.3357,2.5636,0.0377,1,0.0309,1.0029,-0.2215,WHIRLPOOL,2017-08-07,0,17.9117
4.6314,104,2.0679,0.9481,62.0849,8.6406,2.9537,0.0526,1,0.018,1.0687,2.6974,WHIRLPOOL,2017-09-14,0,5.9057
3.2282,83,6.7111,0.7641,64.779,14.5446,1.9117,0.0239,1,0.03,1.045,0.5971,WHIRLPOOL,2018-07-23,0,5.2119
10.6841,0,2.2642,0.7312,64.4688,10.612,3.3929,0.0965,1,0.0173,1.5696,57.9318,WHIRLPOOL,2019-12-26,0,-4.8024
7.9883,2,2.6629,0.759,69.0419,8.1325,3.4408,0.1642,1,0.0716,0.9403,20.6013,WHIRLPOOL,2021-01-21,0,-12.9201
3.7973,25,5.0579,0.7672,69.6181,8.7567,2.0068,0.0644,1,0.0096,1.1812,21.2884,WHIRLPOOL,2023-10-12,0,-6.8004
6.0833,18,1.9764,0.9297,66.2261,12.2846,2.6202,0.0375,1,0.0202,0.7106,-15.2895,WHIRLPOOL,2024-04-03,0,7.0645
6.1535,27,6.225,0.6907,66.5451,12.0713,3.4076,0.086,1,0.0306,1.5344,55.5462,WHIRLPOOL,2024-08-29,0,-8.7086
5.1785,122,1.69,0.8889,66.8213,9.0357,1.6137,0.0467,1,0.0245,1.0195,10.9576,WIPRO,2017-05-18,0,-0.4582
4.449,163,3.2615,0.2434,57.904,9.414,2.4639,0.0201,1,0.0343,0.9406,8.4977,WIPRO,2017-07-17,0,5.3124
9.433,3,2.1854,0.8861,69.0499,11.218,2.9813,0.1049,1,0.0311,1.1435,11.0386,WIPRO,2018-01-16,0,-9.8267
4.6067,42,1.5421,0.8023,63.6924,9.0989,1.7527,0.021,1,0.0218,0.8467,-7.582,WIPRO,2018-07-10,0,-2.614
4.8617,7,2.4529,0.897,61.1758,10.3878,2.074,0.0138,1,0.051,1.0458,17.3201,WIPRO,2019-04-09,0,0.8022
7.3049,21,2.7937,0.7612,65.0951,12.4044,3.2671,0.0874,1,0.0344,1.0488,-19.7369,WIPRO,2020-05-27,1,37.1007
4.2655,18,2.4141,0.6255,66.7417,11.082,2.5493,0.0835,1,0.0406,1.2398,57.4012,WIPRO,2020-09-03,0,20.6243
6.429,33,3.9778,0.8711,69.1646,10.7327,2.4288,0.1029,1,0.0736,1.3397,36.7441,WIPRO,2020-12-23,0,8.0799
11.5442,0,6.2126,0.8818,66.0979,13.1083,3.2715,0.1003,0,-0.0165,1.0955,30.5176,WIPRO,2021-04-16,0,14.9741
5.8547,24,4.3429,0.9576,64.6753,24.7939,1.8884,0.0516,1,0.0236,1.1512,30.5065,WIPRO,2021-07-14,0,15.4224
4.6079,30,6.7801,0.7753,61.3724,11.2648,2.3756,0.0238,0,-0.0417,1.1092,12.1739,WIPRO,2021-12-17,0,-0.6517
4.2906,14,2.3426,0.9193,55.7075,8.5162,1.853,-0.0105,1,0.0137,0.9891,-3.8495,WIPRO,2023-04-24,0,2.7433
5.5166,18,3.1935,0.625,60.8844,8.5366,1.9666,0.0139,1,0.0318,0.9807,-2.341,WIPRO,2023-04-28,0,-0.1093
5.3425,71,2.6856,0.9658,65.5421,10.5052,1.3244,0.0345,1,0.0455,0.9459,3.6066,WIPRO,2023-07-14,0,1.9275
6.7371,13,2.0292,0.782,62.0868,9.3347,1.5182,0.0123,1,0.0258,0.9404,-2.6246,WIPRO,2023-11-29,1,31.4999
8.28,18,2.1929,0.8858,66.7747,10.5671,1.8013,0.0498,1,0.0657,0.92,4.5829,WIPRO,2023-12-06,0,23.5367
7.1797,63,4.566,0.8978,64.7338,11.4159,2.4271,0.0465,1,0.0365,1.0366,3.3376,WIPRO,2024-06-07,0,6.6749
10.4856,0,6.1189,0.5748,60.7422,12.9243,3.6792,0.014,1,0.0175,1.0,0.0,WOCKPHARMA,2016-09-16,0,-9.9804
8.8061,20,5.809,0.4314,61.4891,15.6108,3.05,-0.0034,1,0.0051,0.7651,-13.1884,WOCKPHARMA,2017-01-06,0,-9.2215
12.0126,0,4.2116,0.8109,67.9679,12.4778,3.4059,0.1177,1,0.0509,0.9333,-11.659,WOCKPHARMA,2017-02-27,0,-6.874
4.5322,13,3.2527,0.8442,63.6704,15.4961,2.6418,0.0807,1,0.0407,0.8356,13.5548,WOCKPHARMA,2017-04-03,0,-7.9912
5.7528,26,3.341,0.7568,63.1478,12.2305,2.7366,0.077,1,0.0323,0.8379,4.7736,WOCKPHARMA,2017-10-27,1,28.6069
7.0816,10,3.363,0.8721,65.9157,12.4051,3.2317,0.1184,1,0.0103,1.1133,25.0539,WOCKPHARMA,2017-12-11,0,13.7788
8.5162,13,3.3311,0.9156,63.456,8.4758,3.4925,0.1188,1,0.0012,1.1188,27.128,WOCKPHARMA,2017-12-14,0,11.7074
8.4252,14,2.2347,0.9227,59.555,8.668,3.13,0.0379,1,0.0193,1.2365,15.4765,WOCKPHARMA,2018-04-20,0,-7.2816
7.4596,3,1.7504,0.4362,65.4506,11.1055,3.416,0.0548,1,0.0593,0.7589,-13.3911,WOCKPHARMA,2019-04-01,0,-9.0147
6.8472,19,2.2766,0.7175,59.1704,8.8344,3.1502,-0.0039,1,0.0245,0.6719,4.3895,WOCKPHARMA,2020-01-14,1,26.8281
10.3473,0,3.3256,0.8612,63.4967,13.2638,4.0005,0.0547,1,0.0474,0.8658,-26.1645,WOCKPHARMA,2021-10-07,0,-10.997
8.201,14,3.1995,0.8509,66.1468,11.5105,3.0638,0.0228,1,0.0716,0.6531,-25.136,WOCKPHARMA,2022-08-02,0,0.9362
5.0143,25,4.9419,0.5031,61.7081,17.1919,2.4188,0.0476,1,0.036,0.726,-19.0432,WOCKPHARMA,2023-06-06,1,29.9236
8.7837,10,4.2341,0.717,61.5297,11.4633,5.7303,0.1156,1,0.0226,1.7679,110.3627,WOCKPHARMA,2024-02-16,0,5.0539
7.9847,31,2.6926,1.0,58.3016,8.2974,4.1836,0.0268,1,0.0365,1.4184,35.4263,WOCKPHARMA,2024-06-07,1,30.2517
12.8265,0,4.7855,0.8775,65.473,12.5395,3.9924,0.0834,1,0.033,1.0689,7.093,WOCKPHARMA,2025-05-30,0,9.5129
7.4512,8,1.8129,0.7481,57.0242,9.0205,3.2846,-0.024,1,0.0021,1.0675,20.4742,WOCKPHARMA,2025-09-10,0,-10.9585
10.2415,0,12.0191,0.8956,55.6488,26.4007,4.2782,0.019,0,-0.0089,1.0631,18.4972,WOCKPHARMA,2025-09-29,0,-15.6231
11.4551,0,10.2914,0.9618,63.7976,30.6633,3.4715,0.0699,1,0.0237,0.9482,-15.0491,WOCKPHARMA,2025-12-01,0,-10.9906
6.1756,55,1.8132,0.8781,67.5894,9.9936,2.2402,0.0838,1,0.0313,1.1678,38.5758,YESBANK,2017-04-27,0,-6.5997
5.7194,33,3.5222,0.7531,69.1186,13.6262,2.0537,0.0692,1,0.0214,1.0127,-3.3284,YESBANK,2018-01-05,0,-3.2738
3.6038,34,2.6865,0.8238,61.893,11.6867,2.1645,0.0277,1,0.0044,1.0809,8.647,YESBANK,2018-07-05,0,4.8048
7.1372,7,2.3912,0.8312,58.2123,9.3864,3.6674,0.0349,1,0.0028,0.5316,-45.9986,YESBANK,2019-01-14,0,-4.6414
8.9465,8,4.0672,0.8929,69.7548,18.5164,2.6103,0.0622,1,0.0595,0.811,-12.7536,YESBANK,2021-06-07,0,-10.0658
9.7741,4,5.699,0.7778,67.2562,28.4666,3.5571,0.0212,1,0.063,0.6773,-10.1083,YESBANK,2021-09-14,0,-0.0794
9.9974,5,2.0082,0.8421,67.1453,8.2839,3.6713,0.1663,1,0.0463,0.8066,-0.6944,YESBANK,2021-10-21,0,-15.1203
7.0885,28,3.8342,0.4545,56.9148,10.8156,3.1897,0.0084,0,-0.0344,0.7982,0.3831,YESBANK,2021-12-07,0,-4.3774
9.5882,30,3.645,0.7895,69.5274,9.9896,3.4184,0.0752,0,-0.0145,0.88,8.9494,YESBANK,2021-12-09,0,-10.7746
4.2427,35,2.1775,0.6923,59.3757,9.9098,2.0913,0.0111,1,0.0082,1.0355,-0.7547,YESBANK,2022-07-11,0,21.4449
7.1965,6,2.4925,0.9,64.1357,19.2497,2.4453,0.0362,1,0.0087,1.0153,-4.5845,YESBANK,2023-04-18,0,2.6786
5.9135,29,3.6103,0.5714,66.531,10.7449,2.3028,0.0625,1,0.0344,0.9576,-7.967,YESBANK,2023-06-08,0,12.2388
2.1015,28,4.0377,0.7222,62.7762,18.3001,1.8938,0.0222,1,0.0003,0.8852,11.5756,YESBANK,2023-09-01,0,-3.467
10.4733,0,3.6159,0.7586,69.0107,16.5708,3.0243,0.0437,0,-0.0062,1.0601,10.8025,YESBANK,2023-11-08,1,69.4823
3.8279,12,1.9043,0.7164,55.8517,8.2019,1.6059,-0.0008,1,0.0085,1.095,25.4445,YESBANK,2025-07-15,0,-5.548
6.7361,46,2.8142,0.9559,64.8058,9.8988,2.2745,0.04,0,-0.0106,1.0876,14.5189,YESBANK,2025-09-03,0,8.9214
5.7184,8,2.4163,0.9109,66.2107,9.8616,2.4187,0.0,0,0.0,1.0,0.0,ZEEL,2016-08-29,0,-2.9129
7.947,4,2.7638,0.782,66.6084,8.5105,2.4359,0.0926,1,0.0505,1.0419,-6.1505,ZEEL,2017-01-25,0,7.0487
7.215,57,4.0548,0.743,56.0614,25.0233,2.5695,0.0115,1,0.0241,0.9101,3.9095,ZEEL,2017-10-24,0,-6.4262
3.8612,6,2.3227,0.8176,67.0771,11.3897,2.6161,0.0625,1,0.0185,1.0042,8.7137,ZEEL,2017-11-22,0,2.9955
6.6712,15,2.5335,0.804,64.9475,8.0579,3.2868,0.0655,1,0.009,0.8431,-6.1431,ZEEL,2018-11-28,0,-6.5133
7.3701,23,2.0254,0.7624,66.367,10.438,4.2948,0.1225,1,0.0608,1.2658,26.6423,ZEEL,2021-02-02,0,-12.5
6.3142,10,1.7696,0.7374,57.377,8.3442,3.7364,0.0029,1,0.031,0.8851,-9.5456,ZEEL,2021-05-24,0,3.69
8.8183,23,2.5613,0.8553,61.2279,8.9238,4.2453,0.1063,0,-0.0247,1.4701,58.1351,ZEEL,2021-11-24,0,-2.1424
8.2206,18,1.6384,0.8514,61.3333,8.7129,2.7727,0.0164,1,0.0375,0.7643,-10.3387,ZEEL,2023-06-05,0,-9.7939
10.349,0,5.9022,0.7975,62.9556,20.6261,3.0095,0.0394,1,0.0277,0.6946,6.3306,ZEEL,2024-08-27,0,-13.5276
8.1834,20,4.2497,0.3198,61.3747,8.5387,3.4818,0.0351,0,-0.0217,0.7978,-3.1665,ZEEL,2024-11-29,0,-1.6623
3.2082,22,2.01,0.6467,58.2613,8.7636,2.2445,0.0047,1,0.0129,1.0919,-3.5479,ZEEL,2025-09-22,0,-7.9067
8.6131,26,9.7942,0.8267,61.445,32.9785,3.6026,0.0263,0,-0.0223,1.0,0.0,ZENSARTECH,2016-11-02,0,-12.0278
5.8215,71,2.246,0.9248,68.8607,9.9524,2.1111,0.0417,1,0.0354,0.8383,-7.4352,ZENSARTECH,2017-10-30,0,3.072
5.0742,85,8.5364,0.3832,63.2656,12.7246,3.7233,0.0374,0,-0.034,1.223,8.0908,ZENSARTECH,2018-04-04,1,30.3871
5.1659,17,4.8392,0.3891,67.2697,11.1498,2.4946,0.1017,1,0.0358,0.9162,3.0265,ZENSARTECH,2019-05-02,0,-1.3659
4.6844,44,7.5364,0.3146,69.1798,8.9412,2.2593,0.0814,1,0.0264,1.0341,16.5985,ZENSARTECH,2019-06-11,0,-6.6769
8.7732,6,5.6163,0.4522,67.1564,13.3962,3.2133,0.0443,1,0.0184,0.7276,-12.3077,ZENSARTECH,2020-01-03,0,-4.9882
4.5687,18,3.8249,0.5965,60.8532,12.466,3.5664,0.0139,1,0.013,1.2865,19.7705,ZENSARTECH,2021-05-17,0,-1.6343
9.8583,25,4.9618,0.7027,68.4846,10.2399,4.0083,0.0765,1,0.0374,1.2235,25.3513,ZENSARTECH,2021-05-26,0,-6.3107
9.342,5,3.8882,0.913,67.1902,13.1649,3.7178,0.1049,1,0.0574,1.1809,27.1453,ZENSARTECH,2021-06-08,0,-8.0858
7.8533,13,2.2526,0.7796,65.6033,11.9745,3.2302,0.1522,0,-0.0085,1.7161,95.1392,ZENSARTECH,2023-08-31,0,-5.4878
5.3113,8,3.284,0.7008,58.9573,10.1735,3.4033,0.0467,1,0.0299,1.099,14.9526,ZENSARTECH,2024-02-06,0,-10.5445
9.0535,2,3.006,0.8801,64.0953,8.2109,3.1067,0.0503,1,0.0295,0.9604,22.363,ZENSARTECH,2024-03-07,0,-12.9891
9.3677,12,2.6828,0.8812,63.7623,14.794,4.5253,0.0973,1,0.0168,1.0979,20.1247,ZENSARTECH,2024-06-06,0,4.863
7.7048,5,4.7489,0.7287,65.7796,13.8004,3.2364,0.1441,1,0.0569,1.1723,41.2035,ZENSARTECH,2024-07-12,0,-9.0199
7.5111,16,1.7487,0.95,63.8194,12.2811,3.3235,0.0367,0,-0.0226,1.1385,0.9274,ZENSARTECH,2024-11-06,0,-0.5695
9.1311,25,11.6443,0.7324,65.5452,18.8532,4.4881,0.0992,0,-0.0278,1.1378,5.9568,ZENSARTECH,2025-01-23,0,-10.3966
8.961,23,2.1355,0.6753,60.556,8.2745,3.4297,0.0272,0,-0.0097,0.7692,-19.5326,ZENSARTECH,2026-04-16,0,-8.0823
10.0895,0,4.8029,0.8671,69.5307,9.6825,4.456,0.0914,1,0.0143,1.0,0.0,ZENTEC,2016-09-15,0,-18.0648
11.4574,0,6.2436,0.7172,63.2818,20.983,4.9497,0.0562,0,-0.0076,0.9022,-10.8967,ZENTEC,2016-12-30,0,-3.3807
9.7449,7,6.5842,0.7662,64.8103,15.565,5.0083,0.1597,1,0.0627,0.9714,5.3548,ZENTEC,2017-02-06,0,-20.3812
10.1599,0,2.8486,0.6556,56.4085,10.6289,4.449,0.0082,1,0.0212,0.7001,-13.4583,ZENTEC,2017-09-19,0,-14.3667
12.496,0,1.9778,0.7717,65.938,9.139,4.9053,0.0662,0,-0.0212,0.8293,-16.7818,ZENTEC,2019-09-12,0,-0.8445
10.9027,0,3.3539,0.8587,65.2238,8.0844,4.4741,0.1223,1,0.0575,0.8814,-2.9008,ZENTEC,2019-11-01,0,-19.2609
7.665,5,4.4613,0.7596,61.5075,11.1628,4.5721,0.0211,1,0.0184,0.8045,9.9058,ZENTEC,2020-01-03,0,-10.8966
11.0184,0,7.2295,0.75,68.9574,14.4762,5.1997,0.3121,1,0.072,1.1345,7.9782,ZENTEC,2020-07-14,1,25.2163
5.5632,32,6.0313,0.8644,61.159,22.9611,2.959,0.0201,1,0.0574,0.7974,-14.2055,ZENTEC,2021-06-08,0,-0.9494
7.1308,18,3.2567,0.9817,61.7498,8.813,2.9485,0.0536,1,0.0296,1.0384,5.0785,ZENTEC,2022-04-07,0,-10.5476
9.043,54,6.527,0.6421,56.6916,11.4455,3.9697,0.0125,0,-0.0137,0.9955,-0.8039,ZENTEC,2023-01-04,1,69.1919
8.7007,16,1.5485,1.0,58.9461,10.2328,3.2812,0.0251,1,0.0052,2.0844,78.5254,ZENTEC,2023-11-20,0,-8.6221
7.6779,24,4.6173,0.9943,66.4993,8.4828,3.2714,0.0991,1,0.0779,1.8084,-1.9783,ZENTEC,2023-12-27,0,-12.762
15.207,0,3.4158,0.8864,67.4021,8.9241,4.464,0.1302,1,0.0391,1.3468,33.3353,ZENTEC,2024-06-14,1,43.7661
6.2943,11,1.7713,0.769,60.2456,13.7553,4.3621,0.0394,0,-0.0026,1.5273,89.9167,ZENTEC,2024-10-09,0,-6.4242
5.2167,15,3.571,0.633,55.5948,11.066,3.677,-0.0028,1,0.0231,0.7728,-25.678,ZENTEC,2025-11-14,0,-9.9695
4.288,15,6.9255,0.7518,64.9138,12.4354,3.1265,0.0528,0,-0.0463,0.9413,1.4426,ZENTEC,2026-03-04,0,-10.165
6.6054,5,5.4708,0.9447,67.5963,15.2684,2.693,0.0,0,0.0,1.0,0.0,ZFCVINDIA,2016-07-28,0,-2.9119
2.5472,13,1.7421,0.7759,66.1356,8.0326,2.2439,0.065,1,0.0443,1.0,0.0,ZFCVINDIA,2016-09-08,0,-8.2943
3.3856,21,2.1917,0.553,59.5171,11.5592,2.5332,0.0454,1,0.0141,1.0,0.0,ZFCVINDIA,2016-09-21,0,-8.9014
6.87,19,6.634,0.6955,62.2436,31.5183,2.9882,0.0225,0,-0.0187,0.931,-14.6592,ZFCVINDIA,2016-12-29,0,13.96
5.3149,74,1.7819,0.6589,62.3741,10.4452,2.3951,0.0142,1,0.0328,0.874,-7.3712,ZFCVINDIA,2017-08-04,0,-6.9216
5.5095,98,2.5024,0.718,67.0497,9.0821,2.6464,0.0558,1,0.0129,0.9862,-1.0277,ZFCVINDIA,2017-09-11,0,19.5442
7.1788,19,2.971,0.798,68.8619,8.6788,3.1456,0.1234,1,0.0409,1.0139,17.5068,ZFCVINDIA,2017-11-01,0,15.0442
8.2712,25,1.8874,0.8178,61.6202,9.5267,3.6125,0.0859,1,0.0407,1.2973,32.0985,ZFCVINDIA,2018-01-18,0,-6.0934
5.8596,55,3.9742,0.7176,68.3511,19.4886,2.1669,0.0519,1,0.054,0.9128,-8.0778,ZFCVINDIA,2018-08-27,0,-7.9741
9.9715,16,2.822,0.8503,60.1631,8.5077,2.9815,0.0396,1,0.0027,0.8916,-0.2083,ZFCVINDIA,2018-11-19,0,-8.8401
8.362,22,4.6349,0.7942,62.508,13.6268,2.9865,0.0143,1,0.0011,1.0217,-1.4935,ZFCVINDIA,2019-02-26,0,-5.2843
11.0831,0,1.7179,0.7701,67.8698,10.6143,3.377,0.063,0,-0.0027,1.0045,3.1901,ZFCVINDIA,2019-02-28,0,-8.68
3.5312,44,4.4859,0.6272,63.0899,8.3926,1.9992,0.0246,1,0.0247,0.8697,0.9777,ZFCVINDIA,2019-05-29,0,-6.9465
1.4837,177,3.3378,0.7027,69.9991,8.5093,0.9647,0.0239,1,0.0265,1.0136,4.4822,ZFCVINDIA,2019-12-13,0,0.2516
4.7635,63,2.7473,0.4782,68.6661,20.2873,2.7636,0.047,1,0.0214,1.0718,16.3758,ZFCVINDIA,2020-09-07,0,-10.9861
8.2048,7,6.4269,0.856,65.0647,39.9162,2.6302,-0.0146,1,0.0966,0.5542,-21.9998,ZFCVINDIA,2020-11-17,0,-1.6356
6.93,41,4.6248,0.6071,68.3572,14.6012,2.5932,0.0461,1,0.0765,0.624,3.5869,ZFCVINDIA,2021-02-11,0,-4.1746
9.6519,11,2.7509,0.4192,58.3278,23.4048,4.4944,0.0867,0,-0.0174,0.8108,32.878,ZFCVINDIA,2021-03-26,0,16.8634
9.2367,2,7.9007,0.8473,67.274,13.9726,3.7767,0.1082,1,0.0251,1.2434,27.0491,ZFCVINDIA,2021-05-18,0,3.4412
5.2845,63,2.1307,0.439,63.6437,10.1175,3.0511,0.0597,1,0.0325,1.2455,17.4341,ZFCVINDIA,2021-08-12,0,-8.2266
9.3038,5,3.2199,0.2898,57.9096,9.8833,3.7492,0.0056,0,-0.0287,0.9968,0.4321,ZFCVINDIA,2022-06-30,1,28.1463
3.2922,32,1.8984,0.4251,55.1579,10.4544,2.5666,0.0157,1,0.0087,0.9352,9.5861,ZFCVINDIA,2023-04-18,0,19.1995
4.832,6,1.7287,0.7032,66.7274,13.9972,3.0473,0.0874,0,-0.0085,1.2044,34.6778,ZFCVINDIA,2023-08-31,0,10.18
9.0196,12,5.7127,0.9106,60.3593,19.9652,3.1842,0.0102,1,0.0059,0.8672,-2.472,ZFCVINDIA,2024-03-15,0,-8.4434
3.7221,57,2.4028,0.9063,65.8764,15.0997,2.1183,0.058,0,-0.0022,1.0,0.0,ZYDUSLIFE,2016-10-25,0,-7.169
6.3142,60,3.1176,0.8758,66.4067,13.0363,3.0517,0.0919,0,-0.0083,1.0,0.0,ZYDUSLIFE,2016-10-28,0,-9.1567
4.5327,14,1.6599,0.7867,63.4108,9.0916,2.5736,0.0812,1,0.0302,1.3338,23.8259,ZYDUSLIFE,2017-07-19,0,-7.4753
8.6185,17,2.5859,0.6509,64.7053,9.6073,3.1026,0.0347,1,0.0495,0.8263,-4.5701,ZYDUSLIFE,2019-03-15,0,-7.1573
4.6063,26,2.5256,0.8438,67.5888,8.2089,2.1386,0.063,1,0.0225,1.089,17.3507,ZYDUSLIFE,2020-01-16,0,-6.2523
6.9509,33,3.6788,0.7238,66.3114,12.643,3.0758,0.0778,1,0.0654,1.5716,59.9412,ZYDUSLIFE,2020-07-31,0,-7.5555
6.2983,6,5.2013,0.451,60.7146,12.8963,3.8705,0.0908,1,0.0218,1.0669,19.3482,ZYDUSLIFE,2020-11-03,0,1.2232
6.7243,19,1.941,0.8285,60.69,10.088,2.8728,0.016,0,-0.0072,0.8573,5.4638,ZYDUSLIFE,2021-04-06,1,32.8418
8.2215,33,2.0164,0.9218,67.4819,9.3811,2.4907,0.0764,1,0.0822,0.9376,8.4748,ZYDUSLIFE,2022-08-11,0,-4.4612
5.7497,19,5.8423,0.7604,60.3442,9.6019,2.5252,0.0393,0,-0.034,1.1274,6.3704,ZYDUSLIFE,2022-09-29,0,8.8007
4.2738,11,3.3417,0.7389,60.989,9.2066,1.809,0.0149,1,0.003,1.055,15.7317,ZYDUSLIFE,2022-12-21,0,-1.0258
7.0668,43,4.942,0.7851,69.9053,17.7658,2.8752,0.1063,0,-0.0224,1.2617,30.4704,ZYDUSLIFE,2023-02-06,0,11.644
4.3568,72,2.389,0.9331,64.3,8.6555,1.9925,0.041,1,0.0335,1.2936,23.3577,ZYDUSLIFE,2023-06-14,0,16.3043
6.4277,59,3.8313,0.7552,68.0936,13.1084,2.1056,0.0313,0,-0.0062,1.1309,8.3405,ZYDUSLIFE,2023-11-08,1,27.2313
4.569,5,2.1092,0.9332,69.4505,10.1891,1.8874,0.0824,1,0.0625,1.1465,6.6375,ZYDUSLIFE,2023-12-07,1,44.095
3.3097,82,3.1723,0.7018,57.3145,12.0153,2.3341,0.0271,0,-0.0163,0.889,-12.075,ZYDUSLIFE,2025-01-07,0,-8.5867
7.01,87,2.7967,0.8355,68.0735,9.7701,2.3478,0.057,0,-0.002,1.0663,25.8814,ZYDUSLIFE,2025-08-25,0,-2.1803
4.3052,201,3.2408,0.7994,59.3529,14.0135,2.1492,0.0161,1,0.0017,0.9289,-6.9197,ZYDUSLIFE,2026-02-09,0,-3.4783
3.2358,77,7.6562,0.4138,58.4011,17.2204,2.8094,0.0204,0,-0.0284,1.0,-0.3776,ZYDUSWELL,2016-12-28,0,-4.8046
2.8795,99,6.1668,0.5094,65.4188,9.1571,2.184,0.0339,1,0.0512,1.1071,-1.347,ZYDUSWELL,2017-01-30,0,-5.3655
2.7915,137,3.6557,0.6164,65.9243,13.8627,1.6726,0.0373,1,0.0278,0.9796,6.1008,ZYDUSWELL,2017-03-27,0,-4.7057
7.2191,16,4.4034,0.7455,67.6063,18.2089,2.7257,0.073,1,0.0237,1.3934,39.0907,ZYDUSWELL,2018-04-24,0,-10.2762
4.6505,7,7.784,0.7178,65.2117,12.6003,3.3604,0.1059,1,0.0441,1.456,31.5015,ZYDUSWELL,2018-08-03,0,-1.5908
3.5737,139,1.5694,0.848,64.4789,13.791,2.2586,0.055,0,-0.0455,1.0986,9.5934,ZYDUSWELL,2019-07-29,0,14.3818
6.6041,35,2.5285,0.7542,67.246,13.9437,2.3159,0.0642,0,-0.0004,1.0754,-10.8161,ZYDUSWELL,2020-01-27,0,-8.0544
3.8658,45,2.3975,0.783,66.3838,11.8597,2.4309,0.0319,0,-0.015,0.8849,11.0572,ZYDUSWELL,2021-03-24,0,1.1394
3.9635,49,1.8816,0.8851,64.4612,8.3475,2.1878,0.0275,1,0.0265,0.9638,13.6453,ZYDUSWELL,2021-07-01,0,10.6686
5.0071,87,6.3901,0.3532,62.68,8.9961,3.3131,0.0505,1,0.04,1.0695,8.7912,ZYDUSWELL,2021-08-26,0,-3.7497
5.6437,23,2.9826,0.8728,64.8824,11.6061,2.4215,0.0315,0,-0.0287,0.9381,8.6417,ZYDUSWELL,2022-06-30,0,-3.4281
3.842,169,4.3392,0.7039,60.901,12.4273,2.424,0.0263,1,0.0203,0.9931,2.8106,ZYDUSWELL,2023-08-08,0,-0.7265
6.898,6,2.4207,0.8264,68.881,9.0524,2.459,0.0893,1,0.0001,0.9615,9.3569,ZYDUSWELL,2024-05-08,1,36.0436
5.5158,38,1.6424,0.7594,61.5171,11.8361,3.4216,0.0737,1,0.07,0.9013,-4.8116,ZYDUSWELL,2025-05-12,0,7.6448
5.9786,13,16.2911,0.489,66.7379,25.5978,2.7442,0.0186,1,0.0074,1.1048,14.1064,ZYDUSWELL,2025-12-31,0,-7.6272
