bbw_width_pct,days_in_squeeze,volume_multiple,close_high_ratio,rsi_absolute,rsi_delta,atr_pct,distance_from_50sma,nifty_trend,nifty_distance_from_50sma,relative_strength_125,prior_runup_90,symbol,signal_date,target,trade_pnl,source_batch,year_month,predicted_prob
7.6218,31,2.0553,0.8855,59.5912,11.4419,3.0968,0.041,1,0.0326,0.7805,-10.7072,HDFCAMC,2022-04-01,0,-7.2365,Nifty 50,2022-04,0.7364925
11.1399,9,2.4282,0.853,67.1328,11.152,4.1058,0.1049,1,0.0548,1.7806,51.6836,ADANIGREEN,2022-04-04,0,11.0178,Nifty 50,2022-04,0.5555731
5.1956,15,1.7263,0.9403,62.2019,8.4213,1.9217,0.021,1,0.0548,0.8169,-2.4752,RECLTD,2022-04-04,0,-4.8992,Nifty 50,2022-04,0.031378895
17.0112,3,1.789,0.9047,69.4906,15.8705,4.0788,0.0768,1,0.0548,0.8313,-11.2401,NGLFINE,2022-04-04,0,-12.1643,Batch 4,2022-04,0.06656539
10.5126,8,2.6753,0.9226,69.2928,12.0647,2.9198,0.0829,1,0.049,0.8922,-9.4138,HAVELLS,2022-04-05,0,-1.8365,Nifty 50,2022-04,0.15143758
11.4434,8,6.457,0.6734,66.9888,8.5924,4.3786,0.1065,1,0.0296,1.2755,-1.183,PARAS,2022-04-07,0,-12.1509,Batch 4,2022-04,0.8200779
10.2668,2,2.1147,0.8675,69.1451,10.281,2.3592,0.078,1,0.0374,1.113,6.5465,GRASIM,2022-04-08,0,-6.6684,Nifty 50,2022-04,0.075260885
6.4364,15,1.8975,0.9188,62.76,11.266,2.4341,0.0421,1,0.0374,0.9554,-0.0086,SBILIFE,2022-04-08,0,-7.7595,Nifty 50,2022-04,0.30336392
8.0122,2,4.8556,0.7798,61.089,13.7395,3.2587,0.0891,1,0.0374,1.2709,34.7411,CHOLAFIN,2022-04-08,0,-9.8387,Nifty 50,2022-04,0.38090378
8.8513,21,1.7306,0.8503,62.0548,8.2897,2.36,0.0748,1,0.0002,0.9012,-0.322,BPCL,2022-04-20,0,-7.2443,Nifty 50,2022-04,0.36965516
8.7749,6,1.5369,0.8271,64.7438,9.0861,2.9164,0.0602,1,0.0153,1.0386,4.2687,EICHERMOT,2022-04-21,0,-8.3981,Nifty 50,2022-04,0.46253505
7.4304,12,2.0582,0.9164,62.826,11.496,3.6013,0.0969,1,0.0049,1.3446,37.6701,CHOLAFIN,2022-04-26,0,-11.2869,Nifty 50,2022-04,0.32739872
5.2098,12,3.1092,0.9359,65.624,14.0679,2.434,0.0823,1,0.0049,1.0601,18.237,BAJAJ-AUTO,2022-04-26,0,-8.2104,Nifty 50,2022-04,0.047646195
7.7728,12,4.7631,0.8903,67.3746,10.3819,2.8005,0.0895,1,0.0049,1.158,3.2341,TVSMOTOR,2022-04-26,0,-8.6857,Nifty 50,2022-04,0.5138692
6.9559,3,2.8876,0.9041,61.4337,8.9912,2.7775,0.057,1,0.0083,0.9746,-2.9292,HINDUNILVR,2022-04-28,0,-3.2423,Nifty 50,2022-04,0.5140791
8.6172,7,4.1772,0.4286,58.3819,8.7997,4.136,0.0554,0,-0.0004,0.8375,-5.633,SHRIRAMFIN,2022-04-29,0,-11.4394,Nifty 50,2022-04,0.89524305
4.2687,17,3.0327,0.8673,63.0689,8.3328,2.7295,0.081,0,-0.002,0.9057,20.3286,INDUSINDBK,2022-05-02,0,-12.0332,Nifty 50,2022-05,0.036731433
3.3889,23,7.3289,0.2139,56.8192,10.1648,3.3892,0.0277,0,-0.0241,0.9759,-3.4315,BRITANNIA,2022-05-04,0,-1.3534,Nifty 50,2022-05,0.3447913
8.8518,8,10.3905,0.646,59.0324,23.9592,3.6337,0.0468,0,-0.0231,1.1478,-2.7731,ABB,2022-05-05,0,0.1079,Nifty 50,2022-05,0.45324206
6.8275,16,4.6728,0.8557,58.7901,19.0923,3.0676,0.0246,0,-0.041,0.994,-8.5506,ABBOTINDIA,2022-05-17,0,9.1729,Nifty 50,2022-05,0.41704425
8.5496,26,2.3919,0.8666,65.4671,10.725,3.0812,0.0699,0,-0.022,0.9496,-9.8849,ICICIPRULI,2022-06-01,0,-7.3097,Nifty 50,2022-06,0.32942036
8.4993,5,1.9688,0.8837,63.9762,9.1734,3.6476,0.0709,0,-0.022,1.2421,18.1425,BEL,2022-06-01,0,-8.9124,Nifty 50,2022-06,0.2766523
10.1682,7,2.5156,0.9027,61.3662,14.3089,4.8192,0.0491,0,-0.0152,0.9838,-13.3215,SANGHVIMOV,2022-06-02,1,29.1153,Batch 4,2022-06,0.80654645
12.7336,3,6.1487,0.7759,63.1643,22.4699,4.638,0.0094,0,-0.0279,0.8167,-31.2846,ASIANENE,2022-06-08,0,-18.3553,Batch 4,2022-06,0.63907427
7.8692,3,3.6497,0.6447,60.9242,10.2108,3.771,0.1072,0,-0.0771,1.6718,35.6021,HAL,2022-06-17,1,35.8842,Nifty 50,2022-06,0.3073582
5.1646,11,1.9542,0.9091,66.9958,16.2391,2.5212,0.0739,0,-0.051,1.2143,-6.0695,MARUTI,2022-06-23,0,11.9134,Nifty 50,2022-06,0.023178369
6.0355,11,1.9359,0.9628,62.6302,12.511,2.766,0.0751,0,-0.051,1.2355,6.768,EICHERMOT,2022-06-23,1,31.0852,Nifty 50,2022-06,0.2357832
4.9195,6,1.5062,0.8774,68.4354,8.7191,2.5116,0.1153,0,-0.051,1.3632,15.4911,TVSMOTOR,2022-06-23,1,38.3033,Nifty 50,2022-06,0.023984635
4.58,17,2.537,0.8666,68.7231,12.5032,2.2094,0.078,0,-0.0292,1.0875,11.7736,ABBOTINDIA,2022-06-29,0,1.0802,Nifty 50,2022-06,0.077489935
11.7437,7,2.1977,0.9272,61.3699,10.5371,4.7527,0.0187,0,-0.0292,1.4747,21.4923,ADANIENSOL,2022-06-29,1,58.07,Nifty 50,2022-06,0.534765
10.7012,14,2.2058,0.7647,68.963,8.3132,3.3672,0.1072,0,-0.0287,1.1534,0.2935,SHRIRAMFIN,2022-06-30,0,6.537,Nifty 50,2022-06,0.121551454
6.0033,59,2.7356,0.953,68.7021,10.3042,1.9703,0.0669,0,-0.0285,1.4381,28.1724,ITC,2022-07-01,0,14.9669,Nifty 50,2022-07,0.23521078
6.324,37,2.122,0.9529,67.7228,10.9396,2.771,0.0788,0,-0.0217,1.1702,4.3854,SIEMENS,2022-07-04,0,2.321,Nifty 50,2022-07,0.14465368
9.4997,10,4.3397,0.9188,69.9035,11.0926,3.3445,0.1057,0,-0.0093,1.2627,20.0172,ABB,2022-07-06,0,21.6854,Nifty 50,2022-07,0.0648992
9.5321,7,2.8678,0.8268,67.4467,8.9947,2.4138,0.0664,1,0.0074,0.9593,-5.0421,LT,2022-07-08,0,10.9941,Nifty 50,2022-07,0.27008665
6.6594,10,1.5228,0.8188,56.9547,11.2664,3.3896,0.0,1,0.0082,1.0,0.0,EMUDHRA,2022-07-11,1,27.6806,Batch 4,2022-07,0.1552677
6.0445,15,1.5418,0.9266,58.7121,9.9648,3.1889,0.0438,1,0.0157,1.2825,8.9107,CHOLAFIN,2022-07-18,0,11.9985,Nifty 50,2022-07,0.10086074
8.6279,2,1.6638,0.9521,64.4281,8.5104,2.1657,0.0377,1,0.0157,0.8758,2.5534,ULTRACEMCO,2022-07-18,0,6.5035,Nifty 50,2022-07,0.41121486
13.5101,0,2.9992,0.5568,55.1461,9.0494,4.8105,-0.0657,1,0.0303,0.8436,-35.0981,VEDL,2022-07-20,0,10.2015,Nifty 50,2022-07,0.7491388
10.9086,16,4.0551,0.7109,68.7512,9.184,2.9912,0.102,1,0.0345,0.7874,2.2234,MOTHERSON,2022-07-21,0,-10.5458,Nifty 50,2022-07,0.40703425
12.0876,9,5.797,0.7997,69.2703,10.6924,3.2433,0.0976,1,0.0345,1.1466,5.14,INDUSINDBK,2022-07-21,0,19.5642,Nifty 50,2022-07,0.08718716
7.2366,10,3.148,0.8101,57.9986,13.2167,4.2823,0.0029,1,0.0345,1.1612,17.1831,DEEPINDS,2022-07-21,0,-12.4994,Batch 4,2022-07,0.26686093
5.4227,10,2.34,0.7376,65.7371,8.0952,2.01,0.0826,1,0.0502,1.0506,6.9143,NESTLEIND,2022-07-28,0,-1.2798,Nifty 50,2022-07,0.06699997
10.5498,13,2.0154,0.9327,66.1698,8.4056,3.2771,0.1345,1,0.0632,0.9814,-8.8761,NAUKRI,2022-07-29,0,-7.0103,Nifty 50,2022-07,0.48751897
6.0986,16,1.9032,0.8314,68.0742,11.2381,2.1612,0.0603,1,0.0632,1.0118,14.9144,ICICIPRULI,2022-07-29,0,-1.0018,Nifty 50,2022-07,0.15762703
8.2749,25,2.7742,0.8541,65.3321,12.9037,2.5878,0.0903,1,0.0729,0.8039,-6.4284,PNB,2022-08-01,0,-3.3117,Nifty 50,2022-08,0.24472508
10.549,9,2.1081,0.7569,67.1992,8.5648,3.0329,0.0584,1,0.0705,0.9315,4.816,AUBANK,2022-08-04,0,0.5773,Nifty 50,2022-08,0.46255872
5.7019,8,1.6523,0.9261,63.855,8.4383,2.9459,0.1099,1,0.0768,1.142,19.8516,SIEMENS,2022-08-08,0,1.8124,Nifty 50,2022-08,0.090063624
8.0854,33,2.0164,0.9218,66.4568,9.5462,2.4954,0.0703,1,0.0822,0.9309,7.7032,ZYDUSLIFE,2022-08-11,0,-4.4612,Nifty 50,2022-08,0.4703185
8.205,5,1.6478,0.9123,57.027,9.6071,2.8759,0.0085,1,0.0832,0.819,-17.1824,ONGC,2022-08-12,0,-8.184,Nifty 50,2022-08,0.44419113
7.8687,32,1.5481,0.9015,67.141,8.3329,2.3802,0.0876,1,0.0893,0.9084,-9.508,BPCL,2022-08-16,0,-6.9011,Nifty 50,2022-08,0.27774522
6.2219,30,1.69,0.9145,64.0707,12.2626,2.344,0.0304,1,0.0893,0.9342,0.1668,HDFCLIFE,2022-08-16,0,-2.792,Nifty 50,2022-08,0.13617066
10.2028,2,2.3611,0.8388,65.7593,9.63,4.5846,0.1353,1,0.0893,1.1133,25.6576,SANGHVIMOV,2022-08-16,0,-9.9644,Batch 4,2022-08,0.9224072
4.4426,20,3.7263,0.8716,63.5802,8.9554,2.4188,0.0662,1,0.0948,1.0362,25.2156,HEROMOTOCO,2022-08-17,0,-6.6735,Nifty 50,2022-08,0.11753422
5.6545,15,1.5534,0.9062,64.083,8.945,2.2409,0.0772,1,0.0935,1.0151,7.8121,KOTAKBANK,2022-08-18,0,-4.4085,Nifty 50,2022-08,0.11852187
12.2775,5,1.7247,1.0,67.6862,13.2417,5.7838,0.1082,1,0.0648,0.63,-27.7146,SERVOTECH,2022-08-24,1,96.4219,Batch 4,2022-08,0.29776007
7.5269,9,3.0325,0.668,64.8601,8.8125,2.5165,0.119,1,0.0575,0.9244,-2.6151,PNB,2022-08-25,0,3.8783,Nifty 50,2022-08,0.4286412
3.1617,198,5.7508,0.8491,64.3326,15.0047,2.0598,0.0473,1,0.04,1.0947,6.7977,COLPAL,2022-08-29,0,-4.3156,Nifty 50,2022-08,0.14579657
5.4365,13,2.7022,0.9032,63.7697,11.4286,3.0965,0.0918,1,0.0637,0.9838,-0.157,SRF,2022-08-30,0,3.3812,Nifty 50,2022-08,0.028150901
6.0858,21,2.1807,0.9001,66.575,8.8391,2.416,0.0793,1,0.048,1.1169,2.7929,TATACONSUM,2022-09-01,0,-6.5968,Nifty 50,2022-09,0.43691432
6.2318,26,3.2001,0.9398,66.4435,9.498,2.752,0.0966,1,0.0469,1.0277,0.0,TATAPOWER,2022-09-06,0,-7.2282,Nifty 50,2022-09,0.46224058
7.1819,27,1.6942,0.8947,65.3678,8.2362,2.882,0.0903,1,0.0427,1.2808,17.7958,GODREJCP,2022-09-07,0,-8.3291,Nifty 50,2022-09,0.32780153
3.014,55,1.6983,0.8606,65.2918,9.6864,1.8659,0.0361,1,0.0519,0.9872,6.0657,MARICO,2022-09-14,0,-6.2537,Nifty 50,2022-09,0.045154475
3.6347,17,2.2809,0.9219,63.0391,8.066,1.9796,0.0567,1,0.0519,1.023,-2.5107,POWERGRID,2022-09-14,0,-4.8324,Nifty 50,2022-09,0.0652232
4.7378,41,2.43,0.6093,64.5275,8.47,2.1504,0.0476,1,0.042,1.1569,25.1274,MARUTI,2022-09-15,0,-4.97,Nifty 50,2022-09,0.14880958
8.182,24,2.0477,0.872,63.1693,13.1537,2.3042,0.0763,1,0.0324,0.9189,27.3259,APOLLOHOSP,2022-09-20,0,-5.865,Nifty 50,2022-09,0.38654044
5.3883,90,1.5942,0.9096,66.4942,15.0845,2.21,0.0795,1,0.0324,0.9992,18.6316,CIPLA,2022-09-20,0,1.0127,Nifty 50,2022-09,0.13156123
3.4484,61,1.6925,0.9262,60.1559,15.8062,2.0247,0.0253,1,0.0324,0.9588,7.2882,SUNPHARMA,2022-09-20,0,8.9625,Nifty 50,2022-09,0.020267686
4.0387,37,1.724,0.8953,65.1756,8.2958,1.8985,0.0366,1,0.0182,1.3313,21.4455,HINDUNILVR,2022-09-22,0,-5.8929,Nifty 50,2022-09,0.06930762
6.0711,19,3.4128,0.8905,62.6536,14.4948,2.4508,0.014,0,-0.034,1.1552,8.1375,ABBOTINDIA,2022-09-29,0,13.4385,Nifty 50,2022-09,0.5409064
5.8399,19,5.6326,0.7604,60.1049,9.5359,2.6782,0.0382,0,-0.034,1.1194,5.6138,ZYDUSLIFE,2022-09-29,0,8.5941,Nifty 50,2022-09,0.5535437
5.1831,26,3.447,0.8706,56.6395,8.7933,3.122,0.0282,0,-0.019,0.9298,13.148,LUPIN,2022-09-30,0,6.511,Nifty 50,2022-09,0.46848452
7.8718,27,4.4841,0.9037,66.8052,10.1657,3.3469,0.0899,0,-0.0313,0.987,22.338,LUPIN,2022-10-03,0,-0.2469,Nifty 50,2022-10,0.3135035
10.1801,10,3.1959,0.7031,65.3877,11.509,4.0816,0.1433,0,-0.0098,1.2738,55.102,IDFCFIRSTB,2022-10-04,0,8.013,Nifty 50,2022-10,0.54167026
8.1999,50,2.9269,0.6481,63.9847,8.0052,2.375,0.044,0,-0.0275,0.8946,-5.8389,HCLTECH,2022-10-13,0,6.9652,Nifty 50,2022-10,0.3297854
6.7643,4,1.8042,0.2617,56.5914,10.4498,2.4167,-0.0072,0,-0.0175,0.8574,-3.6469,INFY,2022-10-14,0,0.5484,Nifty 50,2022-10,0.5680548
8.8579,17,1.9319,0.8684,66.4792,8.7592,3.1863,0.1084,0,-0.0003,1.7092,50.3295,TVSMOTOR,2022-10-18,0,-7.0291,Nifty 50,2022-10,0.3546173
6.6507,9,2.4839,0.9,65.117,9.7724,2.4882,0.0235,1,0.0037,0.9632,8.9422,HDFCAMC,2022-10-20,0,5.4555,Nifty 50,2022-10,0.66318923
2.2231,26,2.1955,0.7692,63.5532,8.6729,1.0413,0.0158,1,0.0087,0.9589,5.7831,IRFC,2022-10-25,1,31.1011,Nifty 50,2022-10,0.10536484
6.5247,10,1.7658,0.8268,57.5539,8.7145,2.3345,0.0007,1,0.0133,0.7984,16.2332,TATASTEEL,2022-10-27,0,3.518,Nifty 50,2022-10,0.8118881
8.4579,7,3.5196,0.9029,61.0841,11.4685,2.6744,0.0309,1,0.0133,0.906,24.5031,JSWSTEEL,2022-10-27,0,9.0083,Nifty 50,2022-10,0.5627349
8.8597,9,2.0988,0.875,59.8864,8.4487,2.7299,0.0332,1,0.0133,0.8158,22.7509,SAIL,2022-10-27,0,-0.7246,Nifty 50,2022-10,0.56628394
5.2297,7,2.6533,0.7901,60.8629,13.3476,1.7674,-0.0134,1,0.0133,0.8893,10.1504,PFC,2022-10-27,0,22.4066,Nifty 50,2022-10,0.07545323
6.0297,6,2.9499,0.8732,62.5114,10.0884,1.7884,-0.0057,1,0.0162,1.0121,18.026,RECLTD,2022-10-28,0,23.2099,Nifty 50,2022-10,0.18979028
6.5077,12,1.5609,0.8833,59.3043,9.2997,2.1194,0.009,1,0.0162,0.8686,-2.4627,RELIANCE,2022-10-28,0,0.7522,Nifty 50,2022-10,0.5752063
4.613,50,1.7757,0.8994,64.9349,8.437,2.1858,0.0514,1,0.0162,0.9758,23.3907,APOLLOHOSP,2022-10-28,0,-1.9667,Nifty 50,2022-10,0.3503073
7.7763,8,1.8812,0.9359,69.7185,8.8556,1.9103,0.0231,1,0.0162,0.9287,15.1075,PFC,2022-10-28,0,18.3844,Nifty 50,2022-10,0.109296255
6.6634,38,3.7903,0.8181,69.9143,10.4619,2.7456,0.0795,1,0.029,1.181,45.6808,TRENT,2022-10-31,0,-7.753,Nifty 50,2022-10,0.065447986
7.3911,36,4.1477,0.9417,64.6122,15.4376,1.9919,0.0594,1,0.0363,0.8003,6.5829,DIVISLAB,2022-11-01,0,-7.291,Nifty 50,2022-11,0.07086598
8.1668,20,8.791,0.4722,62.5626,12.209,3.32,0.045,1,0.0363,1.0,40.1414,EMUDHRA,2022-11-01,0,-11.5883,Batch 4,2022-11,0.2843055
7.5122,5,1.9455,0.8757,66.8691,14.6205,2.6652,0.0596,1,0.0363,1.4378,65.407,ADANIENT,2022-11-01,0,8.0431,Nifty 50,2022-11,0.13032633
5.9975,30,3.5873,0.9488,64.6013,9.1052,2.4342,0.0559,1,0.0331,1.1958,55.4606,BAJAJFINSV,2022-11-04,0,-8.3543,Nifty 50,2022-11,0.40437785
7.8769,8,1.7325,0.9275,61.9638,8.3756,2.7216,0.0515,1,0.0331,0.8789,33.5867,HINDALCO,2022-11-04,0,1.7072,Nifty 50,2022-11,0.47362086
9.9604,11,2.871,0.7571,64.8454,8.0461,2.5611,0.0445,1,0.0339,1.036,31.3767,ADANIPORTS,2022-11-09,0,-5.0598,Nifty 50,2022-11,0.46261016
9.983,12,1.7304,0.8402,62.4462,8.222,2.793,0.0333,1,0.0339,0.9103,3.196,AUBANK,2022-11-09,0,-0.3331,Nifty 50,2022-11,0.43077737
8.9662,6,2.8837,0.7726,61.8183,11.0131,4.2621,0.0743,1,0.026,1.3532,53.7395,HARIOMPIPE,2022-11-10,0,-13.9203,Batch 4,2022-11,0.40119705
5.2598,11,8.6914,0.2532,60.3111,9.9715,2.6711,0.0556,1,0.026,0.9,15.9027,LUPIN,2022-11-10,0,-0.2469,Nifty 50,2022-11,0.2585039
8.9398,14,5.964,0.8924,66.5854,19.7801,4.2088,0.0685,1,0.026,1.2925,11.0929,SANGHVIMOV,2022-11-10,1,31.0845,Batch 4,2022-11,0.23135641
5.2198,43,1.9086,0.7036,68.0484,11.4681,1.5527,0.0613,1,0.0431,0.8381,1.4952,TCS,2022-11-11,0,-2.0608,Nifty 50,2022-11,0.028064394
6.5457,20,4.1055,0.8791,58.3347,14.032,2.9617,0.0286,1,0.0431,0.9978,9.0426,NAUKRI,2022-11-11,0,-6.5212,Nifty 50,2022-11,0.45850396
9.9139,48,3.6793,0.8106,65.848,8.4367,2.3831,0.0747,1,0.0412,1.0377,4.3921,ABBOTINDIA,2022-11-14,0,5.6085,Nifty 50,2022-11,0.28897512
9.9598,21,5.4476,0.8584,66.6013,8.2666,2.9694,0.0938,1,0.0412,1.0834,16.9685,NAUKRI,2022-11-14,0,-11.3563,Nifty 50,2022-11,0.21850917
7.378,23,4.4181,0.8484,66.5462,11.0334,2.9694,0.0928,1,0.0437,1.4166,52.4275,HAL,2022-11-16,0,-1.8758,Nifty 50,2022-11,0.19183713
4.1054,24,2.5114,0.9541,65.7101,8.7078,1.6204,0.0471,1,0.0437,0.9434,18.2201,KOTAKBANK,2022-11-16,0,-5.0407,Nifty 50,2022-11,0.12563935
2.0889,73,2.4337,0.8531,56.9493,8.7301,1.6133,0.0021,1,0.0392,0.9225,4.8059,TATACONSUM,2022-11-17,0,-1.5597,Nifty 50,2022-11,0.13597275
6.483,36,3.3829,0.937,64.7835,9.1534,2.5159,0.0476,1,0.0324,0.9931,11.8043,INDIGO,2022-11-23,0,-0.5165,Nifty 50,2022-11,0.40025568
7.8961,68,2.7837,0.918,69.031,8.1303,2.8115,0.0916,1,0.0441,1.1845,24.4746,APOLLOHOSP,2022-11-24,0,-6.7085,Nifty 50,2022-11,0.15426949
4.2073,30,2.8256,0.9143,65.1488,10.3972,1.8418,0.0441,1,0.0441,0.8525,3.6302,BPCL,2022-11-24,0,2.156,Nifty 50,2022-11,0.035578184
2.7104,78,4.2248,0.8346,59.5907,11.3752,1.7323,0.0165,1,0.0441,0.9597,3.9565,TATACONSUM,2022-11-24,0,-2.7201,Nifty 50,2022-11,0.070533864
5.4332,30,3.4359,0.9574,69.9663,11.4836,1.9038,0.065,1,0.0441,0.8723,6.126,HDFCLIFE,2022-11-24,0,-2.24,Nifty 50,2022-11,0.051200654
11.7221,16,6.3839,0.7961,65.8831,10.6941,5.5118,0.1444,1,0.0452,1.3505,53.7764,HARIOMPIPE,2022-11-25,0,-4.7125,Batch 4,2022-11,0.20909688
4.5002,32,3.1301,0.9382,69.888,9.1239,1.9468,0.0843,1,0.0473,0.9262,12.7282,RELIANCE,2022-11-28,0,-5.3185,Nifty 50,2022-11,0.04682195
5.1894,27,2.2654,0.777,63.7778,8.1326,2.0249,0.0533,1,0.0473,0.9023,-0.6131,HEROMOTOCO,2022-11-28,0,-3.1173,Nifty 50,2022-11,0.12665229
4.701,82,2.05,0.949,63.8722,14.3605,1.7023,0.0248,1,0.0496,1.0036,3.1604,HINDUNILVR,2022-11-29,0,-2.2635,Nifty 50,2022-11,0.26063105
9.4556,3,9.1579,0.5708,65.2393,11.3663,4.3566,0.1372,1,0.056,1.5684,42.1786,VBL,2022-11-30,0,-3.202,Nifty 50,2022-11,0.23658672
5.7579,65,1.9219,0.9448,69.081,9.0136,1.7595,0.0494,1,0.056,0.8459,-4.6714,ICICIGI,2022-11-30,0,-1.8863,Nifty 50,2022-11,0.088141076
8.514,31,1.8853,0.7573,61.1698,10.4889,3.5661,0.0906,1,0.056,1.0147,-2.9824,SHRIRAMFIN,2022-11-30,0,-4.6751,Nifty 50,2022-11,0.5311744
4.5226,28,1.8609,0.8593,62.1356,8.582,1.4902,0.0136,1,0.0387,1.0397,3.796,ASIANPAINT,2022-12-07,0,-4.8215,Nifty 50,2022-12,0.058887735
6.0666,8,1.6768,0.8327,64.2273,8.3137,1.79,0.0238,1,0.0315,0.9395,1.7979,MARICO,2022-12-09,0,-4.9612,Nifty 50,2022-12,0.071180895
5.4782,48,1.742,0.9014,65.47,8.4236,2.0484,0.074,1,0.0349,0.8252,1.855,GAIL,2022-12-14,0,-4.9085,Nifty 50,2022-12,0.09940964
4.4619,14,3.5974,0.9396,63.0822,15.9455,1.7578,0.0225,1,0.003,0.84,-10.8907,DIVISLAB,2022-12-21,0,-6.2425,Nifty 50,2022-12,0.04281508
4.2738,11,3.3417,0.7389,60.9758,9.2097,1.809,0.0148,1,0.003,1.0475,15.7317,ZYDUSLIFE,2022-12-21,0,-1.0258,Nifty 50,2022-12,0.09009874
3.2922,25,2.8653,0.8752,63.6945,13.3339,2.0501,0.077,0,-0.0048,1.1684,13.7303,JSWSTEEL,2022-12-27,0,-4.8476,Nifty 50,2022-12,0.13151063
4.6088,16,2.645,0.8665,62.5805,13.4223,3.4459,0.0323,0,-0.0048,1.2024,-9.3905,EMUDHRA,2022-12-27,0,-11.0252,Batch 4,2022-12,0.24924004
7.3508,5,3.6913,0.9421,64.1465,16.7421,3.2121,0.127,0,-0.0048,1.5593,40.4242,JINDALSTEL,2022-12-27,0,-1.1304,Nifty 50,2022-12,0.06990464
4.5872,39,1.797,0.9401,58.8722,9.3961,2.4555,0.004,0,-0.0062,1.1545,11.1602,TVSMOTOR,2022-12-28,0,-7.048,Nifty 50,2022-12,0.40912607
9.0283,56,3.1252,0.9243,66.2128,9.1546,3.1559,0.1121,0,-0.0042,1.196,11.1975,TATASTEEL,2023-01-02,0,-6.1911,Nifty 50,2023-01,0.41310155
8.8864,9,2.1443,0.9073,68.687,9.8508,3.1047,0.1533,0,-0.0042,1.2238,26.7867,PFC,2023-01-02,0,-4.5692,Nifty 50,2023-01,0.11553468
3.6918,13,3.5921,0.8557,65.1104,15.3451,2.0064,0.0605,0,-0.003,0.9007,5.109,HDFCLIFE,2023-01-03,0,-4.01,Nifty 50,2023-01,0.06931759
2.5774,7,2.0127,0.8853,56.7743,14.9014,1.6511,-0.0023,0,-0.0113,0.9725,13.6855,HCLTECH,2023-01-09,0,1.7969,Nifty 50,2023-01,0.271681
5.2806,29,1.928,0.916,61.3779,9.6564,2.2167,0.0282,0,-0.0113,1.0358,0.1261,M&M,2023-01-09,0,-1.9985,Nifty 50,2023-01,0.4374093
10.4338,1,5.2999,0.8526,64.5181,17.4049,3.1837,0.0397,0,-0.0217,0.9043,-10.9568,ADANIGREEN,2023-01-16,0,-8.0631,Nifty 50,2023-01,0.094226666
4.9137,113,2.7163,0.9423,66.6687,11.0474,1.862,0.0563,0,-0.0128,1.1551,12.0897,LT,2023-01-17,0,-4.6279,Nifty 50,2023-01,0.37904426
7.0157,18,4.1818,0.8379,66.7502,10.2552,2.1655,0.0655,0,-0.0067,1.0268,4.768,SIEMENS,2023-01-18,0,7.3731,Nifty 50,2023-01,0.5574817
2.9857,53,2.2148,0.9362,61.6435,15.0416,1.4711,0.0121,0,-0.0085,0.9261,-5.5479,MARUTI,2023-01-24,0,-3.3261,Nifty 50,2023-01,0.0868911
3.6066,19,2.0652,0.8284,57.9068,15.7987,1.6976,-0.0015,0,-0.0309,0.9321,-7.9152,TATAPOWER,2023-01-31,0,-8.1712,Nifty 50,2023-01,0.10295289
9.0802,12,4.2464,0.4329,62.4916,12.7395,2.9489,0.0456,0,-0.0327,1.0057,-4.3744,CHOLAFIN,2023-02-01,0,-1.7959,Nifty 50,2023-02,0.2998999
4.5697,8,2.749,0.6803,59.4419,9.7094,2.8912,0.0675,0,-0.0327,1.5316,40.0691,JINDALSTEL,2023-02-01,0,-10.3526,Nifty 50,2023-02,0.2109372
3.9981,44,4.9189,0.8985,66.816,14.2907,1.9963,0.0477,0,-0.0324,1.189,20.448,BRITANNIA,2023-02-02,0,-4.0522,Nifty 50,2023-02,0.16824916
7.0668,43,4.942,0.7851,69.9046,17.7663,2.8752,0.1063,0,-0.0224,1.2617,30.4704,ZYDUSLIFE,2023-02-06,0,11.644,Nifty 50,2023-02,0.10190525
3.3621,122,1.7753,0.7407,61.758,8.8431,2.0587,0.0215,0,-0.0239,1.0487,3.9932,DRREDDY,2023-02-07,0,-3.2169,Nifty 50,2023-02,0.79017496
4.2055,57,2.4588,0.9123,64.5323,11.2187,2.2457,0.0338,0,-0.0148,1.1404,18.4026,LUPIN,2023-02-08,0,-6.511,Nifty 50,2023-02,0.4672936
8.5703,7,4.7137,0.9414,66.0326,17.0393,3.1613,0.0254,0,-0.0127,1.0029,-5.5,TRENT,2023-02-09,0,-2.6265,Nifty 50,2023-02,0.17934236
8.6293,15,7.0742,0.8728,66.3248,8.0733,4.6658,0.1172,0,-0.0137,1.6104,64.3735,SANGHVIMOV,2023-02-10,0,-11.2699,Batch 4,2023-02,0.23998874
6.1731,51,1.9865,0.8544,62.3674,10.5086,2.3606,0.0138,0,-0.0137,0.9319,-7.6445,SRF,2023-02-10,0,-5.2698,Nifty 50,2023-02,0.38767624
4.7655,49,5.8975,0.9241,59.1622,17.431,2.8932,0.0073,0,-0.0023,1.0382,2.1347,APOLLOHOSP,2023-02-15,0,-6.221,Nifty 50,2023-02,0.08260192
9.2122,30,3.1942,0.8018,67.1711,14.7411,3.7475,0.0597,0,-0.0006,1.1461,10.1496,HAL,2023-02-16,0,-1.2204,Nifty 50,2023-02,0.25327876
10.5147,2,5.923,0.8662,63.9165,16.0277,3.1914,0.0291,0,-0.0006,0.9821,13.153,PIIND,2023-02-16,0,-12.2007,Nifty 50,2023-02,0.2133768
7.3822,133,2.5234,0.9375,69.8737,16.9836,2.4536,0.0638,0,-0.0006,1.1451,16.978,ONGC,2023-02-16,0,-5.4856,Nifty 50,2023-02,0.34715623
3.7761,73,2.0866,0.8077,64.6869,12.3373,1.8635,0.0334,0,-0.01,1.0768,5.1593,NTPC,2023-02-21,0,-1.4542,Nifty 50,2023-02,0.5085718
4.4821,127,1.7403,0.8963,59.5618,14.9998,2.0245,0.0218,0,-0.0335,0.883,-6.3409,BERGEPAINT,2023-02-28,0,11.9173,Nifty 50,2023-02,0.07732333
8.0668,13,1.5669,0.8673,63.9709,17.1897,4.5241,0.0595,0,-0.0243,1.0903,-8.191,AVL,2023-03-01,0,-7.7039,Batch 4,2023-03,0.7520062
6.8598,9,1.8051,0.8625,58.5633,14.2106,2.1001,-0.0092,0,-0.0147,1.0456,-2.9989,SBIN,2023-03-03,0,-6.6136,Nifty 50,2023-03,0.37625742
9.0228,6,3.7446,0.9173,69.0442,11.9607,3.5913,0.164,0,-0.0147,1.6505,57.6781,HARIOMPIPE,2023-03-03,1,46.0066,Batch 4,2023-03,0.029551737
10.0518,8,1.7787,0.9419,59.3471,9.7619,2.871,0.0053,0,-0.0147,1.2671,7.8424,CANBK,2023-03-03,0,-6.748,Nifty 50,2023-03,0.7700214
8.5395,10,2.6953,0.9353,61.7928,12.6735,2.3513,0.0132,0,-0.0054,1.0695,2.3758,INDUSINDBK,2023-03-08,0,-7.7505,Nifty 50,2023-03,0.48587227
7.0203,48,3.2775,0.8421,62.1175,8.8519,2.5459,0.041,0,-0.0347,0.9887,-5.4905,DLF,2023-03-17,1,32.551,Nifty 50,2023-03,0.3070611
3.1262,73,1.8558,0.8502,56.7684,8.1405,1.8675,-0.0003,0,-0.0279,0.9244,1.1773,HINDUNILVR,2023-03-29,0,-4.9558,Nifty 50,2023-03,0.10759795
6.5302,29,4.3803,0.7857,61.3893,20.3748,2.636,0.0258,0,-0.0113,0.9546,-9.2136,BEL,2023-03-31,1,27.337,Nifty 50,2023-03,0.40780878
5.3845,151,1.5037,0.8333,62.1845,11.7709,1.9957,0.0289,0,-0.0113,1.0071,-5.0287,ICICIBANK,2023-03-31,0,4.0349,Nifty 50,2023-03,0.1873194
5.8973,99,2.491,0.9195,69.1791,12.0608,1.8502,0.0415,0,-0.0113,1.0058,0.4589,NESTLEIND,2023-03-31,0,16.0028,Nifty 50,2023-03,0.10022966
4.9974,35,1.5616,0.8428,64.4398,14.6063,2.2119,0.0301,0,-0.0082,0.796,-10.1397,DMART,2023-04-03,0,-1.5156,Nifty 50,2023-04,0.14022207
6.52,12,3.9449,0.5625,58.8613,9.0221,3.6817,0.0063,0,-0.0082,1.0874,11.5515,DEEPINDS,2023-04-03,1,29.9536,Batch 4,2023-04,0.48263487
6.6388,14,2.2848,0.905,69.3906,11.8328,4.6217,0.1142,1,0.0044,1.0608,18.7653,AVL,2023-04-06,0,-12.8991,Batch 4,2023-04,0.48319817
8.8293,60,2.2723,0.9529,65.0536,8.5381,2.7161,0.0704,1,0.0044,1.0466,-3.4544,DLF,2023-04-06,0,23.2205,Nifty 50,2023-04,0.13684928
8.0666,142,2.8787,0.936,68.6723,9.0772,2.3645,0.0377,1,0.0044,0.9628,-5.3664,MUTHOOTFIN,2023-04-06,0,22.9268,Nifty 50,2023-04,0.34546435
5.8265,95,2.3969,0.9472,64.185,10.269,2.0069,0.0275,1,0.0124,1.0467,-2.5869,JSWSTEEL,2023-04-11,0,-3.7971,Nifty 50,2023-04,0.33892944
9.8905,3,3.2879,0.6494,62.4784,9.5722,3.611,0.0509,1,0.0124,0.7686,-15.8659,PARAS,2023-04-11,0,-2.6613,Batch 4,2023-04,0.1931227
3.9671,21,2.3833,0.7829,58.348,9.4849,2.3608,0.0008,1,0.0177,0.9301,-11.2975,LUPIN,2023-04-12,1,34.4738,Nifty 50,2023-04,0.22546865
8.1106,107,2.8513,0.8172,69.941,12.2494,1.7607,0.0671,1,0.0113,1.0455,2.4909,NESTLEIND,2023-04-17,0,14.1584,Nifty 50,2023-04,0.3125853
5.9266,24,4.4516,0.8707,62.2267,14.8676,2.6667,0.0344,1,0.0087,0.9794,-9.291,LUPIN,2023-04-18,1,33.4121,Nifty 50,2023-04,0.23953225
5.9565,19,1.8035,0.923,62.6429,10.8265,2.3025,0.0273,1,0.0087,1.0146,-9.4296,PIIND,2023-04-18,0,0.4997,Nifty 50,2023-04,0.3292003
4.1682,42,1.7168,0.8378,66.0358,8.9294,1.8695,0.0295,1,0.0087,0.9625,-7.5732,ICICIGI,2023-04-18,0,-5.0371,Nifty 50,2023-04,0.13557597
7.2061,31,1.8048,0.9474,65.5983,8.1505,2.103,0.0465,1,0.0137,1.0069,-0.5973,IDFCFIRSTB,2023-04-24,1,39.8631,Nifty 50,2023-04,0.5234192
9.7165,29,5.8584,0.7805,66.8905,11.8075,2.7556,0.0605,1,0.0137,1.3597,-4.8309,IRFC,2023-04-24,0,10.2178,Nifty 50,2023-04,0.31172603
9.4485,2,5.4441,0.6603,66.4167,14.3376,2.5262,0.0941,1,0.0137,1.0167,-5.5297,HDFCLIFE,2023-04-24,0,20.8459,Nifty 50,2023-04,0.14183481
4.287,14,2.3426,0.9211,55.7478,8.6774,1.8584,-0.0104,1,0.0137,0.987,-4.0627,WIPRO,2023-04-24,0,2.7082,Nifty 50,2023-04,0.12238189
4.555,179,4.5138,0.9145,61.1629,19.1711,1.581,0.0276,1,0.0137,0.9457,-8.8096,TATACONSUM,2023-04-24,0,3.3262,Nifty 50,2023-04,0.06544031
2.7773,99,2.3894,0.8496,58.4984,15.4349,1.5576,0.0054,1,0.0151,0.9241,-8.2436,MARICO,2023-04-25,0,6.8229,Nifty 50,2023-04,0.10924263
4.1286,37,2.7788,0.928,67.1702,11.4019,1.7695,0.0538,1,0.0177,1.2089,15.2992,SIEMENS,2023-04-26,0,4.3529,Nifty 50,2023-04,0.17737076
3.7288,60,2.3993,0.8619,66.0517,13.3333,1.4088,0.0326,1,0.0235,1.2209,3.6518,IOC,2023-04-27,0,12.2066,Nifty 50,2023-04,0.15816242
5.4361,96,1.5442,0.844,67.3014,8.3418,2.1394,0.0323,1,0.0318,1.0017,-2.7827,APOLLOHOSP,2023-04-28,0,14.7083,Nifty 50,2023-04,0.11110282
5.5232,18,3.1935,0.6316,60.898,8.5227,1.9662,0.0139,1,0.0318,0.9784,-2.5682,WIPRO,2023-04-28,0,-0.1372,Nifty 50,2023-04,0.043593023
3.3487,37,2.5903,0.5354,62.4203,9.2889,2.2719,0.0468,1,0.0361,0.9396,-0.0568,TRENT,2023-05-02,0,18.6346,Nifty 50,2023-05,0.14477777
4.8672,37,1.717,0.8065,64.0485,8.425,1.7133,0.0319,1,0.0361,1.0366,-0.6952,TATASTEEL,2023-05-02,0,-4.3062,Nifty 50,2023-05,0.06314203
4.766,45,2.1598,0.9256,63.8645,8.5632,1.912,0.0454,1,0.0418,0.9099,-5.1817,SBILIFE,2023-05-04,0,10.6613,Nifty 50,2023-05,0.028095167
4.8206,4,4.128,0.6364,67.9379,8.6419,2.408,0.0658,1,0.0418,1.1305,7.7206,WINDLAS,2023-05-08,1,27.2727,Batch 4,2023-05,0.15179811
5.1946,21,1.7631,0.8742,66.8058,8.838,2.117,0.0614,1,0.0418,0.8132,-9.0332,BAJAJFINSV,2023-05-08,0,10.7757,Nifty 50,2023-05,0.074019566
6.9702,27,5.532,0.6066,66.2944,11.3751,2.8799,0.09,1,0.0359,0.8204,-10.9688,ADANIPORTS,2023-05-22,0,-3.9211,Nifty 50,2023-05,0.030803973
8.3746,34,2.6857,0.6585,66.6413,10.636,2.9395,0.0989,1,0.0359,0.7394,-19.2187,AMBUJACEM,2023-05-22,0,1.2045,Nifty 50,2023-05,0.12005437
9.2589,5,8.5013,0.7744,65.0351,20.7059,4.538,0.1581,1,0.0329,1.3382,23.3635,DEEPINDS,2023-05-24,1,57.974,Batch 4,2023-05,0.37047306
3.3673,249,1.7584,0.8987,68.9208,9.397,1.4899,0.061,1,0.0341,0.9665,3.7649,BHARTIARTL,2023-05-25,0,3.1036,Nifty 50,2023-05,0.045743633
7.3044,26,5.9125,0.8981,69.9779,13.6762,3.1439,0.1292,1,0.0428,1.0773,14.8427,NAUKRI,2023-05-26,0,8.4578,Nifty 50,2023-05,0.057612255
6.1458,29,2.5853,0.6353,65.1671,8.0942,2.4686,0.0672,1,0.0467,0.9934,-0.6241,ICICIPRULI,2023-05-29,0,22.6002,Nifty 50,2023-05,0.5104543
10.2372,15,3.0548,0.8705,66.5207,10.2014,4.6329,0.1693,1,0.0394,1.4426,32.3196,SANGHVIMOV,2023-05-31,1,50.0233,Batch 4,2023-05,0.4905834
4.5981,9,2.2262,0.7792,68.8135,8.123,2.6721,0.1009,1,0.036,1.0779,9.3829,WINDLAS,2023-06-02,0,8.7638,Batch 4,2023-06,0.21242434
3.1398,18,1.8101,0.9169,68.4199,12.0649,1.43,0.0675,1,0.0413,1.1309,15.4895,NESTLEIND,2023-06-07,0,-1.2244,Nifty 50,2023-06,0.08912933
3.2232,144,2.4756,0.632,67.0395,9.6145,1.744,0.0437,1,0.0344,1.0396,9.6357,NTPC,2023-06-08,1,28.75,Nifty 50,2023-06,0.1387692
4.3568,72,2.389,0.9331,64.3,8.6555,1.9925,0.041,1,0.0335,1.2936,23.3577,ZYDUSLIFE,2023-06-14,0,15.0757,Nifty 50,2023-06,0.10037369
6.5603,10,2.2099,0.6761,66.7708,8.3656,1.2573,0.0212,1,0.0282,1.0728,10.3872,DRREDDY,2023-06-15,0,17.1913,Nifty 50,2023-06,0.13328215
5.5141,40,3.3015,0.8581,68.264,13.9335,2.3431,0.0973,1,0.0342,1.0411,23.7163,HDFCLIFE,2023-06-16,0,3.3847,Nifty 50,2023-06,0.38567463
5.3366,33,3.7079,0.3523,65.7102,13.0115,2.4458,0.0736,1,0.029,1.0358,14.914,SHRIRAMFIN,2023-06-19,1,30.6122,Nifty 50,2023-06,0.21498358
8.0187,7,2.5628,0.7194,66.6534,12.2067,2.3381,0.0406,1,0.029,1.0403,-1.3988,JINDALSTEL,2023-06-19,0,21.4708,Nifty 50,2023-06,0.33789688
4.378,29,2.6134,0.826,66.7022,8.2292,1.7771,0.067,1,0.029,1.0329,19.3302,BANKBARODA,2023-06-19,0,-5.0386,Nifty 50,2023-06,0.11312444
3.424,116,1.7765,0.9451,65.2141,8.7788,1.7022,0.064,1,0.031,1.102,2.0031,HCLTECH,2023-06-20,0,-2.3426,Nifty 50,2023-06,0.06506192
6.3978,19,2.0306,0.904,68.9803,10.4642,2.2353,0.1101,1,0.0318,1.1887,7.1723,MOTHERSON,2023-06-21,0,9.6911,Nifty 50,2023-06,0.35663915
3.221,252,1.9674,0.8773,68.0732,8.0507,1.3107,0.0474,1,0.0322,0.9702,1.4949,SUNPHARMA,2023-06-28,0,10.1052,Nifty 50,2023-06,0.0678143
3.905,54,2.7925,0.9328,60.359,13.446,2.293,0.0641,1,0.0322,0.8912,33.8701,ADANIPORTS,2023-06-28,0,9.737,Nifty 50,2023-06,0.10305299
3.6519,35,2.1188,0.9013,62.3981,11.1538,1.3997,0.045,1,0.0422,0.8331,-16.3771,INFY,2023-06-30,0,-0.7368,Nifty 50,2023-06,0.07528886
3.4897,158,1.9441,0.7938,68.0488,9.9872,1.4993,0.0608,1,0.0422,1.1137,10.6689,MARUTI,2023-06-30,0,-3.8906,Nifty 50,2023-06,0.11975015
7.6762,35,3.4876,0.8655,62.8429,14.7579,2.3989,0.0418,1,0.0476,0.9457,8.4308,CANBK,2023-07-03,0,18.1401,Nifty 50,2023-07,0.11912331
6.9346,38,1.7356,0.9332,67.0025,12.3517,2.2788,0.0749,1,0.0476,1.031,17.8433,BANKBARODA,2023-07-03,0,-4.719,Nifty 50,2023-07,0.09868576
5.0318,31,2.0796,0.9227,63.1906,9.7978,2.4051,0.0576,1,0.0476,0.92,5.9955,PNB,2023-07-03,1,50.9129,Nifty 50,2023-07,0.0655245
3.7324,89,1.5632,0.717,67.1662,9.4289,1.649,0.0447,1,0.0476,1.0169,1.9814,SAIL,2023-07-03,0,2.9937,Nifty 50,2023-07,0.043610778
7.2216,12,2.6832,0.9187,68.9183,9.6158,2.3806,0.108,1,0.0491,1.0483,20.2929,HEROMOTOCO,2023-07-04,0,-0.5732,Nifty 50,2023-07,0.34913844
5.8481,14,3.1278,0.8723,67.8263,12.7233,2.1293,0.0949,1,0.0478,1.0249,29.2129,DIVISLAB,2023-07-05,0,-4.0058,Nifty 50,2023-07,0.47172934
5.0286,43,2.4272,0.9616,67.3479,17.9531,1.9141,0.0636,1,0.0478,1.2622,25.2528,BAJAJ-AUTO,2023-07-05,0,-3.9746,Nifty 50,2023-07,0.025003659
4.7931,23,2.0242,0.9238,64.4918,9.2456,2.2367,0.0726,1,0.0478,1.1714,18.244,GODREJCP,2023-07-05,0,-8.36,Nifty 50,2023-07,0.037697177
3.492,59,3.1086,0.8963,69.5005,11.623,1.7033,0.075,1,0.0512,1.0115,10.4112,TATAPOWER,2023-07-06,0,14.4256,Nifty 50,2023-07,0.043728054
5.0025,69,2.5761,0.8851,67.2867,10.9737,1.8716,0.0382,1,0.0512,1.0787,17.2566,GAIL,2023-07-06,0,2.6151,Nifty 50,2023-07,0.0398718
5.7662,8,2.6082,0.8876,69.1248,10.8168,1.9333,0.1,1,0.0512,1.107,17.3477,APOLLOHOSP,2023-07-06,0,-6.6704,Nifty 50,2023-07,0.037253648
8.6323,13,6.6792,0.9115,69.1622,12.7465,3.9271,0.1399,1,0.0405,1.2768,43.4925,DEEPINDS,2023-07-07,1,45.3791,Batch 4,2023-07,0.052638095
4.5838,85,1.8468,0.899,63.6476,11.5408,1.816,0.0533,1,0.0402,0.9284,2.9911,TATASTEEL,2023-07-10,0,0.6176,Nifty 50,2023-07,0.022719545
4.5675,209,2.4218,0.7159,59.7355,10.339,1.4697,0.0236,1,0.0389,0.9382,0.8361,TCS,2023-07-13,0,8.4695,Nifty 50,2023-07,0.08410593
3.8815,30,2.3245,0.5376,61.3322,8.0807,1.9654,0.0363,1,0.0389,0.862,9.018,HINDALCO,2023-07-13,0,-0.2222,Nifty 50,2023-07,0.029855022
2.4168,77,1.7774,0.8014,59.1981,12.9366,1.4786,0.0141,1,0.0455,0.8186,2.4287,VEDL,2023-07-14,0,-5.0845,Nifty 50,2023-07,0.03635613
5.3229,71,2.6856,0.96,65.5186,10.4616,1.3304,0.0343,1,0.0455,0.9437,3.5581,WIPRO,2023-07-14,0,1.8993,Nifty 50,2023-07,0.04199835
4.8711,120,4.1775,0.2713,58.8021,8.7564,2.4811,0.0237,1,0.0519,1.0118,10.734,HAVELLS,2023-07-18,0,2.7326,Nifty 50,2023-07,0.2564236
4.8383,55,2.2059,0.9209,68.4353,9.187,1.5384,0.0324,1,0.0605,0.982,12.4713,KOTAKBANK,2023-07-20,0,-4.334,Nifty 50,2023-07,0.06862709
6.8851,7,3.4034,0.797,68.495,14.1296,2.3293,0.1375,1,0.0411,1.291,41.299,RECLTD,2023-07-24,1,39.5954,Nifty 50,2023-07,0.34549093
6.5688,8,4.8641,0.89,61.0009,22.0789,2.9093,0.0306,1,0.0401,0.8629,21.0465,ADANIPOWER,2023-07-25,1,33.2347,Nifty 50,2023-07,0.018312825
7.0976,105,1.804,0.8333,68.3247,8.3526,1.9938,0.0751,1,0.0401,0.9216,6.0955,SAIL,2023-07-25,0,-2.5525,Nifty 50,2023-07,0.058726177
5.4742,24,1.773,0.904,60.6921,13.5141,2.0166,0.0197,1,0.0401,0.7798,19.5924,AMBUJACEM,2023-07-25,0,-3.1485,Nifty 50,2023-07,0.02010665
4.3067,41,4.3089,0.9405,61.9659,16.6051,2.4417,0.0532,1,0.0401,1.2558,31.9729,TVSMOTOR,2023-07-25,0,13.7114,Nifty 50,2023-07,0.0395768
6.3619,96,2.5024,0.8819,67.556,10.7292,2.0226,0.0739,1,0.0401,0.887,12.0575,TATASTEEL,2023-07-25,0,-3.0154,Nifty 50,2023-07,0.035852376
4.0357,45,2.4397,0.9198,61.3132,11.8615,2.0679,0.0341,1,0.0358,1.0132,14.096,MARICO,2023-07-27,0,0.4074,Nifty 50,2023-07,0.08166777
5.7035,75,5.016,0.8517,69.7206,18.7653,1.7823,0.0687,1,0.0334,1.0513,15.3638,TATAPOWER,2023-07-28,0,5.5866,Nifty 50,2023-07,0.01818821
10.2163,11,3.3576,0.8594,66.7419,8.6324,3.346,0.0729,1,0.0374,0.9483,36.625,ADANIPOWER,2023-07-31,1,26.5911,Nifty 50,2023-07,0.03273088
4.0352,230,3.1349,0.941,68.1039,10.7861,2.0433,0.0524,1,0.0348,1.1615,17.8004,BERGEPAINT,2023-08-01,0,0.6381,Nifty 50,2023-08,0.061682045
3.8963,66,2.5117,0.9258,67.4839,20.0428,1.6217,0.0382,1,0.0348,0.9641,10.7399,COALINDIA,2023-08-01,1,31.3656,Nifty 50,2023-08,0.06799849
7.6947,31,4.0855,0.8797,68.5247,17.5313,2.2726,0.1035,1,0.0197,1.2153,38.9481,NAUKRI,2023-08-04,0,-7.955,Nifty 50,2023-08,0.27738643
9.0813,5,3.6045,0.8677,67.0276,10.672,4.759,0.2077,1,0.0227,1.3315,76.5671,NGLFINE,2023-08-07,0,-14.7491,Batch 4,2023-08,0.9228455
5.0642,112,2.5576,0.8554,66.8202,10.6243,2.2733,0.0565,1,0.0203,1.0817,22.7463,SBILIFE,2023-08-08,0,-4.2862,Nifty 50,2023-08,0.33042386
7.1788,7,2.7143,0.8384,63.3583,8.3774,4.2697,0.1192,1,0.0225,1.2993,55.9074,WINDLAS,2023-08-09,0,-2.4098,Batch 4,2023-08,0.41742352
4.517,26,5.6516,0.821,66.044,12.5263,2.2474,0.0565,1,0.0225,1.3152,38.4735,TRENT,2023-08-09,0,9.7586,Nifty 50,2023-08,0.169739
5.3886,153,2.7975,0.5253,60.074,10.9375,1.8274,0.0239,1,0.0098,0.9411,7.9429,HCLTECH,2023-08-11,0,5.5055,Nifty 50,2023-08,0.18662734
4.4399,45,2.0045,0.8358,64.0019,11.8962,2.1055,0.042,1,0.0098,1.1924,22.4766,VBL,2023-08-11,0,6.8103,Nifty 50,2023-08,0.26872817
4.3913,134,1.8164,0.8858,63.934,8.3419,1.7821,0.027,1,0.0038,1.119,20.5341,TITAN,2023-08-17,0,3.0435,Nifty 50,2023-08,0.047651127
5.5421,44,2.8873,0.5675,61.4791,9.4441,2.9774,0.0576,1,0.0004,1.3678,43.4114,ADANIENT,2023-08-18,0,-6.1228,Nifty 50,2023-08,0.15521845
7.9578,7,1.7145,0.6809,65.1554,10.3562,3.4522,0.0945,1,0.0004,0.7559,-12.884,ADANIENSOL,2023-08-18,0,-3.7543,Nifty 50,2023-08,0.24157189
5.8538,36,3.1273,0.8783,65.4899,8.462,2.177,0.0582,1,0.0048,1.4096,43.7112,HAL,2023-08-23,0,-5.4549,Nifty 50,2023-08,0.16274235
8.299,10,8.8021,0.7338,63.2828,19.2352,4.4222,0.0195,1,0.0011,1.3581,21.6371,HARIOMPIPE,2023-08-24,0,4.6722,Batch 4,2023-08,0.8506357
3.783,57,3.1133,0.7151,66.7058,15.8331,1.6846,0.0673,1,0.0003,1.0646,13.1543,ONGC,2023-09-01,0,-1.8081,Nifty 50,2023-09,0.39619806
8.7113,11,2.1243,0.9391,69.1045,8.7018,2.3679,0.1076,1,0.0003,1.1224,29.193,TATAPOWER,2023-09-01,0,-3.1731,Nifty 50,2023-09,0.17491974
5.5047,24,2.5188,0.7833,64.9834,8.528,2.3083,0.0862,1,0.0003,1.2043,31.3223,PNB,2023-09-01,0,9.3488,Nifty 50,2023-09,0.2596646
3.371,88,1.853,0.9426,60.389,12.0013,1.3946,0.0257,1,0.0003,0.9791,2.8691,COALINDIA,2023-09-01,1,45.2317,Nifty 50,2023-09,0.11304935
6.4023,47,1.7324,0.8778,65.8524,8.5725,2.1711,0.0784,1,0.0003,1.2974,36.2827,BEL,2023-09-01,0,-3.1254,Nifty 50,2023-09,0.14318667
5.6208,16,2.7357,0.8605,64.4077,14.6642,2.4036,0.0805,1,0.0003,1.0618,11.7234,GAIL,2023-09-01,0,-0.4876,Nifty 50,2023-09,0.36486703
3.9906,198,2.1768,0.9632,68.1678,14.1383,1.5718,0.0411,1,0.0043,1.0543,15.0954,ULTRACEMCO,2023-09-04,0,-3.5773,Nifty 50,2023-09,0.22005501
3.4143,48,3.4218,0.8907,64.5699,13.4702,1.5942,0.0352,1,0.0066,1.1108,15.064,TATACONSUM,2023-09-06,0,10.2041,Nifty 50,2023-09,0.17933515
4.646,32,2.9192,0.7183,60.2567,10.7237,1.7749,0.0102,1,0.0155,1.1441,21.1042,IOC,2023-09-08,0,-6.4641,Nifty 50,2023-09,0.53331226
11.5905,0,2.2892,0.8035,69.1663,8.7417,2.4628,0.0563,1,0.0155,1.3741,32.6359,CHOLAFIN,2023-09-08,0,-1.646,Nifty 50,2023-09,0.25130484
6.1966,55,2.2962,0.7286,64.7002,8.5595,2.0438,0.05,1,0.0237,1.1992,26.7053,ABB,2023-09-11,0,-7.9721,Nifty 50,2023-09,0.18525027
8.1192,43,2.4244,0.929,68.5595,9.3061,2.279,0.0652,1,0.0261,1.0994,14.6202,BANKBARODA,2023-09-13,0,-5.8463,Nifty 50,2023-09,0.09647956
7.4262,45,2.2857,0.8893,64.3659,8.6991,3.0252,0.052,1,0.0309,1.3022,31.9729,ICICIPRULI,2023-09-15,0,-9.6285,Nifty 50,2023-09,0.116275735
4.0488,73,2.6545,0.8895,61.7548,11.1897,2.2484,0.0305,1,0.0146,1.0997,5.9611,AUBANK,2023-09-20,0,-7.8411,Nifty 50,2023-09,0.14016
3.328,42,3.3847,0.5004,59.3307,9.6242,1.769,0.0303,1,0.0016,1.0299,-2.9082,EICHERMOT,2023-09-26,0,-3.5198,Nifty 50,2023-09,0.6426932
4.9969,29,1.6353,0.8161,68.7675,11.2425,1.8903,0.0526,1,0.0016,1.1807,26.4307,COLPAL,2023-09-26,0,15.4878,Nifty 50,2023-09,0.1176544
4.527,5,1.9588,0.5042,66.9156,9.1588,2.3155,0.0977,1,0.0006,1.2323,40.9991,NTPC,2023-09-29,0,-5.3837,Nifty 50,2023-09,0.20436026
5.3192,23,1.915,0.7393,66.4474,8.6444,2.229,0.0856,1,0.0006,1.5689,50.7691,LUPIN,2023-09-29,0,-2.8309,Nifty 50,2023-09,0.19587564
10.3517,8,2.3543,0.8484,67.0104,8.014,4.5815,0.134,0,-0.0045,1.872,63.8936,DEEPINDS,2023-10-03,0,-11.2918,Batch 4,2023-10,0.50078446
4.5712,99,3.452,0.5371,60.4815,12.9279,1.7104,0.0301,0,-0.0089,1.0419,7.0311,NESTLEIND,2023-10-04,0,19.5444,Nifty 50,2023-10,0.27010053
5.3367,61,5.4083,0.7533,66.9773,13.7432,1.9396,0.0522,0,-0.0089,1.0171,12.7381,DMART,2023-10-04,0,-5.9928,Nifty 50,2023-10,0.14924416
4.5366,30,4.1624,0.9325,67.2251,16.355,2.2379,0.0694,1,0.0024,1.1415,12.7695,BAJAJFINSV,2023-10-06,0,-3.5328,Nifty 50,2023-10,0.1702938
4.7914,9,2.1879,0.9287,63.6972,10.2997,2.4128,0.0818,1,0.0024,1.3354,13.6849,DLF,2023-10-06,0,-3.3233,Nifty 50,2023-10,0.57444453
4.8737,14,3.1627,0.8469,64.7613,10.7907,2.2355,0.079,1,0.0096,1.081,24.9784,GAIL,2023-10-12,0,-5.4843,Nifty 50,2023-10,0.2387862
5.3318,110,4.1106,0.9149,69.4557,10.6,1.8186,0.0749,1,0.0001,1.0586,9.3232,NESTLEIND,2023-10-19,0,6.2315,Nifty 50,2023-10,0.1296687
6.3567,14,3.1563,0.7363,58.9237,12.6291,3.1793,0.0748,0,-0.0276,1.1711,26.7735,CANBK,2023-10-27,0,9.5046,Nifty 50,2023-10,0.4587393
5.54,70,3.4484,0.4713,57.6891,20.189,3.0478,0.0279,0,-0.0276,1.2951,38.0842,SHRIRAMFIN,2023-10-27,0,15.4393,Nifty 50,2023-10,0.5399568
7.7047,16,3.6391,0.8745,62.0739,11.4291,4.8316,0.066,0,-0.0254,1.7931,59.2155,SANGHVIMOV,2023-10-31,0,-0.9254,Batch 4,2023-10,0.47521794
6.5801,168,2.2189,0.8649,61.6604,9.4983,2.0044,0.0388,0,-0.0254,1.1305,5.5969,SBILIFE,2023-10-31,0,1.8672,Nifty 50,2023-10,0.18794236
6.3201,67,4.1484,0.7884,58.8927,9.0102,2.2174,0.021,0,-0.0297,1.1321,4.4852,IOC,2023-11-01,1,72.7425,Nifty 50,2023-11,0.4016036
9.2686,9,4.0524,0.7537,63.4022,9.5919,4.0793,0.1306,0,-0.022,2.1076,90.1289,RECLTD,2023-11-02,1,28.3026,Nifty 50,2023-11,0.6061432
7.6417,12,2.4793,0.8547,61.6075,10.0927,3.6553,0.0999,0,-0.022,1.7623,58.4563,PFC,2023-11-02,1,43.9311,Nifty 50,2023-11,0.42595765
6.507,90,2.9483,0.9462,62.3043,17.1056,1.979,0.0344,0,-0.0169,1.052,2.1356,APOLLOHOSP,2023-11-03,0,2.8725,Nifty 50,2023-11,0.07205677
6.8995,21,2.0345,0.8625,62.8818,9.6609,2.4318,0.0203,0,-0.0076,0.8637,-0.0599,SRF,2023-11-06,0,0.3792,Nifty 50,2023-11,0.55397916
6.1407,28,5.7754,0.5876,67.419,10.8133,4.4029,0.0972,0,-0.0079,1.1606,3.4139,HARIOMPIPE,2023-11-07,0,-8.3643,Batch 4,2023-11,0.32666838
7.4544,41,2.104,0.8582,67.5295,9.623,3.0526,0.0758,0,-0.0079,1.2394,24.0031,VBL,2023-11-07,0,19.2167,Nifty 50,2023-11,0.12833579
10.2269,86,2.8755,0.9371,64.7747,9.4071,2.3792,0.0395,0,-0.0079,1.3029,10.1937,HAL,2023-11-07,1,47.0189,Nifty 50,2023-11,0.18940684
6.4277,68,3.8313,0.7552,68.0687,13.1107,2.1056,0.0313,0,-0.0062,1.1205,7.3397,ZYDUSLIFE,2023-11-08,0,24.7601,Nifty 50,2023-11,0.25897083
8.3549,94,2.174,0.9194,67.2936,8.8251,2.0929,0.0589,0,-0.0087,1.0875,3.9112,APOLLOHOSP,2023-11-09,0,-0.2127,Nifty 50,2023-11,0.05339104
12.9252,0,2.4725,0.9372,67.6647,8.0774,2.8353,0.0818,0,-0.0073,0.8316,-12.8254,VEDL,2023-11-10,0,21.7843,Nifty 50,2023-11,0.048715804
7.7918,110,1.7773,0.9054,65.9937,8.3147,2.7593,0.0269,0,-0.0067,0.9416,-5.1102,AUBANK,2023-11-13,0,-0.1829,Nifty 50,2023-11,0.046509888
7.1548,29,2.4642,0.0282,59.971,11.1789,3.9359,0.0124,0,-0.0067,1.1917,5.2367,NGLFINE,2023-11-13,0,-4.7316,Batch 4,2023-11,0.49835035
10.0222,25,1.6661,0.9337,69.9844,9.2426,2.6013,0.0982,0,-0.0067,1.2633,26.9726,CANBK,2023-11-13,0,2.24,Nifty 50,2023-11,0.08073876
8.5439,40,2.1939,0.5803,69.5092,9.5116,2.132,0.0576,1,0.0049,1.1455,18.5272,HINDALCO,2023-11-15,0,12.3492,Nifty 50,2023-11,0.098581746
4.0986,35,2.151,0.8273,66.5083,9.4897,1.4751,0.0387,1,0.0092,1.1136,13.2559,HCLTECH,2023-11-16,1,25.6091,Nifty 50,2023-11,0.34033018
4.3002,295,2.7457,0.7264,59.3298,10.1271,1.4221,0.0042,1,0.0092,1.0027,5.0642,TCS,2023-11-16,0,17.415,Nifty 50,2023-11,0.3117049
5.4267,16,2.9899,0.6457,67.9842,10.0913,2.0329,0.0669,1,0.0073,1.4862,29.2705,HDFCAMC,2023-11-17,1,30.1404,Nifty 50,2023-11,0.2691329
5.1802,87,2.0998,0.7071,65.9231,9.1645,1.7041,0.0286,1,0.0073,1.0784,-2.4617,HDFCLIFE,2023-11-17,0,-0.9352,Nifty 50,2023-11,0.14851478
5.4035,181,3.2904,0.7452,67.0212,10.2833,2.1205,0.0629,1,0.0073,1.1302,9.3288,SBILIFE,2023-11-17,0,-1.2235,Nifty 50,2023-11,0.13405584
7.21,61,1.7919,0.9461,65.565,10.0748,2.4059,0.065,1,0.0108,1.4896,33.0479,LUPIN,2023-11-24,0,-2.9591,Nifty 50,2023-11,0.5815052
10.1166,1,2.8766,0.9535,67.8207,12.371,2.0956,0.0652,1,0.0159,1.1669,22.2573,TATAPOWER,2023-11-28,1,33.1564,Nifty 50,2023-11,0.10285013
5.6079,61,4.4019,0.655,64.8439,18.3908,2.2694,0.0366,1,0.0159,1.0621,15.045,ADANIPORTS,2023-11-28,1,54.3588,Nifty 50,2023-11,0.26804942
7.333,10,6.8079,0.6254,65.4737,19.6668,2.8915,0.0322,1,0.0159,0.8943,0.2731,ADANIENT,2023-11-28,0,13.6818,Nifty 50,2023-11,0.16800028
3.2687,68,4.0197,0.7665,58.5558,17.4125,1.6441,0.0112,1,0.0159,0.9443,3.604,AMBUJACEM,2023-11-28,1,36.5057,Nifty 50,2023-11,0.48895055
8.3157,86,1.5189,0.9234,65.7365,9.197,2.0821,0.0456,1,0.0264,1.1301,4.8334,M&M,2023-11-29,0,0.0545,Nifty 50,2023-11,0.11321812
6.3509,200,1.5132,0.9209,66.5221,10.3646,1.5577,0.0519,1,0.0264,1.0486,9.9399,AXISBANK,2023-11-29,0,0.3105,Nifty 50,2023-11,0.20857608
6.7161,14,2.0855,0.7822,62.5448,9.3308,1.5066,0.0151,1,0.0264,0.9356,-2.8278,WIPRO,2023-11-29,1,31.7399,Nifty 50,2023-11,0.55037886
5.3838,82,2.6795,0.6844,55.1961,8.3967,2.6418,-0.0057,1,0.0264,1.0794,-3.7892,MOTHERSON,2023-11-29,0,-1.1328,Nifty 50,2023-11,0.123838015
5.4566,66,1.5292,0.7823,68.0683,8.0186,1.3059,0.0458,1,0.0264,0.9739,-5.1768,BRITANNIA,2023-11-29,0,3.1556,Nifty 50,2023-11,0.2893855
4.763,11,6.4278,0.7413,68.6754,13.551,2.0616,0.0656,1,0.0284,1.1718,20.4344,GAIL,2023-11-30,1,41.6306,Nifty 50,2023-11,0.14703481
3.8194,257,4.352,0.9394,67.3502,9.8014,1.4865,0.065,1,0.0284,1.0532,9.4782,ULTRACEMCO,2023-11-30,0,9.4096,Nifty 50,2023-11,0.16787377
6.6504,100,2.6769,0.9043,69.1613,8.058,1.7749,0.0498,1,0.0284,1.0475,7.3652,DMART,2023-11-30,0,-2.8568,Nifty 50,2023-11,0.06335119
4.8347,35,2.5344,0.804,64.9456,12.9925,2.2041,0.0568,1,0.0284,0.9862,5.132,ABB,2023-11-30,0,3.1524,Nifty 50,2023-11,0.4840774
2.4668,143,2.4117,0.913,63.0472,16.3313,1.1856,0.0223,1,0.0351,0.9331,-8.2912,ITC,2023-12-01,0,0.214,Nifty 50,2023-12,0.32761595
6.3031,7,2.3163,0.7701,63.1298,8.7486,2.6867,0.0574,1,0.0351,1.424,28.9119,PNB,2023-12-01,1,49.1276,Nifty 50,2023-12,0.7381641
5.3148,69,1.9374,0.8865,65.9423,14.7719,1.4515,0.0312,1,0.0557,0.9074,-3.7157,SBIN,2023-12-04,0,3.0762,Nifty 50,2023-12,0.1038849
3.0148,147,1.5931,0.898,68.3858,18.4774,1.3001,0.0401,1,0.0557,0.8403,-4.1381,KOTAKBANK,2023-12-04,0,-0.4978,Nifty 50,2023-12,0.09679597
5.8891,20,2.091,0.8038,65.9972,8.7219,2.0694,0.0343,1,0.0557,1.0075,5.6074,BANKBARODA,2023-12-04,1,25.6736,Nifty 50,2023-12,0.15880471
12.8854,13,2.6318,0.4075,69.2638,11.1683,3.4693,0.0817,1,0.0557,0.9275,4.675,ADANIENT,2023-12-04,0,10.8745,Nifty 50,2023-12,0.18946572
5.1853,10,2.123,0.866,68.0084,10.5713,2.2039,0.0867,1,0.0557,1.3278,16.604,SHRIRAMFIN,2023-12-04,0,8.6309,Nifty 50,2023-12,0.09957141
8.3305,38,2.8658,0.7892,68.7691,10.1419,2.8733,0.09,1,0.063,1.0,0.0,JIOFIN,2023-12-05,0,-1.0249,Nifty 50,2023-12,0.05069862
8.3268,19,2.2336,0.8905,67.0907,10.5578,1.804,0.0519,1,0.0659,0.9301,3.947,WIPRO,2023-12-06,0,24.6388,Nifty 50,2023-12,0.0827447
4.6087,6,2.55,0.9332,69.1677,10.3196,1.8874,0.0817,1,0.0627,1.1444,1.301,ZYDUSLIFE,2023-12-07,1,39.377,Nifty 50,2023-12,0.050848827
6.5536,50,2.0247,0.8571,68.8603,9.2619,1.6086,0.0665,1,0.0647,1.0758,23.6102,HCLTECH,2023-12-08,0,18.5315,Nifty 50,2023-12,0.03574665
3.5415,28,3.0047,0.8715,69.0484,13.7942,2.0243,0.0682,1,0.0695,1.0432,10.9335,TECHM,2023-12-14,0,-0.155,Nifty 50,2023-12,0.100819945
6.4691,18,2.261,0.906,64.5487,14.4993,2.5628,0.0864,1,0.0695,1.3323,16.4834,SHRIRAMFIN,2023-12-14,0,7.4764,Nifty 50,2023-12,0.16030224
3.8145,89,2.332,0.8077,62.0143,11.461,1.6061,0.0486,1,0.0695,1.0223,10.0528,INFY,2023-12-14,0,4.9342,Nifty 50,2023-12,0.14398035
5.0191,19,5.1825,0.4523,69.3281,8.8211,2.5107,0.0549,1,0.0695,1.1984,13.0271,PARAS,2023-12-14,0,-8.6093,Batch 4,2023-12,0.2986551
4.5704,151,4.0488,0.8205,65.7837,17.8111,1.8058,0.0544,1,0.077,0.9776,14.6752,NESTLEIND,2023-12-19,0,-0.3588,Nifty 50,2023-12,0.09278637
5.1951,12,2.8532,0.6752,59.3109,10.9123,2.4214,0.06,1,0.06,0.881,5.9451,AUBANK,2023-12-20,0,-2.1527,Nifty 50,2023-12,0.2748713
8.3133,17,2.5762,0.7332,61.268,14.1565,5.7309,0.1304,1,0.0636,1.6524,25.737,SANGHVIMOV,2023-12-21,0,-13.9528,Batch 4,2023-12,0.27735153
4.8627,16,2.889,0.835,66.9688,13.8955,2.1895,0.0699,1,0.0695,0.9712,3.5638,DIVISLAB,2023-12-26,0,-4.2821,Nifty 50,2023-12,0.30947888
7.4456,6,4.1599,0.8319,67.8156,8.3747,2.8878,0.0962,1,0.0777,1.0374,8.2325,MOTHERSON,2023-12-29,0,7.2713,Nifty 50,2023-12,0.061078392
4.2745,257,1.6379,0.8287,62.884,9.6248,1.6165,0.0389,1,0.0777,0.8473,-1.4677,DABUR,2023-12-29,0,-4.1777,Nifty 50,2023-12,0.05412856
9.0487,33,4.0932,0.8814,67.06,10.3654,3.6045,0.1045,1,0.0651,1.1482,9.8648,PARAS,2024-01-04,0,-10.3648,Batch 4,2024-01,0.26735482
5.6536,42,2.6563,0.8286,63.2691,11.8023,2.0349,0.0472,1,0.0651,0.8802,7.9132,BAJFINANCE,2024-01-04,0,-5.6238,Nifty 50,2024-01,0.106626645
5.5731,41,2.2637,1.0,62.9692,14.2976,3.2069,0.0408,1,0.0525,0.8647,-7.9222,SERVOTECH,2024-01-08,0,5.6558,Batch 4,2024-01,0.28959197
4.973,9,2.4567,0.725,64.0275,8.4167,2.6331,0.0912,1,0.0515,1.0116,13.9285,ABB,2024-01-09,0,-6.9108,Nifty 50,2024-01,0.12761465
5.7635,14,2.4852,0.8549,68.661,11.2267,2.0274,0.0865,1,0.0513,1.0,7.7302,JIOFIN,2024-01-11,0,-4.9451,Nifty 50,2024-01,0.14479735
5.4578,109,3.5287,0.9161,64.3243,18.1567,2.2493,0.0911,1,0.0603,1.0476,11.6979,INFY,2024-01-12,0,-2.842,Nifty 50,2024-01,0.09274321
7.1281,49,9.1117,0.3902,60.2604,14.8538,4.5437,0.0361,1,0.0603,0.8636,-6.4849,EMUDHRA,2024-01-12,1,51.254,Batch 4,2024-01,0.06738021
4.5749,129,7.1885,0.6732,61.0154,23.014,2.2257,0.0236,1,0.0368,0.9851,8.1335,ICICIGI,2024-01-17,0,17.6066,Nifty 50,2024-01,0.6021031
7.7782,13,2.0592,0.9085,65.473,10.8975,3.524,0.144,1,0.035,2.5798,67.1664,RECLTD,2024-01-19,0,0.0306,Nifty 50,2024-01,0.627273
5.6883,6,2.0317,0.8411,67.6924,8.5326,2.3231,0.1073,1,0.0304,1.6082,44.2326,COALINDIA,2024-01-20,0,6.1982,Nifty 50,2024-01,0.22879037
4.341,9,2.086,0.8707,65.2343,9.4977,2.2938,0.0894,1,0.0127,1.1003,16.1529,ZYDUSLIFE,2024-01-23,1,26.576,Nifty 50,2024-01,0.26614845
3.4695,19,1.7534,0.9333,65.0914,10.2125,2.4414,0.0771,1,0.0211,1.2221,27.4327,POWERGRID,2024-01-24,0,9.8345,Nifty 50,2024-01,0.15943955
9.1212,16,2.3059,0.6453,63.6588,20.304,4.454,0.1111,1,0.0145,1.5921,65.5395,AVL,2024-01-25,0,-14.3407,Batch 4,2024-01,0.33117336
5.377,19,2.0058,0.8525,65.8167,11.9509,3.1101,0.1258,1,0.0145,1.1699,25.8199,AMBUJACEM,2024-01-25,0,0.4011,Nifty 50,2024-01,0.42517528
6.3413,10,1.9385,0.9195,66.6857,8.993,3.056,0.1325,1,0.0307,1.6445,49.0962,COALINDIA,2024-01-29,0,3.0699,Nifty 50,2024-01,0.49389598
6.0349,114,3.7321,0.9508,69.7556,12.599,2.2638,0.0696,1,0.0265,0.9867,9.016,DRREDDY,2024-01-31,0,0.2406,Nifty 50,2024-01,0.34694648
6.1398,280,4.811,0.2596,56.7761,8.8687,2.3571,0.0183,1,0.0232,0.8865,-1.0265,DABUR,2024-02-01,0,-6.009,Nifty 50,2024-02,0.1994171
4.7613,90,2.7595,0.8753,66.7902,12.4552,1.9222,0.0372,1,0.0232,0.9957,3.4387,MARUTI,2024-02-01,0,13.792,Nifty 50,2024-02,0.2705113
7.121,25,2.7046,0.8278,63.4837,8.2231,3.2806,0.0809,1,0.0286,1.0766,13.5831,JINDALSTEL,2024-02-02,0,-9.2812,Nifty 50,2024-02,0.22797047
10.8658,4,3.1963,0.8629,66.0797,9.4168,4.0391,0.1676,1,0.0286,1.2333,37.6609,SAIL,2024-02-02,0,-3.55,Nifty 50,2024-02,0.9140725
7.2909,27,2.0149,0.8824,68.6798,8.5076,2.6345,0.0771,1,0.0262,1.0625,14.4977,SBIN,2024-02-07,0,9.1439,Nifty 50,2024-02,0.22411808
7.5171,8,7.5191,0.5557,66.623,13.0275,4.2815,0.1463,1,0.0145,1.5297,49.0224,WINDLAS,2024-02-08,0,-7.0863,Batch 4,2024-02,0.7134229
4.7086,13,3.0136,0.8022,65.7414,11.8472,2.9807,0.0891,1,0.0145,1.4784,63.9467,HAL,2024-02-08,0,-0.1238,Nifty 50,2024-02,0.51291895
7.1964,28,2.6265,0.7498,61.4367,9.9163,2.8109,0.0352,1,0.017,0.8295,4.2944,PIIND,2024-02-15,0,0.8078,Nifty 50,2024-02,0.5388875
7.3954,39,3.3817,0.8301,65.036,14.7259,2.9437,0.0625,1,0.017,0.9984,13.9587,M&M,2024-02-15,0,2.519,Nifty 50,2024-02,0.4436308
9.9737,39,9.5945,0.6978,65.5457,18.6286,3.3363,0.0623,1,0.0194,1.0138,18.2315,ABB,2024-02-21,1,62.6923,Nifty 50,2024-02,0.4294578
3.3741,157,1.9912,0.6113,58.6535,8.5436,1.8031,-0.0027,1,0.0194,0.9452,-0.699,DMART,2024-02-21,0,15.575,Nifty 50,2024-02,0.17553306
8.4181,11,3.1372,0.8682,67.5362,13.6018,3.564,0.0899,1,0.0191,1.1712,51.7809,ADANIENSOL,2024-02-26,0,-12.6134,Nifty 50,2024-02,0.5646628
6.3988,90,5.7022,0.7848,68.6114,20.1567,2.6731,0.0541,1,0.011,0.8953,3.8425,BERGEPAINT,2024-02-29,0,-8.8588,Nifty 50,2024-02,0.52604085
5.9414,110,2.8875,0.9078,65.2762,14.1781,2.5403,0.0888,1,0.0263,1.0573,25.7231,TATASTEEL,2024-03-01,0,-7.3542,Nifty 50,2024-03,0.15226093
7.5298,6,1.7692,0.8431,65.2592,9.9857,2.0508,0.0461,1,0.0263,1.1587,22.8239,LT,2024-03-01,0,-1.86,Nifty 50,2024-03,0.24478121
7.5433,49,2.1753,0.7887,68.6647,9.4211,3.0195,0.0979,1,0.0263,1.3613,41.4666,TVSMOTOR,2024-03-01,0,-8.0344,Nifty 50,2024-03,0.5137789
6.8416,45,2.2066,0.9566,65.9135,10.3101,2.8759,0.1007,1,0.0263,1.0361,28.5402,JINDALSTEL,2024-03-01,0,-7.0694,Nifty 50,2024-03,0.4325611
4.6714,269,1.6643,0.9453,60.0027,12.3009,2.0946,0.0232,1,0.0263,1.0455,16.9625,TITAN,2024-03-01,0,-5.3915,Nifty 50,2024-03,0.10363281
4.5313,18,1.9167,0.69,60.4862,8.9952,2.2155,0.0101,1,0.0273,0.8311,0.7345,HDFCLIFE,2024-03-04,0,-1.7563,Nifty 50,2024-03,0.31942588
4.4813,20,4.1564,0.9413,65.1605,14.1664,1.8556,0.0542,1,0.0288,0.9874,22.4635,PIDILITIND,2024-03-06,0,1.0327,Nifty 50,2024-03,0.57366765
5.2017,53,8.5958,0.8205,60.3052,10.1492,2.5926,0.0499,1,0.0211,1.1548,33.0639,INDIGO,2024-03-11,0,7.7755,Nifty 50,2024-03,0.5928859
4.7643,59,2.8223,0.9326,66.5776,12.3731,2.4008,0.0626,1,0.0111,1.2404,27.0128,COLPAL,2024-03-14,0,-1.3531,Nifty 50,2024-03,0.3908809
4.9124,36,3.4102,0.8576,67.1417,8.0345,2.3364,0.0769,1,0.0034,0.9831,8.1046,SRF,2024-03-21,0,-2.6868,Nifty 50,2024-03,0.20029089
11.0165,8,6.627,0.8896,68.7177,15.8498,4.9059,0.1434,1,0.0069,1.0211,16.9891,DEEPINDS,2024-03-22,0,-7.3288,Batch 4,2024-03,0.6972598
5.9011,24,2.4853,0.7941,62.7007,11.3966,3.0887,0.053,1,0.008,1.1484,15.021,NAUKRI,2024-03-27,0,2.8148,Nifty 50,2024-03,0.5368378
4.3871,130,2.0654,0.7792,62.9627,10.1258,2.4286,0.0594,1,0.017,1.0501,16.5355,GRASIM,2024-03-28,0,0.4274,Nifty 50,2024-03,0.29937938
4.1108,149,3.6454,0.6895,61.5062,13.5907,2.2139,0.0312,1,0.017,0.9271,1.7297,BAJAJFINSV,2024-03-28,0,-3.3236,Nifty 50,2024-03,0.45414004
7.6338,69,1.9293,0.883,66.6793,10.6483,2.6881,0.0689,1,0.0223,0.9867,14.4517,JSWSTEEL,2024-04-01,0,-4.0581,Nifty 50,2024-04,0.13414428
2.9434,35,1.5796,0.7288,57.3476,8.5715,1.5783,0.004,1,0.0221,0.7947,-6.5531,ASIANPAINT,2024-04-04,0,-5.3391,Nifty 50,2024-04,0.046809137
8.8883,14,1.7907,0.662,64.1809,8.2667,4.3897,0.108,1,0.0209,0.9814,15.6163,NGLFINE,2024-04-05,0,-4.0873,Batch 4,2024-04,0.08035761
9.8056,49,2.5605,0.6652,69.2603,8.3745,2.9655,0.0879,1,0.0267,1.0569,9.9054,EICHERMOT,2024-04-08,0,6.4766,Nifty 50,2024-04,0.031974882
6.1403,169,5.4713,0.9413,64.718,15.515,2.4391,0.0637,1,0.0285,1.0134,14.4206,UNITDSPR,2024-04-10,0,7.5912,Nifty 50,2024-04,0.13492303
5.9571,32,3.9122,0.8007,60.2281,11.8637,2.7,0.0413,1,0.0054,1.3885,38.5004,ONGC,2024-04-15,0,-1.369,Nifty 50,2024-04,0.58469063
3.6894,14,2.7394,0.7562,66.1434,11.3714,2.1718,0.0766,0,-0.0077,1.1996,23.5541,BHARTIARTL,2024-04-18,0,2.4996,Nifty 50,2024-04,0.38320357
4.603,32,5.696,0.5122,57.2141,10.0318,2.8887,0.0316,0,-0.0077,1.1469,18.2887,ICICIGI,2024-04-18,0,-7.6542,Nifty 50,2024-04,0.56109583
5.2984,145,2.5328,0.9401,65.878,9.9232,2.1106,0.0703,1,0.008,1.0567,14.1801,GRASIM,2024-04-23,0,-2.8667,Nifty 50,2024-04,0.23862766
6.3801,33,2.3868,0.962,69.8689,11.6595,2.0733,0.0734,1,0.0158,1.2556,31.1124,SBIN,2024-04-25,0,-0.0643,Nifty 50,2024-04,0.25686473
6.1041,84,3.5065,0.8548,66.4212,15.283,2.2161,0.0523,1,0.0158,0.9984,1.0898,AXISBANK,2024-04-25,0,-0.2385,Nifty 50,2024-04,0.55442274
8.0846,9,2.7104,0.8989,67.5014,8.2266,3.1364,0.0846,1,0.0083,1.9175,70.5882,IRFC,2024-04-26,0,-9.9598,Nifty 50,2024-04,0.11325398
8.0229,54,7.0998,0.3564,58.2823,21.3799,2.8762,0.0104,1,0.0083,0.9574,1.1363,TECHM,2024-04-26,0,-1.9195,Nifty 50,2024-04,0.5989101
9.1556,1,2.1859,0.726,61.2194,14.9863,2.9615,0.0758,1,0.0175,0.7738,-15.871,AUBANK,2024-04-29,0,-2.0967,Nifty 50,2024-04,0.24985012
7.7849,7,4.8926,0.8094,68.3805,10.6991,2.7986,0.0866,1,0.0151,1.5662,7.2244,PFC,2024-04-30,0,-3.7566,Nifty 50,2024-04,0.6759106
7.5036,3,1.9124,0.8682,67.7332,9.2278,2.752,0.1042,1,0.0151,1.2027,26.0434,M&M,2024-04-30,1,25.0972,Nifty 50,2024-04,0.31010416
4.7895,46,2.963,0.7,64.567,8.5757,2.4513,0.0393,1,0.0151,1.1922,28.6339,HDFCAMC,2024-04-30,0,-6.749,Nifty 50,2024-04,0.44606635
6.1406,17,1.9932,0.8937,62.4235,8.974,3.2897,0.0419,1,0.0164,1.6453,41.1084,BPCL,2024-05-02,0,-5.4538,Nifty 50,2024-05,0.32763472
3.8167,52,2.2442,0.8884,65.7661,13.2597,1.583,0.0358,1,0.0164,0.8475,-10.8107,ASIANPAINT,2024-05-02,0,-6.3112,Nifty 50,2024-05,0.2847553
5.4492,340,2.3021,0.6168,60.7858,16.3046,1.6644,0.0049,1,0.0164,0.8481,-4.1773,DABUR,2024-05-02,0,19.5431,Nifty 50,2024-05,0.12406147
5.6294,18,4.8494,0.9536,67.4556,10.791,2.4491,0.0699,1,0.0082,1.2934,34.7596,COALINDIA,2024-05-03,0,-2.3155,Nifty 50,2024-05,0.43892628
4.7319,79,5.6965,0.6433,67.7901,25.8292,2.0449,0.0424,1,0.0065,0.9739,0.0395,BRITANNIA,2024-05-06,0,14.3635,Nifty 50,2024-05,0.7081898
4.391,179,2.1947,0.7651,66.9857,10.0204,1.9174,0.037,1,0.0065,0.8386,0.6453,MARICO,2024-05-06,0,20.2224,Nifty 50,2024-05,0.23921132
4.9321,344,3.1099,0.9219,69.6861,19.7396,1.736,0.0336,1,0.0001,0.8208,-7.6176,HINDUNILVR,2024-05-07,0,14.6045,Nifty 50,2024-05,0.04139258
6.2612,52,1.673,0.9,60.8351,11.8108,2.7206,0.0424,0,-0.0087,1.2264,27.639,LUPIN,2024-05-13,0,-7.3594,Nifty 50,2024-05,0.058379635
5.8208,13,2.881,0.9075,67.4204,8.1209,2.9412,0.1191,0,-0.0036,1.3673,31.5121,JINDALSTEL,2024-05-14,0,-0.7082,Nifty 50,2024-05,0.13806102
5.435,10,2.3068,0.8242,61.4178,10.046,3.5942,0.0885,0,-0.0036,1.3671,20.0191,ADANIPOWER,2024-05-14,0,13.1587,Nifty 50,2024-05,0.7313518
8.5341,14,2.6549,0.9308,64.9545,8.7791,5.4143,0.1588,0,-0.0046,1.6732,76.2042,SANGHVIMOV,2024-05-15,0,-24.1822,Batch 4,2024-05,0.6419745
5.6752,14,5.1972,0.6541,64.2147,14.4567,3.3892,0.0999,1,0.0068,1.1934,22.3697,NAUKRI,2024-05-17,0,-9.156,Nifty 50,2024-05,0.70129544
8.056,30,1.8439,0.8637,67.038,8.0635,3.521,0.0962,1,0.0094,1.2554,28.9754,COALINDIA,2024-05-21,0,-5.3763,Nifty 50,2024-05,0.08259746
5.0481,20,1.9027,0.8829,69.8866,9.4335,2.4884,0.0914,1,0.0094,1.237,32.988,TATASTEEL,2024-05-21,0,-6.1865,Nifty 50,2024-05,0.17312531
5.6547,95,1.5281,0.915,65.8111,8.2878,1.7714,0.0479,1,0.0284,1.0069,4.0338,ULTRACEMCO,2024-05-23,0,-4.4901,Nifty 50,2024-05,0.029618245
6.2588,80,1.9306,0.9243,63.9888,18.382,1.7461,0.0398,1,0.0376,1.0996,10.4465,RELIANCE,2024-06-03,0,-6.6009,Nifty 50,2024-06,0.5456429
9.102,69,3.5453,0.4837,63.7206,8.8395,2.9212,0.0868,1,0.0376,1.192,17.5695,HDFCAMC,2024-06-03,0,-9.405,Nifty 50,2024-06,0.52908474
11.0516,33,3.6804,0.7478,68.042,11.5446,2.5061,0.0865,1,0.0376,1.3216,24.8929,AMBUJACEM,2024-06-03,0,-9.7771,Nifty 50,2024-06,0.42530575
10.8292,2,1.565,0.9003,68.2917,14.855,3.1557,0.0929,1,0.0376,1.3985,38.7312,CANBK,2024-06-03,0,-10.6843,Nifty 50,2024-06,0.07764021
3.0407,109,1.9481,0.6458,63.1515,11.9327,1.9086,0.0462,1,0.0376,1.0737,16.0929,ICICIBANK,2024-06-03,0,-6.561,Nifty 50,2024-06,0.089722395
8.9431,39,1.9227,0.408,63.0395,11.9742,2.9317,0.0901,1,0.0376,1.3901,38.4771,BPCL,2024-06-03,0,-9.6895,Nifty 50,2024-06,0.17623043
8.0607,26,1.8259,0.7273,62.5728,10.4283,2.2295,0.0704,1,0.0376,1.4748,30.9479,TATAPOWER,2024-06-03,0,-8.3951,Nifty 50,2024-06,0.21214893
6.4129,74,2.281,0.8649,65.7151,13.0722,2.0452,0.0336,1,0.0376,0.903,-2.0114,INDUSINDBK,2024-06-03,0,-6.4264,Nifty 50,2024-06,0.45164195
8.544,28,2.7921,0.9291,68.6505,20.7042,2.5469,0.1044,1,0.0376,1.2976,27.0222,NTPC,2024-06-03,0,-10.7655,Nifty 50,2024-06,0.6617595
7.5365,4,2.0883,0.7306,66.2107,12.3069,2.5993,0.0635,1,0.0376,1.5279,34.0516,PNB,2024-06-03,0,-9.2396,Nifty 50,2024-06,0.59390754
9.547,8,3.088,0.5216,67.8102,15.5054,3.3192,0.1444,1,0.0376,1.3985,43.4367,POWERGRID,2024-06-03,0,-10.8792,Nifty 50,2024-06,0.5578642
8.3664,6,2.732,0.8697,62.3133,18.2614,2.3425,0.0533,1,0.0376,1.3905,18.8136,IOC,2024-06-03,0,-10.8331,Nifty 50,2024-06,0.75874966
8.4738,102,2.0993,0.8361,67.0903,14.9649,2.2202,0.0712,1,0.0376,1.0064,3.7286,ULTRACEMCO,2024-06-03,0,-8.4621,Nifty 50,2024-06,0.19585057
4.3684,7,2.845,0.6892,65.4442,9.6375,2.2022,0.0716,0,-0.024,0.9922,3.0718,BRITANNIA,2024-06-04,0,5.0755,Nifty 50,2024-06,0.7750089
3.9076,3,2.6821,0.8283,69.2336,8.553,2.4548,0.1276,0,-0.024,1.0601,17.3253,MARICO,2024-06-04,0,1.2439,Nifty 50,2024-06,0.15840064
5.7207,9,4.3281,0.869,66.3232,15.6105,2.6251,0.0906,0,-0.024,0.9895,7.3923,DABUR,2024-06-04,0,3.5009,Nifty 50,2024-06,0.7772473
4.9799,364,4.0359,0.9181,69.5669,15.3664,1.8746,0.0885,0,-0.024,0.9018,1.1098,HINDUNILVR,2024-06-04,0,10.28,Nifty 50,2024-06,0.016716087
6.8971,13,1.669,0.9307,67.3489,16.1034,3.5378,0.1336,1,0.0081,1.5921,54.98,TRENT,2024-06-05,0,9.3255,Nifty 50,2024-06,0.12997973
5.6481,76,1.5412,0.5974,61.2314,12.6095,2.1492,0.0347,1,0.0081,0.8479,-3.0429,ASIANPAINT,2024-06-05,0,-3.4698,Nifty 50,2024-06,0.081222594
5.6904,98,2.2074,0.5542,55.1619,9.7002,2.3212,0.0035,1,0.0081,0.9405,1.9084,NESTLEIND,2024-06-05,0,-1.0516,Nifty 50,2024-06,0.2564221
6.8134,27,1.9812,0.7053,63.0627,13.0836,3.3466,0.0792,1,0.0081,0.8124,-6.5527,AUBANK,2024-06-05,0,-5.8813,Nifty 50,2024-06,0.12837686
5.29,38,3.069,0.7364,61.1287,13.7174,2.3688,0.0306,1,0.0081,1.1036,-0.2872,TATACONSUM,2024-06-05,0,6.6232,Nifty 50,2024-06,0.6723167
4.8295,66,2.2019,0.6906,64.646,14.0286,1.9807,0.0409,1,0.0081,1.0738,7.8165,ABBOTINDIA,2024-06-05,0,-1.5754,Nifty 50,2024-06,0.7148163
8.6161,113,2.2557,0.5776,69.3343,9.772,2.3604,0.0824,1,0.0081,1.1827,21.3931,COLPAL,2024-06-05,0,22.2071,Nifty 50,2024-06,0.072768085
4.5666,10,1.6016,0.953,57.712,12.9459,2.309,-0.0147,1,0.0164,0.9693,-11.3486,HCLTECH,2024-06-06,0,10.758,Nifty 50,2024-06,0.29629946
9.1117,83,2.7586,0.9377,66.4568,8.327,2.7151,0.0911,1,0.0361,1.0135,4.2965,TECHM,2024-06-07,0,22.4762,Nifty 50,2024-06,0.09503151
6.3831,37,2.4953,0.9023,66.9359,9.9332,2.1369,0.0578,1,0.0361,0.9352,-8.1181,INFY,2024-06-07,0,15.1406,Nifty 50,2024-06,0.84286
7.2131,65,4.6504,0.9017,64.8693,11.5235,2.4241,0.0477,1,0.0361,1.0403,3.1167,WIPRO,2024-06-07,0,6.6624,Nifty 50,2024-06,0.51891655
10.0665,5,5.3029,0.6236,68.4114,10.5967,5.7002,0.1413,1,0.0328,1.7023,90.9445,EMUDHRA,2024-06-11,0,-7.6376,Batch 4,2024-06,0.5338414
7.0414,30,3.8875,0.4721,58.9842,8.9278,3.5563,0.0182,1,0.037,1.0061,1.0545,SERVOTECH,2024-06-13,1,67.6136,Batch 4,2024-06,0.9031721
6.5068,19,3.9482,0.8533,63.423,9.1744,2.8403,0.024,1,0.037,0.7497,1.0901,HDFCLIFE,2024-06-13,0,19.0428,Nifty 50,2024-06,0.7196549
7.5425,72,6.1015,0.7138,61.7972,8.8504,3.0907,0.0391,1,0.039,1.0621,15.4665,ICICIGI,2024-06-14,0,23.7406,Nifty 50,2024-06,0.74931186
5.763,18,1.6693,0.9532,61.7518,10.9099,3.1128,0.0261,1,0.0421,0.8309,-2.1502,IDFCFIRSTB,2024-06-18,0,-4.0427,Nifty 50,2024-06,0.052531216
11.3526,37,3.8213,0.8821,65.3406,10.2646,3.3098,0.0799,1,0.0421,1.1133,35.1164,DMART,2024-06-18,0,3.3845,Nifty 50,2024-06,0.2995528
3.8685,72,1.7531,0.7961,64.5142,12.419,2.3997,0.0299,1,0.0406,1.0047,13.3738,PIIND,2024-06-20,0,23.002,Nifty 50,2024-06,0.22189169
6.4066,24,3.8171,0.947,65.202,9.2663,1.8656,0.0395,1,0.0562,0.9873,-0.3555,DRREDDY,2024-06-27,0,6.6813,Nifty 50,2024-06,0.77271307
9.1084,1,10.4189,0.6557,65.5342,19.1285,3.7147,0.0976,1,0.0595,1.0,4.8865,RPTECH,2024-07-03,0,4.7722,Batch 4,2024-07,0.82104456
6.7219,3,2.1824,0.9156,64.4194,8.4057,2.0836,0.055,1,0.0576,1.2241,4.9081,ONGC,2024-07-05,0,7.368,Nifty 50,2024-07,0.522526
5.8812,11,4.8075,0.756,67.3213,10.3945,2.6791,0.1097,1,0.0576,1.6503,23.6728,IRFC,2024-07-05,0,-3.8935,Nifty 50,2024-07,0.4657712
5.161,6,5.392,0.6763,61.402,12.4863,3.4025,0.049,1,0.0558,1.0644,25.2101,DEEPINDS,2024-07-08,1,40.2097,Batch 4,2024-07,0.66897583
7.7267,58,2.9901,0.81,62.7745,24.4402,1.934,0.025,1,0.0588,1.1379,11.8662,MARUTI,2024-07-09,0,-3.6039,Nifty 50,2024-07,0.5556729
2.9689,100,2.0335,0.8498,64.3809,13.9231,1.5491,0.0369,1,0.0526,0.8035,4.7875,ASIANPAINT,2024-07-10,0,-4.7251,Nifty 50,2024-07,0.08872805
5.7732,10,3.9762,0.728,62.0519,10.286,3.5837,0.0624,1,0.0507,0.877,17.7861,HARIOMPIPE,2024-07-11,0,15.2713,Batch 4,2024-07,0.6982031
7.4517,30,6.7717,0.6515,67.7891,15.6656,3.2532,0.1054,1,0.057,1.0902,22.6397,NGLFINE,2024-07-12,0,-9.7118,Batch 4,2024-07,0.47580802
7.5995,97,4.5286,0.93,69.5375,17.642,1.9994,0.079,1,0.057,0.9942,2.1697,TCS,2024-07-12,0,-1.388,Nifty 50,2024-07,0.122928016
5.3946,93,1.958,0.8649,64.0991,13.5233,2.0486,0.0605,1,0.0587,0.9936,1.3473,ABBOTINDIA,2024-07-15,0,-5.3503,Nifty 50,2024-07,0.08600649
3.1773,223,1.6897,0.9549,69.0758,10.2015,1.4554,0.0447,1,0.0637,0.9013,1.9731,BAJAJFINSV,2024-07-18,0,-4.4964,Nifty 50,2024-07,0.025553796
4.6534,93,2.1807,0.9063,67.6315,12.7033,2.2717,0.0794,1,0.0469,1.0312,9.7208,PIIND,2024-07-22,0,14.898,Nifty 50,2024-07,0.11742533
7.8451,39,4.2036,0.9102,62.9124,20.0232,2.1572,0.0353,1,0.0434,0.8139,-8.4515,TITAN,2024-07-23,0,-5.1863,Nifty 50,2024-07,0.6689896
4.7749,17,4.1807,0.8023,58.9729,20.3601,2.9331,0.0058,1,0.0364,0.9588,-4.0377,ADANIGREEN,2024-07-25,0,-1.8673,Nifty 50,2024-07,0.88884056
8.1812,42,2.5575,0.936,68.2836,9.7835,2.6052,0.0953,1,0.0364,1.1083,6.6007,IOC,2024-07-25,0,-7.375,Nifty 50,2024-07,0.53857684
5.8119,63,2.9799,0.9065,56.7698,12.2735,3.0976,0.018,1,0.0522,1.0985,19.5591,TATAPOWER,2024-07-26,0,-6.7569,Nifty 50,2024-07,0.18390335
7.0129,11,4.0333,0.6638,59.449,16.3016,3.8413,0.0997,1,0.0522,1.0974,25.9961,SHRIRAMFIN,2024-07-26,0,12.8737,Nifty 50,2024-07,0.6521448
4.1556,37,2.8079,0.7475,68.232,17.8061,1.9796,0.0526,1,0.0522,0.956,7.0518,CIPLA,2024-07-26,0,0.0904,Nifty 50,2024-07,0.56117904
4.1028,26,2.2992,0.9212,68.3063,15.2797,2.4937,0.0773,1,0.0522,1.1332,37.6688,DIVISLAB,2024-07-26,0,20.8243,Nifty 50,2024-07,0.2957098
8.4771,16,4.0594,0.6378,68.0168,8.7927,4.3961,0.1292,1,0.0501,1.3774,57.6375,WINDLAS,2024-07-29,0,-5.9848,Batch 4,2024-07,0.63443327
4.7286,18,2.2114,0.8681,59.9558,10.6876,3.1876,0.0395,1,0.0501,1.0055,3.4913,DLF,2024-07-29,0,-3.2219,Nifty 50,2024-07,0.44087029
6.1577,19,3.9554,0.6575,60.7901,12.8087,2.9609,0.0264,1,0.0501,1.0734,5.2623,PNB,2024-07-29,0,-10.1353,Nifty 50,2024-07,0.71396273
10.2733,22,13.7665,0.5924,64.0747,26.6873,4.1147,0.0509,1,0.0489,0.7712,18.0223,JINDRILL,2024-07-30,0,-10.1874,Batch 4,2024-07,0.58936155
6.4713,32,2.2678,0.8407,64.0587,9.2491,3.6293,0.066,1,0.0507,1.3603,10.5013,SANGHVIMOV,2024-07-31,0,-12.5378,Batch 4,2024-07,0.5984818
5.3784,21,1.8582,0.8866,69.7826,8.1106,2.7139,0.0964,1,0.051,1.2229,39.4208,POWERGRID,2024-08-01,0,-9.2835,Nifty 50,2024-08,0.058475252
5.9807,14,4.7626,0.7772,63.4205,9.735,3.0149,0.1014,1,0.0368,1.261,41.4993,NAUKRI,2024-08-02,0,4.1857,Nifty 50,2024-08,0.8329798
6.1763,27,2.0235,0.4728,62.1685,9.2252,3.0861,0.0663,1,0.0162,1.1397,23.6011,TVSMOTOR,2024-08-07,0,5.33,Nifty 50,2024-08,0.5013432
6.1765,69,3.473,0.8302,61.4079,19.4604,2.8984,0.0227,1,0.0329,0.9715,-11.0968,JIOFIN,2024-09-02,0,-6.1724,Nifty 50,2024-09,0.63896525
5.1728,47,3.1282,0.8134,66.7443,9.0768,2.4345,0.0691,1,0.0233,1.2212,16.5819,DMART,2024-09-05,0,-6.9611,Nifty 50,2024-09,0.6884938
7.7061,50,2.233,0.6489,58.9174,9.5896,2.465,0.0359,1,0.0133,1.0747,22.3493,GODREJCP,2024-09-09,0,-6.523,Nifty 50,2024-09,0.5995193
7.1661,50,2.727,0.8777,64.0519,8.3703,2.0102,0.0486,1,0.0133,1.1105,30.4481,DABUR,2024-09-09,0,-5.7227,Nifty 50,2024-09,0.12012259
6.6136,8,3.4712,0.9325,61.3666,18.5434,1.9238,0.0356,1,0.0167,1.012,-2.7302,TATAPOWER,2024-09-10,0,-0.1985,Nifty 50,2024-09,0.8398075
9.2348,7,2.1272,0.8302,63.6886,17.8008,3.8713,0.0365,1,0.0167,1.3146,15.6272,EMUDHRA,2024-09-10,0,2.2779,Batch 4,2024-09,0.5579681
2.8651,78,1.6021,0.8333,61.9336,11.1518,1.2918,0.0169,1,0.0291,0.9295,12.4962,KOTAKBANK,2024-09-12,0,-0.2477,Nifty 50,2024-09,0.14356987
4.6761,30,2.2112,0.7766,63.2949,10.392,2.3896,0.0367,1,0.0291,1.0676,7.3344,JINDALSTEL,2024-09-12,0,-4.3808,Nifty 50,2024-09,0.35182327
7.1171,11,4.928,0.6726,65.3429,9.432,2.8937,0.0617,1,0.0251,1.5913,59.9976,MOTHERSON,2024-09-18,0,-5.673,Nifty 50,2024-09,0.82702607
4.8441,70,2.5031,0.8766,63.5669,8.7208,1.8003,0.043,1,0.0397,0.9165,12.2638,LT,2024-09-20,0,-5.7237,Nifty 50,2024-09,0.42558223
2.7162,109,1.597,0.7373,60.6738,9.3251,1.395,0.0151,1,0.0397,0.9202,-1.5584,MARUTI,2024-09-20,0,0.4963,Nifty 50,2024-09,0.20725873
5.3591,56,1.565,0.8779,60.7221,9.0184,2.3762,0.0417,1,0.0397,0.902,4.5945,DLF,2024-09-20,0,-4.213,Nifty 50,2024-09,0.34496257
4.7086,107,3.6822,0.7171,63.4766,9.5625,2.2523,0.0626,1,0.0397,1.0365,11.35,JSWSTEEL,2024-09-20,0,-2.2307,Nifty 50,2024-09,0.3654835
6.4711,57,4.4834,0.9433,68.1467,12.8753,2.1742,0.0655,1,0.0397,1.3538,29.9991,M&M,2024-09-20,0,-1.6674,Nifty 50,2024-09,0.5702977
7.4546,9,2.6656,0.9307,66.2823,9.0962,2.2159,0.0753,1,0.0432,1.1287,9.8722,HINDALCO,2024-09-24,0,-3.1697,Nifty 50,2024-09,0.79625326
4.9448,21,3.3249,0.8538,63.996,11.4258,2.0955,0.0359,1,0.0432,0.9298,-1.0908,TATASTEEL,2024-09-24,0,-2.7816,Nifty 50,2024-09,0.5816316
4.0662,58,1.8194,0.8902,65.7797,9.0814,1.7314,0.0316,1,0.0432,1.0851,12.016,POWERGRID,2024-09-24,0,-3.8618,Nifty 50,2024-09,0.65533715
8.9758,16,3.294,0.8674,67.8227,13.37,2.5994,0.0877,1,0.049,1.0765,17.7183,BPCL,2024-09-27,0,-8.6958,Nifty 50,2024-09,0.46829528
6.3522,38,10.8976,0.5412,60.3729,18.021,3.5672,0.0098,0,-0.01,0.7654,-0.573,JINDRILL,2024-10-18,0,-9.5771,Batch 4,2024-10,0.40240073
5.2184,50,2.0511,0.9515,61.4897,14.0009,2.087,0.0406,0,-0.0261,0.9311,-1.3096,SBIN,2024-10-29,0,-4.5761,Nifty 50,2024-10,0.46570462
9.9222,46,2.4957,0.8563,66.0238,13.5901,4.5704,0.0665,0,-0.0308,0.7946,6.5808,JINDRILL,2024-10-30,0,8.3356,Batch 4,2024-10,0.29219934
6.8081,9,3.1224,0.7773,57.5353,18.1038,2.4303,0.0072,0,-0.0358,0.961,2.5682,LT,2024-10-31,0,1.7693,Nifty 50,2024-10,0.6717549
11.6469,2,2.5556,0.8212,62.9111,8.0249,4.3214,0.0768,0,-0.0226,0.9849,7.916,ADANIENSOL,2024-11-06,0,-9.591,Nifty 50,2024-11,0.15006748
8.4775,60,2.7286,0.8567,63.3429,10.3181,3.4147,0.0574,0,-0.0226,1.1967,-1.324,BEL,2024-11-06,0,-10.1777,Nifty 50,2024-11,0.28115347
8.2756,10,3.289,0.7852,55.3621,11.6972,4.0002,0.0004,0,-0.034,1.0518,-9.2647,PFC,2024-11-11,0,0.1918,Nifty 50,2024-11,0.23481631
9.3409,24,2.2175,0.9252,64.1575,9.7454,2.1633,0.0474,0,-0.022,0.981,2.7769,LT,2024-11-25,0,-1.7528,Nifty 50,2024-11,0.74604523
8.0183,5,5.0135,0.8866,61.1301,15.2801,3.1472,0.0349,0,-0.022,0.9563,-3.8127,SIEMENS,2024-11-25,0,1.4388,Nifty 50,2024-11,0.48691633
5.7078,19,2.1765,0.8291,64.1043,9.9104,2.6642,0.0654,0,-0.0217,1.3036,36.1185,DIVISLAB,2024-11-29,0,-5.8432,Nifty 50,2024-11,0.41771284
6.6671,93,2.2159,0.7707,61.9583,9.1865,2.6358,0.0344,0,-0.0149,1.0903,0.8899,ULTRACEMCO,2024-12-02,0,-3.123,Nifty 50,2024-12,0.22926109
4.2248,3,4.2363,0.5062,56.7131,12.8072,3.5428,0.0,0,-0.0053,1.0,0.0,MPSLTD,2024-12-04,0,-8.7993,Batch 1,2024-12,0.49686125
9.7898,4,4.09,0.7485,63.8667,11.3082,3.1949,0.0,1,0.0055,1.0,0.0,ANANDRATHI,2024-12-05,0,-10.2699,Batch 3,2024-12,0.35609987
6.5153,4,2.7381,0.7486,65.4087,8.6957,3.6477,0.0,1,0.0055,1.0,0.0,MPSLTD,2024-12-05,0,-11.8393,Batch 1,2024-12,0.4603225
10.2405,3,3.038,0.8196,61.7961,8.1737,3.1031,0.061,1,0.0053,0.8443,-19.0864,IRFC,2024-12-06,0,-6.8381,Nifty 50,2024-12,0.056332108
8.8204,5,1.8261,0.7674,63.2645,8.77,2.9823,0.0,1,0.0053,1.0,0.0,LUMAXTECH,2024-12-06,0,3.1306,Batch 3,2024-12,0.15437225
8.7157,6,7.3521,0.701,66.9862,20.1964,3.7437,0.0,1,0.004,1.0,0.0,SIKA,2024-12-09,0,-9.8903,Batch 1,2024-12,0.45018578
12.6217,0,5.2239,0.6332,67.1104,8.9424,3.5073,0.0,1,0.004,1.0,0.0,ANANDRATHI,2024-12-09,0,-12.4213,Batch 3,2024-12,0.38543877
8.0119,12,1.7741,0.9327,58.5751,9.3462,2.7616,-0.013,1,0.005,0.9287,-5.6685,CHOLAFIN,2024-12-10,0,-7.6812,Nifty 50,2024-12,0.15161037
9.9775,8,3.664,1.0,62.9518,9.2903,4.164,0.0,1,0.0075,1.0,0.0,WEALTH,2024-12-11,0,-13.4868,Batch 1,2024-12,0.9017242
13.4389,0,4.478,0.7696,63.8189,13.7643,5.0541,0.0966,1,0.0075,1.3057,13.3806,ASIANENE,2024-12-11,0,-8.7038,Batch 4,2024-12,0.40830916
7.2483,47,1.6652,0.9584,63.8533,11.051,2.4441,0.0363,1,0.0146,1.1143,14.7404,BHARTIARTL,2024-12-13,0,-4.7558,Nifty 50,2024-12,0.12614715
6.2602,5,2.0189,0.8987,56.0241,8.114,3.8076,0.0,1,0.011,1.0,0.0,SIGMAADV,2024-12-16,0,19.3196,Batch 1,2024-12,0.09951919
3.5958,52,2.959,0.8889,64.3882,10.0415,2.1532,0.0461,0,-0.0021,1.2081,6.8704,UNITDSPR,2024-12-17,0,-1.3541,Nifty 50,2024-12,0.7504401
7.5697,2,3.5902,0.7377,59.611,10.0711,3.4748,0.0,0,-0.0021,1.0,0.0,DOMS,2024-12-17,0,-11.6549,Batch 2,2024-12,0.76954716
7.4478,104,3.2258,0.9037,67.1462,9.3639,1.9765,0.0454,0,-0.0165,1.0922,-5.4965,DRREDDY,2024-12-19,0,-2.7839,Nifty 50,2024-12,0.112802215
4.5456,6,2.2827,0.7611,69.1524,10.9602,2.3505,0.073,0,-0.0226,1.0892,9.5572,INDIGO,2024-12-24,0,-7.6491,Nifty 50,2024-12,0.4677407
4.3378,75,3.24,0.6301,60.6265,8.526,2.0926,0.0283,0,-0.0169,1.0793,4.1458,ABBOTINDIA,2024-12-27,0,-2.9891,Nifty 50,2024-12,0.26133165
6.8693,9,2.5985,1.0,69.5624,8.5013,3.3898,0.0,0,-0.0228,1.0,0.0,INDOTHAI,2024-12-30,1,40.8092,Batch 1,2024-12,0.08334134
7.7965,4,3.9173,0.9057,56.6403,14.8789,2.6244,-0.0171,0,-0.0228,0.8285,-15.5794,ADANIENT,2024-12-30,0,-9.7188,Nifty 50,2024-12,0.14972602
5.0373,11,2.9653,0.5476,57.7883,8.7291,2.4255,0.0459,0,-0.0228,1.0025,7.8438,VBL,2024-12-30,0,-5.5432,Nifty 50,2024-12,0.60480565
6.7553,33,3.68,0.9718,67.9517,13.6519,2.0933,0.0599,1,0.002,0.9807,-3.7473,MARUTI,2025-01-02,0,3.8326,Nifty 50,2025-01,0.3506247
10.7081,9,5.2607,0.6633,67.8002,11.3307,3.7714,0.0,1,0.002,1.0,0.0,MONARCH,2025-01-02,0,-12.8747,Batch 2,2025-01,0.4133762
8.8807,19,5.2041,0.8781,63.8808,25.2509,2.2304,0.029,1,0.002,1.0711,3.7045,BAJAJFINSV,2025-01-02,0,-2.205,Nifty 50,2025-01,0.7748434
6.7763,27,1.6258,0.8812,66.7173,8.6258,2.3621,0.0885,1,0.002,1.1203,16.3864,M&M,2025-01-02,0,-7.6782,Nifty 50,2025-01,0.054615706
6.9011,10,2.9689,0.913,68.479,16.0656,2.2714,0.0789,1,0.002,1.022,9.7253,BAJFINANCE,2025-01-02,0,18.8092,Nifty 50,2025-01,0.58429396
6.4687,15,1.9733,0.8743,60.3437,12.3494,3.7705,0.0,0,-0.0163,1.0,0.0,ALLDIGI,2025-01-07,0,-19.4236,Batch 2,2025-01,0.22475037
10.5694,5,6.0422,0.8486,68.773,9.4575,4.7108,0.0,0,-0.0163,1.0,0.0,VIJAYA,2025-01-07,0,-12.7505,Batch 3,2025-01,0.3391659
3.3097,82,3.1723,0.7018,57.3143,12.0154,2.3341,0.0271,0,-0.0163,0.8868,-12.075,ZYDUSLIFE,2025-01-07,0,-8.5866,Nifty 50,2025-01,0.35858202
5.8864,24,4.0069,0.6998,57.2479,8.8052,2.4746,0.0159,0,-0.0228,0.9829,-20.5955,COLPAL,2025-01-09,0,-9.3015,Nifty 50,2025-01,0.7020246
4.2688,84,1.9015,0.892,63.1996,9.5826,2.3952,0.0552,0,-0.0259,1.3694,10.4309,HCLTECH,2025-01-10,0,-7.7505,Nifty 50,2025-01,0.5228838
9.1523,32,5.8197,0.7051,56.5641,25.6938,4.2451,-0.0014,0,-0.0323,1.0,0.0,KRISHANA,2025-01-15,0,-20.0925,Batch 2,2025-01,0.47319672
5.1227,22,6.2864,0.3593,57.7408,28.5224,2.4973,-0.0078,0,-0.0276,1.0516,-13.1365,HDFCLIFE,2025-01-16,0,11.8828,Nifty 50,2025-01,0.38746214
7.1443,49,3.1458,0.8516,66.87,19.7789,2.5031,0.0857,0,-0.0245,1.1473,7.2007,KOTAKBANK,2025-01-20,0,5.0755,Nifty 50,2025-01,0.24979186
10.722,6,9.5627,0.6705,64.0184,13.7433,4.9645,0.0651,0,-0.0278,1.0,0.0,MPSLTD,2025-01-23,0,9.1758,Batch 1,2025-01,0.3478178
5.6066,28,2.2621,0.726,62.63,9.3901,2.6,0.0837,0,-0.0365,1.2082,-0.2621,BAJFINANCE,2025-01-28,0,8.8773,Nifty 50,2025-01,0.3927309
5.456,54,2.5732,0.8965,68.838,14.855,2.7183,0.0836,0,-0.013,0.9026,-15.4265,TATACONSUM,2025-01-31,0,-5.6028,Nifty 50,2025-01,0.026147287
5.3517,17,2.4389,0.8291,61.1745,10.9505,2.1533,-0.003,0,-0.013,0.865,-29.9064,HEROMOTOCO,2025-01-31,0,-6.9371,Nifty 50,2025-01,0.168922
4.5899,57,3.8505,0.584,64.9705,12.4241,2.3993,0.0445,0,-0.013,0.9747,-15.1182,NESTLEIND,2025-01-31,0,-6.8586,Nifty 50,2025-01,0.46015432
5.1135,36,2.3589,0.3973,67.5021,9.6107,2.7879,0.0717,0,-0.0138,1.058,-1.5459,MARICO,2025-02-01,0,-7.1543,Nifty 50,2025-02,0.15415148
5.8737,8,1.8979,0.7624,62.6894,18.6288,2.7727,0.04,0,-0.0138,0.8349,-17.6064,GODREJCP,2025-02-01,0,-9.3128,Nifty 50,2025-02,0.058899127
7.7449,11,1.6963,0.9729,60.0683,8.6231,4.3816,0.0635,0,-0.0181,1.0288,-17.3423,CHOLAFIN,2025-02-03,0,4.3424,Nifty 50,2025-02,0.039227135
10.5732,0,6.101,0.6402,59.9236,25.8181,4.8638,0.0184,0,-0.0181,1.0,0.0,KMCSHIL,2025-02-03,0,-16.3955,Batch 2,2025-02,0.2703515
9.0527,11,9.565,0.7323,57.9734,12.2708,5.9302,0.0266,0,-0.0032,0.7477,-12.4629,NGLFINE,2025-02-05,0,-25.6148,Batch 4,2025-02,0.19205278
14.9205,11,8.2917,0.9279,66.2274,8.254,5.9761,0.1178,0,-0.0068,0.8157,-2.5914,NGLFINE,2025-02-06,0,-32.5535,Batch 4,2025-02,0.026563926
3.7707,87,2.8003,0.5755,59.8001,10.8912,2.5824,0.0382,0,-0.0082,1.188,-1.2922,BHARTIARTL,2025-02-07,0,-5.7145,Nifty 50,2025-02,0.11027367
6.7479,12,1.9492,0.9289,59.5968,10.2533,2.7951,0.0093,0,-0.0082,0.94,-17.1915,TATASTEEL,2025-02-07,0,7.2353,Nifty 50,2025-02,0.32947496
6.0512,22,1.5698,0.8858,67.3379,9.6933,2.548,0.0436,0,-0.0082,1.1048,-4.5313,JSWSTEEL,2025-02-07,0,3.1078,Nifty 50,2025-02,0.07928952
6.1683,30,6.8803,0.8423,63.4448,13.3274,3.3535,0.0768,0,-0.026,1.3437,23.0222,MUTHOOTFIN,2025-02-13,0,-7.6064,Nifty 50,2025-02,0.36611453
9.8448,9,2.5995,0.9298,65.0248,9.0494,3.7327,0.0858,0,-0.0336,1.0598,-8.4283,SHRIRAMFIN,2025-02-27,0,-2.2871,Nifty 50,2025-02,0.615883
8.5619,3,2.5432,0.8872,64.1228,8.8606,3.3479,0.116,0,-0.0336,1.1063,-0.0035,CHOLAFIN,2025-02-27,0,-1.9221,Nifty 50,2025-02,0.47933888
7.5065,29,1.9105,0.9481,66.7337,9.3412,3.0559,0.0922,0,-0.0372,1.084,0.1614,TATASTEEL,2025-03-05,0,0.8882,Nifty 50,2025-03,0.40521047
3.6624,24,1.5884,0.7479,60.5319,8.0292,1.8429,0.0471,0,-0.0264,1.2257,13.6429,KOTAKBANK,2025-03-12,0,2.1767,Nifty 50,2025-03,0.081630506
11.5111,1,4.3482,0.5966,55.8156,17.3459,5.9318,-0.0597,0,-0.0032,1.0,-33.5088,ANTELOPUS,2025-03-19,0,-19.1416,Batch 3,2025-03,0.042547572
4.8016,50,1.7265,0.8681,59.0034,9.4583,1.8408,0.0089,1,0.0166,0.9494,-8.8399,PIDILITIND,2025-03-21,0,3.4634,Nifty 50,2025-03,0.23694812
8.7277,9,1.7335,0.9177,63.1833,8.6528,2.5068,0.0221,1,0.0298,0.916,-10.0316,CANBK,2025-03-24,0,-1.3032,Nifty 50,2025-03,0.18750852
4.8078,8,7.5924,0.1384,58.1906,9.1313,3.6456,0.0161,1,0.0298,1.0,-21.4898,SEAMECLTD,2025-03-25,0,-6.0409,Batch 3,2025-03,0.7506457
8.8026,5,1.5802,0.7897,65.4786,8.4537,1.9301,0.039,1,0.0298,1.0643,5.9264,ULTRACEMCO,2025-03-25,0,-0.6265,Nifty 50,2025-03,0.17510699
11.436,0,4.885,0.6809,59.8665,10.9779,3.2812,0.0185,1,0.0216,0.8359,-19.5737,SIEMENS,2025-03-26,0,-40.6629,Nifty 50,2025-03,0.17761189
13.7989,0,3.3185,0.9212,69.8128,8.7568,2.183,0.0806,1,0.0258,1.047,-4.3195,BANKBARODA,2025-03-27,0,1.9979,Nifty 50,2025-03,0.32647046
9.9465,9,2.6494,0.8768,60.9158,14.1837,3.1462,0.0043,1,0.0258,1.0,-8.1148,PRIVISCL,2025-03-27,0,-8.7649,Batch 3,2025-03,0.1883182
10.3194,3,5.4295,0.6315,63.8568,14.6133,3.7022,0.0069,1,0.0144,1.0,-0.2604,DPABHUSHAN,2025-04-02,0,-12.0067,Batch 1,2025-04,0.071123645
7.0171,6,3.69,0.3208,57.1188,9.2826,2.8927,0.0291,1,0.0106,1.0423,-0.5434,LUPIN,2025-04-03,0,-14.1032,Nifty 50,2025-04,0.30519626
9.0235,7,3.8178,0.8642,60.3631,10.7407,2.9838,0.0214,1,0.0106,0.9105,-6.6512,IDFCFIRSTB,2025-04-03,0,-12.0331,Nifty 50,2025-04,0.11387604
6.1926,67,2.8512,0.8842,68.1565,10.0613,2.7548,0.086,0,-0.0189,1.0372,9.4187,BERGEPAINT,2025-04-08,0,-2.3933,Nifty 50,2025-04,0.19174495
6.6149,61,1.6156,0.8351,65.5845,9.3226,2.2157,0.0432,0,-0.0189,1.0213,-3.7122,PIDILITIND,2025-04-08,0,0.2511,Nifty 50,2025-04,0.23021957
5.2906,26,1.5401,0.9358,67.9107,8.8308,2.2831,0.0301,0,-0.0244,0.9466,-5.855,HINDUNILVR,2025-04-09,0,-3.8633,Nifty 50,2025-04,0.3052695
5.107,103,2.7179,0.8031,66.5171,8.7336,2.4912,0.0515,0,-0.0244,1.0394,4.9315,NESTLEIND,2025-04-09,0,-0.8927,Nifty 50,2025-04,0.0621118
7.7467,6,4.8529,0.6719,63.2478,17.9629,3.5921,0.0806,0,-0.0056,0.866,-11.9103,PIIND,2025-04-11,0,13.1305,Nifty 50,2025-04,0.09754121
13.0298,12,11.5894,0.7344,69.4614,20.0432,5.0318,0.1477,1,0.016,1.0,10.2148,SRM,2025-04-15,0,-17.1262,Batch 1,2025-04,0.10376071
5.7953,40,1.6782,0.6172,61.7071,8.5505,4.3832,0.0745,1,0.016,0.9035,-0.3675,ADANIPOWER,2025-04-15,0,-3.4484,Nifty 50,2025-04,0.027452772
13.5419,3,2.3189,0.8998,56.7646,8.5753,4.3047,-0.0897,1,0.0206,0.6167,-21.0842,INDUSINDBK,2025-04-16,0,-4.8525,Nifty 50,2025-04,0.01960963
5.8821,29,1.8095,0.8955,68.9848,8.228,1.9686,0.0516,1,0.0507,1.0502,7.8192,ITC,2025-04-22,0,-4.7525,Nifty 50,2025-04,0.077423446
10.5983,25,4.7168,0.657,68.3218,12.8745,4.1212,0.1036,1,0.0507,1.0,-20.3267,THYROCARE,2025-04-22,0,15.9534,Batch 1,2025-04,0.07009866
11.3707,2,2.127,0.829,64.4692,8.9687,5.3613,0.1235,1,0.0507,1.0,-10.0102,FRONTSP,2025-04-22,0,-12.2185,Batch 1,2025-04,0.09399554
5.2932,26,2.0091,0.8705,64.125,10.9502,2.2939,0.0311,1,0.0538,1.0588,10.3384,MARUTI,2025-04-30,0,-0.9366,Nifty 50,2025-04,0.54197466
10.121,12,3.5732,0.5933,56.8892,9.798,4.1813,0.0797,1,0.0568,0.5907,-10.0545,ADANIGREEN,2025-05-05,0,1.382,Nifty 50,2025-05,0.18907653
9.1441,21,3.6301,0.7918,59.1388,14.6442,3.3254,0.0732,1,0.0568,0.8622,1.4965,ADANIENT,2025-05-05,0,-0.3312,Nifty 50,2025-05,0.16935585
8.7752,2,2.782,0.4943,64.6731,8.5119,2.6188,0.1083,1,0.0568,1.1489,12.7467,MARICO,2025-05-05,0,-3.6401,Nifty 50,2025-05,0.09976881
7.7622,6,2.2382,0.7733,63.0482,10.4672,1.9262,0.0472,1,0.0325,0.963,-5.1137,LT,2025-05-09,0,-0.3359,Nifty 50,2025-05,0.6230286
9.5453,10,8.0286,0.8779,61.9435,10.2244,5.4686,0.0918,1,0.0325,0.9545,2.5177,NDRAUTO,2025-05-09,1,30.456,Batch 3,2025-05,0.25243342
12.116,3,3.0529,0.9056,67.1709,9.4168,5.0834,0.1787,1,0.0554,0.8522,-11.4622,RAILTEL,2025-05-14,0,10.6617,Batch 3,2025-05,0.032549668
6.3732,29,1.5798,0.957,68.2072,11.903,3.0061,0.0959,1,0.0554,1.0711,-0.7045,KOVAI,2025-05-14,0,-4.8985,Batch 3,2025-05,0.01638567
9.0635,18,2.8511,0.8142,66.8423,9.5623,3.5174,0.132,1,0.066,0.7497,-19.5927,SPARC,2025-05-16,0,3.4607,Batch 1,2025-05,0.1327046
5.1202,37,1.8509,0.2416,63.4219,8.0376,2.9029,0.0559,1,0.0469,0.9356,-7.2714,KHAZANCHI,2025-05-20,0,-7.5102,Batch 1,2025-05,0.038237363
11.1255,9,2.104,0.9195,62.8922,8.8911,3.1382,-0.012,1,0.0499,0.6081,-33.359,SIEMENS,2025-05-21,0,-3.8363,Nifty 50,2025-05,0.03195899
6.5936,46,3.2232,0.6209,65.3383,8.3832,2.7974,0.0694,1,0.0499,0.8131,-7.7594,DISAQ,2025-05-21,0,-15.0507,Batch 2,2025-05,0.02171641
9.948,1,3.2933,0.8648,65.0861,9.1228,3.3138,0.1052,1,0.033,1.1713,6.1779,KOVAI,2025-05-30,0,-9.1799,Batch 3,2025-05,0.6704006
4.1296,11,2.8264,0.9192,68.4052,8.6379,1.8974,0.1387,1,0.0297,1.187,20.256,AUBANK,2025-06-02,0,6.2069,Nifty 50,2025-06,0.49320215
7.4135,19,3.2942,0.8052,69.2765,9.2613,2.8521,0.0974,1,0.0227,0.9559,12.7974,PIIND,2025-06-04,0,0.6913,Nifty 50,2025-06,0.28599423
9.8035,20,6.0756,0.8954,68.713,18.68,4.006,0.1475,1,0.0268,0.7593,-13.0952,HARIOMPIPE,2025-06-05,0,-12.9458,Batch 4,2025-06,0.014287239
5.4299,18,4.1758,0.8732,66.2586,16.1821,2.382,0.1063,1,0.0359,1.0575,13.3735,IDFCFIRSTB,2025-06-06,0,1.3724,Nifty 50,2025-06,0.13962069
3.6324,69,2.3089,0.8839,59.3411,14.6026,1.8791,0.0386,1,0.0359,1.3604,25.9409,BAJFINANCE,2025-06-06,0,-5.7644,Nifty 50,2025-06,0.41770852
8.5466,2,5.0539,0.74,66.0483,12.1222,3.3482,0.0837,1,0.0359,0.6697,-19.9242,ANTELOPUS,2025-06-06,0,1.8843,Batch 3,2025-06,0.06147299
6.0671,7,3.1087,0.9431,61.283,10.4976,2.8701,0.0539,1,0.0359,1.0751,29.9075,SHRIRAMFIN,2025-06-06,0,-6.5779,Nifty 50,2025-06,0.42934862
6.3202,16,6.0774,0.6979,68.8167,10.8838,2.8553,0.0984,1,0.0376,1.0931,19.9195,ADANIPOWER,2025-06-10,0,-10.1991,Nifty 50,2025-06,0.29178715
4.2079,17,2.1593,0.9411,67.4806,8.0297,1.8294,0.0919,1,0.0377,0.8828,1.692,HCLTECH,2025-06-11,0,-5.3461,Nifty 50,2025-06,0.10606328
4.9224,24,3.4264,0.9522,67.0353,9.3811,2.1758,0.0895,1,0.0377,1.0773,29.3795,BPCL,2025-06-11,0,-7.7045,Nifty 50,2025-06,0.28399444
3.286,31,2.4152,0.836,69.1244,11.1318,1.6505,0.0491,1,0.0262,1.165,16.6371,BHARTIARTL,2025-06-20,0,0.1466,Nifty 50,2025-06,0.57996863
2.9897,22,2.7966,0.8881,63.9746,8.9541,1.536,0.0559,1,0.0262,1.1274,14.7082,RELIANCE,2025-06-20,0,0.8259,Nifty 50,2025-06,0.67381245
5.5987,11,2.434,0.8886,67.0467,14.3608,3.2923,0.1039,1,0.0253,0.814,5.6931,SURAKSHA,2025-06-25,0,-12.4686,Batch 4,2025-06,0.09784153
8.4723,25,3.0155,0.929,65.9196,14.6449,3.5421,0.0922,1,0.0253,1.0,3.7554,SENORES,2025-06-25,0,23.6111,Batch 4,2025-06,0.09370801
4.7655,21,2.913,0.8887,65.9453,11.4649,1.8897,0.0503,1,0.0253,1.0116,9.7597,TITAN,2025-06-25,0,-3.6315,Nifty 50,2025-06,0.5389823
6.5108,14,4.3756,0.6108,64.68,9.0689,3.3326,0.1017,1,0.0253,1.3307,1.8557,MPSLTD,2025-06-25,0,-5.8054,Batch 1,2025-06,0.42531177
4.8928,70,3.1006,0.8788,68.2311,11.8392,2.1058,0.071,1,0.0358,1.0766,13.4784,ABBOTINDIA,2025-06-26,0,0.8469,Nifty 50,2025-06,0.08241823
4.7255,18,1.7688,0.8776,61.3671,8.0184,2.5463,0.0229,1,0.0358,0.8857,-7.4038,VIJAYA,2025-06-26,0,-1.2456,Batch 3,2025-06,0.015785102
6.8631,7,1.7891,0.962,69.7512,8.7087,2.3193,0.0992,1,0.0313,1.0461,20.1479,PNB,2025-06-30,0,-2.7537,Nifty 50,2025-06,0.2990525
10.8342,2,15.5926,0.7691,60.7406,13.899,4.6036,0.0301,1,0.0313,0.5833,-24.58,SIGNPOST,2025-06-30,0,-0.6615,Batch 2,2025-06,0.07217044
5.9456,20,2.2772,1.0,68.7954,9.124,3.2737,0.1198,1,0.0311,1.0616,46.9604,523229,2025-07-01,1,61.2719,Batch 3,2025-07,0.24384291
10.5025,2,1.8117,1.0,64.464,8.707,2.0819,0.0297,1,0.0311,0.5863,4.3528,NGLFINE,2025-07-01,0,0.5596,Batch 4,2025-07,0.040552434
6.4371,7,3.2527,0.9155,57.8478,10.7064,3.1194,0.0178,1,0.0236,1.1037,13.7812,SANDUMA,2025-07-03,0,-9.377,Batch 2,2025-07,0.22685729
5.9749,46,2.6443,0.1766,62.5149,8.1115,1.8828,0.0256,1,0.0249,1.0594,14.7492,MARICO,2025-07-04,0,-4.4729,Nifty 50,2025-07,0.7023108
5.6641,46,5.123,0.9251,67.5075,19.722,1.8234,0.0297,1,0.0237,1.0709,18.0346,GODREJCP,2025-07-07,0,-3.4036,Nifty 50,2025-07,0.6940381
4.9299,85,1.6589,0.929,66.7299,11.9687,1.3246,0.0288,1,0.0237,0.9444,7.2218,HINDUNILVR,2025-07-07,0,5.1605,Nifty 50,2025-07,0.05797719
5.723,11,4.0374,0.7287,64.7625,9.3487,3.4528,0.1343,1,0.0237,1.0451,40.6658,ARKADE,2025-07-07,0,-8.4391,Batch 3,2025-07,0.77321684
3.9197,72,1.8871,0.9033,67.0698,9.5751,1.489,0.0302,1,0.0252,0.8489,-1.8419,KHAZANCHI,2025-07-08,0,-1.8892,Batch 1,2025-07,0.07079672
4.7102,60,1.9334,0.7405,61.9603,11.1789,1.8287,0.0463,1,0.0252,1.1567,13.9017,KOTAKBANK,2025-07-08,0,-8.6378,Nifty 50,2025-07,0.2326564
3.6104,93,3.5215,0.4907,64.6025,10.9479,2.2904,0.0232,1,0.0252,0.9009,0.9052,ALLDIGI,2025-07-08,0,-0.5104,Batch 2,2025-07,0.06689733
6.0339,25,6.6552,0.673,59.7826,11.4155,3.0936,0.0385,1,0.0224,0.9615,-1.2047,DPABHUSHAN,2025-07-09,0,1.5755,Batch 1,2025-07,0.51798004
6.471,14,3.9684,0.7385,60.6505,9.1482,2.731,0.0294,1,0.0167,0.8172,7.3295,OLECTRA,2025-07-10,0,23.1663,Batch 3,2025-07,0.692801
10.6336,7,9.3124,0.842,67.0066,14.2398,4.1818,0.2202,1,0.0167,0.8833,26.4342,GARUDA,2025-07-10,1,30.2215,Batch 1,2025-07,0.17637862
3.9376,29,2.9085,0.9463,62.1636,14.7126,2.0963,0.0443,1,0.0085,1.0346,22.6744,HEROMOTOCO,2025-07-15,0,23.4845,Nifty 50,2025-07,0.52901804
5.7548,16,2.5025,0.9158,64.7304,9.2158,2.2088,0.0851,1,0.0085,1.2863,45.0055,HDFCAMC,2025-07-15,0,4.4095,Nifty 50,2025-07,0.69927084
7.9698,7,4.3602,0.6296,64.0414,9.466,4.3427,0.071,1,0.0085,1.1453,50.7305,MCLOUD,2025-07-15,0,-4.1777,Batch 3,2025-07,0.6746209
2.8795,48,1.6426,0.9209,65.7789,13.6642,1.5526,0.0228,1,0.0085,0.9061,8.9837,SUNPHARMA,2025-07-15,0,-3.8364,Nifty 50,2025-07,0.06468815
4.897,85,3.121,0.6173,66.5152,9.7014,2.7045,0.0469,1,0.0085,0.8484,4.1281,DISAQ,2025-07-15,0,-7.3232,Batch 2,2025-07,0.15382065
4.8677,70,2.2349,0.8561,64.4892,9.6512,1.7155,0.04,1,0.0085,1.068,19.8728,TATAPOWER,2025-07-16,0,-5.4241,Nifty 50,2025-07,0.42412975
4.0108,123,1.6024,0.8677,66.3398,8.1032,1.2681,0.0367,1,0.0085,1.0219,16.1511,SBIN,2025-07-16,0,-4.0667,Nifty 50,2025-07,0.04159668
7.8323,12,2.187,1.0,63.0547,8.83,3.1016,0.0485,1,0.0038,0.66,25.9628,SENCO,2025-07-17,0,-10.658,Batch 3,2025-07,0.4960258
5.3735,26,3.3018,0.473,57.6217,9.7648,2.485,0.0018,1,0.0038,0.7816,17.1302,ASIANENE,2025-07-17,0,13.2531,Batch 4,2025-07,0.1704404
7.8417,17,3.0463,0.7415,64.8593,8.4804,3.1482,0.0947,1,0.0038,0.9665,15.1073,PNGJL,2025-07-17,0,-11.1523,Batch 3,2025-07,0.19999401
6.8973,30,5.4771,0.823,69.4448,15.7848,3.1682,0.0611,1,0.0038,0.7117,5.4217,530475,2025-07-17,0,-13.2931,Batch 3,2025-07,0.1206675
10.3675,31,3.2291,0.8425,69.1669,8.8943,3.2591,0.0934,0,-0.0027,0.9515,15.1476,DPABHUSHAN,2025-07-18,0,-6.1044,Batch 1,2025-07,0.1486829
5.2139,31,3.9785,0.8029,64.3844,10.938,2.6928,0.0409,0,-0.0027,0.7648,14.2626,RPTECH,2025-07-18,0,-9.6791,Batch 4,2025-07,0.15208113
5.3543,9,12.132,0.5816,57.9907,18.5622,3.4889,-0.0088,1,0.0021,0.9149,37.9703,GPTINFRA,2025-07-21,0,-9.5477,Batch 3,2025-07,0.15356438
9.6586,23,3.0976,0.8207,69.8471,8.3842,2.7882,0.0832,1,0.0064,0.8635,22.298,OLECTRA,2025-07-23,0,14.0667,Batch 3,2025-07,0.053683456
7.0278,36,7.0814,0.4106,67.6716,11.4785,3.5931,0.0679,1,0.0001,0.9258,10.4024,WINDLAS,2025-07-24,0,-6.202,Batch 4,2025-07,0.28715053
3.4025,59,3.3914,0.7497,63.2437,13.6272,1.629,0.0272,0,-0.0087,0.9867,4.8293,CIPLA,2025-07-25,0,-3.7737,Nifty 50,2025-07,0.72626454
6.3425,33,13.1662,0.26,58.4725,17.8867,3.5662,0.0219,0,-0.0148,0.8598,41.129,ASIANENE,2025-07-28,0,8.8292,Batch 4,2025-07,0.3363322
11.4917,39,4.7709,0.8045,69.5245,8.4925,3.8003,0.1604,0,-0.0148,1.0915,6.923,VIJAYA,2025-07-28,0,-12.5181,Batch 3,2025-07,0.04080445
10.3223,41,2.9248,0.9279,67.9303,10.3714,2.3619,0.0852,0,-0.0093,0.8969,-3.8216,VBL,2025-07-29,0,-5.9301,Nifty 50,2025-07,0.017068686
5.3141,43,4.8807,0.788,63.222,17.4551,1.6287,0.0205,0,-0.008,0.9916,10.4095,LT,2025-07-30,0,-2.4679,Nifty 50,2025-07,0.79320824
8.6014,11,2.1544,1.0,67.3655,8.136,3.9309,0.1046,0,-0.008,1.3128,56.0681,523229,2025-07-30,1,89.2737,Batch 3,2025-07,0.25878578
6.1632,5,3.0835,0.7843,64.0768,11.3138,1.6466,0.0575,0,-0.0115,0.989,12.4331,HINDUNILVR,2025-07-31,0,-0.8027,Nifty 50,2025-07,0.6874482
12.1152,48,9.4372,0.8136,69.2149,9.2853,4.223,0.1655,0,-0.0129,0.8777,1.4362,DEEPINDS,2025-08-04,0,-3.521,Batch 4,2025-08,0.034993477
4.7602,60,2.4922,0.7014,65.0993,9.329,2.1299,0.0439,0,-0.0129,1.1384,20.3624,TVSMOTOR,2025-08-04,0,14.1315,Nifty 50,2025-08,0.31409132
5.6406,43,2.5459,0.9412,63.5724,13.3741,2.2004,0.05,0,-0.0129,1.0189,25.0817,HEROMOTOCO,2025-08-04,0,23.0049,Nifty 50,2025-08,0.16975714
7.1266,24,4.3137,0.8499,66.1258,8.8493,2.9962,0.0541,0,-0.0157,0.8702,-1.1993,BLS,2025-08-05,0,-10.5733,Batch 2,2025-08,0.06463263
7.9806,46,3.0706,0.9438,66.6521,8.318,2.3841,0.0758,0,-0.0175,1.0883,23.5588,HEROMOTOCO,2025-08-07,0,15.2758,Nifty 50,2025-08,0.037732992
5.8003,41,14.4957,0.7341,58.9271,19.1295,3.4493,0.0392,0,-0.0175,0.8525,-8.714,DOMS,2025-08-11,0,-3.3384,Batch 2,2025-08,0.07512422
5.1141,68,4.4221,0.8633,64.2967,9.1308,3.196,0.0438,0,-0.0161,0.89,3.8928,KMCSHIL,2025-08-13,0,-4.8705,Batch 2,2025-08,0.064146385
6.1005,26,5.3311,0.9302,67.5688,20.0817,2.2887,0.0773,0,-0.0161,1.0968,17.0453,APOLLOHOSP,2025-08-13,0,-3.576,Nifty 50,2025-08,0.15970986
3.9698,69,2.8085,0.8691,60.0864,18.8078,2.2198,0.0382,0,-0.0161,1.1162,7.3316,HINDALCO,2025-08-13,0,12.4108,Nifty 50,2025-08,0.03459957
11.9309,1,9.814,0.7096,69.4549,18.358,4.5158,0.1442,0,-0.0161,1.0463,4.4556,WINDLAS,2025-08-13,0,-13.5156,Batch 4,2025-08,0.028494028
14.8808,11,9.86,0.906,64.5805,17.8855,5.2682,0.3043,0,-0.0156,0.3432,-68.3914,JSLL,2025-08-14,0,9.8345,Batch 1,2025-08,0.013243924
6.0309,32,10.9717,0.669,63.7441,29.595,2.9844,0.052,0,-0.0156,1.1803,17.4211,MUTHOOTFIN,2025-08-14,0,11.6011,Nifty 50,2025-08,0.2558292
3.5543,23,2.9119,0.6006,66.4215,14.1325,1.6071,0.0535,0,-0.0056,1.0302,14.0588,ULTRACEMCO,2025-08-18,0,-4.6062,Nifty 50,2025-08,0.38130763
3.678,32,1.8734,0.7807,61.6497,9.3149,2.0694,0.0326,0,-0.0056,1.0609,13.4231,GRASIM,2025-08-18,0,-3.0113,Nifty 50,2025-08,0.15470399
5.0705,51,2.9917,0.8214,64.9727,15.74,1.9349,0.0357,0,-0.0056,0.9364,20.5234,BAJAJ-AUTO,2025-08-18,0,0.593,Nifty 50,2025-08,0.39612338
4.623,64,2.3549,0.4943,68.527,9.8613,2.3098,0.067,0,-0.0056,1.0491,35.7993,M&M,2025-08-18,0,-6.1615,Nifty 50,2025-08,0.07114431
3.8634,64,1.8396,0.8765,64.4395,12.3008,2.267,0.0472,0,-0.0056,1.0459,16.0701,JSWSTEEL,2025-08-18,0,8.6944,Nifty 50,2025-08,0.02998089
8.5391,21,4.1985,0.7876,65.3278,9.1344,4.2566,0.0906,1,0.0014,1.0814,43.9437,GOKULAGRO,2025-08-20,0,8.6756,Batch 1,2025-08,0.034564953
6.5682,8,4.4794,0.6313,60.9619,11.2405,4.652,0.1073,1,0.0028,1.0482,5.9124,NEPHROCARE,2025-08-21,0,3.1325,Batch 4,2025-08,0.07617894
11.3173,1,2.7352,1.0,69.4688,8.0393,3.3619,0.0711,1,0.0028,1.2219,40.5756,KPGEL,2025-08-21,0,-11.9328,Batch 1,2025-08,0.113331094
7.01,87,2.7967,0.8355,67.4939,10.1532,2.3478,0.05,0,-0.002,1.0542,24.4557,ZYDUSLIFE,2025-08-25,0,-2.1803,Nifty 50,2025-08,0.056217518
6.0848,27,2.9981,0.8693,64.3342,9.6099,2.3674,0.0628,0,-0.0162,0.9926,10.7586,DABUR,2025-09-02,0,-4.728,Nifty 50,2025-09,0.051099718
8.8567,11,1.65,1.0,61.1988,9.6834,3.579,0.0244,0,-0.0162,1.2417,13.3573,BALUFORGE,2025-09-02,0,-6.9368,Batch 3,2025-09,0.033212442
3.761,105,1.5931,0.7364,59.4656,10.0951,1.5462,0.0163,0,-0.0106,0.9447,-0.8621,COALINDIA,2025-09-03,0,-1.7866,Nifty 50,2025-09,0.005040127
10.4123,5,3.7888,0.7278,66.9572,9.0283,5.2328,0.1897,0,-0.0106,1.3638,30.4645,ASIANENE,2025-09-03,0,-16.4704,Batch 4,2025-09,0.007271994
5.8287,63,2.272,0.9711,61.1437,12.0055,2.4988,0.0604,0,-0.0106,1.0752,15.3117,JINDALSTEL,2025-09-03,0,-3.2938,Nifty 50,2025-09,0.010055292
5.7554,63,3.3179,0.9844,64.0109,13.678,2.1929,0.0501,0,-0.0106,1.1207,23.7011,TATASTEEL,2025-09-03,0,-1.6527,Nifty 50,2025-09,0.007916173
5.6893,9,3.1723,0.9503,60.644,12.3517,2.3619,0.011,0,-0.0106,1.1054,12.9518,SAIL,2025-09-03,0,-0.4546,Nifty 50,2025-09,0.107494645
7.8632,76,2.581,0.209,63.0705,11.7664,2.755,0.0765,0,-0.0096,1.192,18.7982,M&M,2025-09-04,0,-2.3079,Nifty 50,2025-09,0.010992457
9.667,57,6.3202,0.601,69.7715,12.6784,2.5622,0.1096,0,-0.0096,1.0191,-4.3589,DOMS,2025-09-04,0,-10.0248,Batch 2,2025-09,0.0077920663
6.0702,11,2.9415,0.6294,63.6074,11.8634,2.3627,0.0293,0,-0.0096,0.9686,2.8328,BAJFINANCE,2025-09-04,0,9.6237,Nifty 50,2025-09,0.03671521
4.4859,13,4.6505,0.4783,64.6284,15.3595,2.6261,0.024,0,-0.0096,1.0467,2.9595,RPTECH,2025-09-04,0,9.4127,Batch 4,2025-09,0.030563995
10.1358,10,3.8199,0.8151,65.1501,11.3785,3.6652,0.0211,0,-0.0089,1.2369,4.2132,RPEL,2025-09-05,1,56.2637,Batch 2,2025-09,0.014538606
7.2918,6,3.0836,0.3412,58.5904,8.4938,4.7139,0.0969,0,-0.0089,1.8433,40.42,ACGL,2025-09-05,0,-11.1474,Batch 2,2025-09,0.037218843
12.3447,0,2.8637,0.8656,65.9585,11.6442,4.7317,0.0714,0,-0.0089,1.7471,62.595,NDRAUTO,2025-09-05,0,-13.3211,Batch 3,2025-09,0.00716029
5.9389,35,5.5537,0.5563,69.2015,10.0735,2.4345,0.067,0,-0.007,1.1304,19.1259,ADANIPOWER,2025-09-08,0,20.7406,Nifty 50,2025-09,0.0944053
7.4463,4,4.5832,0.821,55.6819,17.9898,3.6619,0.0048,1,0.0021,1.1766,-1.6541,GPTINFRA,2025-09-10,0,-13.828,Batch 3,2025-09,0.060312
3.2157,42,2.0369,0.6765,60.4051,9.041,1.5232,0.0048,1,0.0038,1.0862,2.0535,IOC,2025-09-11,0,12.1284,Nifty 50,2025-09,0.06224491
8.0238,4,6.6133,0.7995,69.9705,14.9017,5.0048,0.2061,1,0.0038,1.4352,38.8975,SANGHVIMOV,2025-09-11,0,-4.2429,Batch 4,2025-09,0.017130371
7.6753,16,8.5006,0.6685,67.7816,11.6113,3.0722,0.0773,1,0.0038,1.0,18.6374,WAAREERTL,2025-09-11,0,-10.8615,Batch 1,2025-09,0.1108912
5.3313,43,3.056,1.0,60.7675,17.5337,3.0013,0.0036,1,0.0038,1.004,16.0129,SYNCOMF,2025-09-11,0,-9.6152,Batch 2,2025-09,0.046472557
5.933,26,2.1434,0.9739,67.9331,10.1475,1.8431,0.0306,1,0.0084,1.2287,6.1584,HAL,2025-09-12,0,-3.134,Nifty 50,2025-09,0.07702958
6.4805,66,2.012,0.9622,64.3344,9.3388,2.0446,0.0241,1,0.0084,1.2905,28.8272,BEL,2025-09-12,0,0.41,Nifty 50,2025-09,0.02790606
9.0749,6,3.0042,0.7637,62.6778,8.2043,2.9911,0.0424,1,0.0069,0.9148,-4.1431,SANDUMA,2025-09-15,0,23.9485,Batch 2,2025-09,0.014679475
7.3855,6,5.1964,0.8163,64.548,12.2338,4.0249,0.1177,1,0.0069,1.3406,37.7558,HARIOMPIPE,2025-09-15,0,-11.3564,Batch 4,2025-09,0.04735874
12.795,14,6.58,0.6887,68.9904,9.501,3.3525,0.0711,1,0.0069,1.2449,33.3165,RAILTEL,2025-09-15,0,-9.2075,Batch 3,2025-09,0.033695936
4.326,112,2.5781,0.6822,60.0511,8.1797,1.6755,0.0115,1,0.0139,1.002,6.752,TATAPOWER,2025-09-16,0,-1.4323,Nifty 50,2025-09,0.014445375
7.8361,22,4.2389,0.8857,69.5934,11.4398,2.8334,0.0827,1,0.0139,1.1188,22.2468,PNGJL,2025-09-16,0,-2.3468,Batch 3,2025-09,0.1659951
9.1038,21,14.025,0.4967,60.2097,11.4926,4.9434,0.0603,1,0.0139,1.4205,67.8095,SRM,2025-09-16,0,6.4137,Batch 1,2025-09,0.2069704
7.9991,77,2.9059,0.9298,64.9676,9.5587,2.2393,0.0543,1,0.0139,0.9724,4.5917,CHOLAFIN,2025-09-16,0,10.0743,Nifty 50,2025-09,0.015647607
4.8284,95,2.9583,0.93,66.0088,12.8419,2.0794,0.053,1,0.0177,1.0737,-0.8118,TATACONSUM,2025-09-17,0,1.8569,Nifty 50,2025-09,0.020168794
6.7044,12,3.1248,0.7786,57.6775,12.3432,3.1716,-0.0037,1,0.0177,0.9802,10.6307,ANTELOPUS,2025-09-17,0,-10.1678,Batch 3,2025-09,0.18831214
7.735,25,3.1677,0.9537,69.542,8.7619,1.679,0.0448,1,0.0177,1.1704,20.2944,PNB,2025-09-17,0,-4.4347,Nifty 50,2025-09,0.22575408
4.462,14,5.9771,0.5283,57.0302,11.7382,2.507,0.0076,1,0.0215,0.885,-19.9791,NEWGEN,2025-09-18,0,-7.7173,Batch 2,2025-09,0.0398925
3.6084,42,2.1645,0.69,59.0599,8.1742,2.1294,0.0277,1,0.0215,1.0853,13.8769,KOVAI,2025-09-18,0,-6.4324,Batch 3,2025-09,0.08700171
9.1185,20,8.6497,0.4074,69.9907,12.8897,2.3205,0.0587,1,0.0178,1.0231,6.5598,ADANIGREEN,2025-09-19,0,-2.2529,Nifty 50,2025-09,0.3884192
4.6874,23,1.7391,0.8635,59.4717,8.2581,2.4532,0.0288,1,0.0129,0.9522,-5.738,NAUKRI,2025-09-22,0,-8.2534,Nifty 50,2025-09,0.022015058
8.2242,15,9.4929,0.784,64.5709,15.5562,3.8915,0.0607,1,0.0129,1.0947,12.5874,BORORENEW,2025-09-22,0,-1.8823,Batch 2,2025-09,0.56275153
11.0585,2,5.4242,0.8033,69.7923,13.102,3.6976,0.096,1,0.0129,2.3256,61.008,SIKA,2025-09-22,0,-16.2273,Batch 1,2025-09,0.023285493
2.4258,125,2.0315,0.0583,66.8381,19.6251,2.1464,0.022,1,0.0115,1.0359,6.441,KHAZANCHI,2025-09-23,0,-2.8935,Batch 1,2025-09,0.017753495
6.7647,12,5.4913,0.4621,56.9376,8.9412,3.4021,0.0,1,0.007,1.0,0.0,LOTUSDEV,2025-09-24,0,-9.1051,Batch 3,2025-09,0.45102993
10.8674,8,6.8514,0.7166,68.5532,9.1048,3.2871,0.1143,1,0.007,1.1569,28.5174,ASKAUTOLTD,2025-09-24,0,-10.2239,Batch 2,2025-09,0.067274354
4.9196,83,3.5731,0.5116,64.1527,9.8077,1.5444,0.038,0,-0.0084,1.0314,3.9147,LT,2025-09-26,0,2.7006,Nifty 50,2025-09,0.011965072
6.5405,31,2.0614,0.9339,65.6832,13.0287,2.1573,0.0468,0,-0.0089,1.1727,8.0174,BPCL,2025-09-29,0,9.9675,Nifty 50,2025-09,0.038935646
9.0987,12,2.2882,0.8625,58.8831,10.528,2.7038,0.0305,0,-0.0089,1.4573,6.1174,PRIVISCL,2025-09-29,0,20.6643,Batch 3,2025-09,0.022291169
15.4192,0,16.575,0.8748,59.2776,30.745,3.7076,0.0332,0,-0.0003,0.8869,-10.9521,DSSL,2025-10-01,0,-15.1934,Batch 2,2025-10,0.009473575
5.5765,30,1.5669,0.9012,61.3972,14.4711,1.6079,0.0307,0,-0.0003,0.8969,-1.2443,KOTAKBANK,2025-10-01,0,3.1984,Nifty 50,2025-10,0.0033801268
7.5477,88,2.8517,0.9631,63.3772,13.4264,2.0684,0.0516,0,-0.0003,0.9492,-2.3777,SHRIRAMFIN,2025-10-01,1,52.4031,Nifty 50,2025-10,0.0028922171
6.595,4,3.6483,0.7898,63.3104,16.3763,3.4358,0.0894,1,0.0022,1.2045,-3.0548,RPEL,2025-10-03,1,33.0679,Batch 2,2025-10,0.012852152
10.5411,1,1.9535,0.8909,63.4517,10.6406,3.5629,0.0582,1,0.0022,1.3476,9.1666,MANORAMA,2025-10-03,0,-10.8461,Batch 1,2025-10,0.031424265
3.3093,6,2.6043,0.7689,61.6759,11.7079,1.7658,0.0577,1,0.0022,1.074,9.6405,TATASTEEL,2025-10-03,0,0.543,Nifty 50,2025-10,0.0521754
8.8634,17,2.7475,1.0,58.3592,18.4383,3.4998,0.0147,1,0.0109,2.4718,87.3985,YASHHV,2025-10-07,0,-8.4257,Batch 2,2025-10,0.25838235
9.618,12,2.4804,0.7677,57.9567,8.8096,4.4897,0.0425,1,0.0109,0.828,-24.2034,SKYGOLD,2025-10-07,0,5.6433,Batch 2,2025-10,0.013451585
9.406,5,4.9438,0.866,60.3247,13.8776,4.4791,0.0454,1,0.0082,1.6881,43.4036,VMARCIND,2025-10-08,1,29.9887,Batch 1,2025-10,0.041574303
9.8514,31,3.16,0.917,68.7279,11.8301,2.4668,0.0632,1,0.0171,1.0649,-0.8499,DIVISLAB,2025-10-10,0,-0.4238,Nifty 50,2025-10,0.0131571945
12.0679,0,1.6098,0.8653,64.5937,8.8164,4.5028,0.1,1,0.0171,1.2326,18.5523,BORORENEW,2025-10-10,0,-6.4036,Batch 2,2025-10,0.10548954
6.7549,72,2.9532,0.7956,64.2747,14.6922,3.8647,0.0298,1,0.0171,0.9091,-13.1916,BONDADA,2025-10-10,0,4.1469,Batch 1,2025-10,0.066112846
8.9522,22,4.468,0.7978,66.4288,8.0705,3.2358,0.1028,1,0.0171,1.266,41.1688,NGLFINE,2025-10-10,0,-4.1227,Batch 4,2025-10,0.12570655
7.3861,32,8.3561,0.588,60.9027,10.9766,3.6771,0.0437,1,0.0108,1.5861,17.2071,ACGL,2025-10-14,0,-13.3378,Batch 2,2025-10,0.086361915
4.4622,26,1.7428,0.9273,62.0809,14.0899,1.7199,0.0432,1,0.0174,0.9487,1.0591,NESTLEIND,2025-10-15,0,0.8859,Nifty 50,2025-10,0.019443134
5.7015,151,7.4943,0.864,67.7159,24.0464,2.3052,0.0694,1,0.0174,1.032,0.7028,ICICIGI,2025-10-15,0,-4.0686,Nifty 50,2025-10,0.018362967
2.6195,115,2.0523,0.8916,61.7378,12.7961,1.8806,0.0458,1,0.0272,0.9565,2.5062,TATACONSUM,2025-10-16,0,3.2286,Nifty 50,2025-10,0.024112677
7.3283,66,3.429,0.7057,64.6148,13.0176,1.7522,0.0161,1,0.0313,0.9625,13.02,ASIANPAINT,2025-10-17,0,12.558,Nifty 50,2025-10,0.011477433
8.6505,50,4.1567,0.9621,69.2376,17.5797,2.2627,0.0839,1,0.0356,1.0706,7.8962,IDFCFIRSTB,2025-10-20,0,8.0906,Nifty 50,2025-10,0.013331256
6.6563,15,2.0684,0.7841,63.3641,9.6763,2.2572,0.0824,1,0.0356,1.0992,10.1782,PNB,2025-10-20,0,0.6207,Nifty 50,2025-10,0.106698394
3.5869,36,1.6963,0.1357,56.7311,12.7496,2.6606,0.0033,1,0.0352,1.3642,-9.5652,ADVAIT,2025-10-23,0,-6.5535,Batch 2,2025-10,0.017938275
5.2358,44,2.6733,0.5625,59.4032,11.288,2.0155,0.0312,1,0.0352,0.9728,-4.588,INFY,2025-10-23,0,3.6142,Nifty 50,2025-10,0.008144696
5.7571,7,2.6843,0.8013,58.2333,10.2418,3.5288,0.0151,1,0.0352,1.3648,-2.4499,DYCL,2025-10-23,0,-11.1839,Batch 2,2025-10,0.07420743
10.0028,7,7.4941,0.5933,68.5101,10.2768,3.8537,0.0837,1,0.0304,1.5248,1.627,DYCL,2025-10-24,0,-16.1931,Batch 2,2025-10,0.26443148
4.3261,10,1.9139,0.9043,55.9615,10.8484,2.6118,-0.0116,1,0.036,1.0508,-1.036,INDIAMART,2025-10-27,0,-4.2053,Batch 2,2025-10,0.037898112
4.7234,79,1.7978,0.8831,65.5463,11.1498,1.6956,0.0391,1,0.036,0.995,9.452,GRASIM,2025-10-27,0,-4.6237,Nifty 50,2025-10,0.009071153
5.2589,112,2.8647,0.524,69.362,13.2299,1.8391,0.0442,1,0.036,1.0271,5.716,SBILIFE,2025-10-27,0,2.8228,Nifty 50,2025-10,0.0144480625
8.3654,7,3.4137,0.904,68.9477,10.4017,2.4037,0.0594,1,0.036,0.987,0.4178,SURAKSHA,2025-10-27,0,-8.2403,Batch 4,2025-10,0.041770216
6.7802,7,12.6148,0.7356,64.3737,16.1528,3.0464,0.0293,1,0.0337,0.899,-9.5919,SPARC,2025-10-28,0,-5.4648,Batch 1,2025-10,0.033970963
8.8732,39,3.4976,0.5917,60.4716,8.3652,3.3646,0.0301,1,0.0337,0.9861,-17.7188,ANTELOPUS,2025-10-28,0,-9.8439,Batch 3,2025-10,0.1134171
3.6623,112,2.2531,0.9469,63.2612,9.2405,1.973,0.0625,1,0.0337,1.0729,20.0588,JSWSTEEL,2025-10-28,0,-4.6569,Nifty 50,2025-10,0.082226284
6.6007,22,5.782,0.7299,67.0684,14.249,2.9562,0.0811,1,0.0372,1.1545,12.3052,SAIL,2025-10-29,0,-5.0642,Nifty 50,2025-10,0.10867788
4.2144,78,1.9755,0.8621,63.2875,9.6035,1.8148,0.0422,1,0.0372,0.8286,-5.0246,UNITDSPR,2025-10-29,0,-0.3957,Nifty 50,2025-10,0.02304925
3.637,51,1.8094,0.7664,61.8096,11.3129,1.9782,0.0411,1,0.0372,0.912,2.3434,GAIL,2025-10-29,0,-7.4121,Nifty 50,2025-10,0.022778433
6.3532,8,9.9377,0.7562,63.8854,21.5526,2.6431,0.1023,1,0.0372,1.1537,19.1221,ADANIGREEN,2025-10-29,0,-7.5418,Nifty 50,2025-10,0.4309791
4.1914,141,2.2963,0.8759,69.6107,12.0623,1.6357,0.0524,1,0.0372,0.9979,6.8002,TATAPOWER,2025-10-29,0,-4.7415,Nifty 50,2025-10,0.026944872
6.5356,9,3.7864,0.7567,64.4353,10.9597,2.4037,0.1182,1,0.0372,1.0045,17.4781,ADANIENSOL,2025-10-29,0,1.2337,Nifty 50,2025-10,0.33625814
2.471,138,1.7989,0.7696,61.1802,11.2767,1.5026,0.0312,1,0.0372,0.9154,5.2871,NTPC,2025-10-29,0,-4.9685,Nifty 50,2025-10,0.021710757
8.9727,26,7.1154,0.8662,68.4882,21.3135,2.4754,0.0538,1,0.0372,0.8859,10.4313,VBL,2025-10-29,0,-10.5182,Nifty 50,2025-10,0.052657638
6.2473,17,2.9726,0.7139,66.169,9.3617,2.9347,0.0576,1,0.0294,1.3226,9.3607,KPGEL,2025-10-30,0,-5.3954,Batch 1,2025-10,0.040531427
6.3353,13,9.0823,0.4349,59.1999,16.3625,2.999,-0.0064,1,0.0294,1.2227,23.8522,SUNSHIEL,2025-10-30,0,-8.9755,Batch 3,2025-10,0.07330131
4.065,20,3.5367,0.9398,63.1176,11.5052,1.8423,0.0715,1,0.0226,1.2852,1.2354,BEL,2025-10-31,0,-6.5467,Nifty 50,2025-10,0.038922075
10.2372,8,5.7801,0.7318,62.3601,10.4859,4.2069,0.0499,1,0.0236,1.6154,24.6169,ALPEXSOLAR,2025-11-03,0,-14.036,Batch 1,2025-11,0.38830215
5.978,10,10.0436,0.42,59.03,12.8226,2.9808,-0.0108,1,0.0236,1.0145,1.6123,DPABHUSHAN,2025-11-03,0,-2.2845,Batch 1,2025-11,0.15419929
6.6819,126,2.1385,0.8838,67.5376,9.0472,2.0286,0.0665,1,0.0236,0.9809,8.1069,TATACONSUM,2025-11-03,0,-4.4799,Nifty 50,2025-11,0.016570356
10.065,41,3.001,0.9132,67.3017,14.8669,2.8131,0.0758,1,0.0236,1.1737,-12.6947,KPEL,2025-11-03,0,-7.6381,Batch 1,2025-11,0.0070846314
4.6124,11,2.8853,0.8575,60.3148,22.1299,1.9266,-0.0084,1,0.0236,0.8917,0.4089,GODREJCP,2025-11-03,0,0.526,Nifty 50,2025-11,0.008457275
2.7965,74,3.7456,0.6542,56.284,8.0196,1.7752,0.0121,1,0.0236,1.0206,4.1501,AMBUJACEM,2025-11-03,0,-7.1997,Nifty 50,2025-11,0.011768611
4.9863,31,3.5974,0.101,56.3764,9.3611,2.1333,0.0073,1,0.0126,1.0614,3.1829,BRITANNIA,2025-11-06,0,-3.9883,Nifty 50,2025-11,0.004651923
10.3538,1,4.5405,0.6037,69.063,14.7627,1.9042,0.055,1,0.0126,1.0757,13.6737,ASIANPAINT,2025-11-06,0,8.4456,Nifty 50,2025-11,0.005412796
10.9958,0,7.0215,0.5077,68.2304,9.0161,3.182,0.1124,1,0.0126,1.5832,40.4625,SENORES,2025-11-06,0,-3.6883,Batch 4,2025-11,0.012536336
6.8758,11,6.6614,0.7146,59.7026,8.0621,3.1902,0.0033,1,0.0115,1.2342,15.4158,DEEPINDS,2025-11-07,0,-12.5573,Batch 4,2025-11,0.11152055
4.4162,67,1.5461,0.942,62.4748,9.3365,1.5489,0.0307,1,0.0239,0.8413,-8.5152,TCS,2025-11-12,0,1.6498,Nifty 50,2025-11,0.003623038
8.5196,19,4.9712,0.9123,59.0826,16.571,4.4148,0.0268,1,0.023,1.9175,-5.707,FRONTSP,2025-11-13,0,-19.2137,Batch 1,2025-11,0.02024952
7.0923,10,4.6904,0.6441,60.3507,10.4598,2.9004,0.0307,1,0.023,0.8361,-8.3775,DSSL,2025-11-13,0,-9.2216,Batch 2,2025-11,0.022374475
4.2948,26,3.1412,0.6667,61.5866,8.6025,2.6391,0.041,1,0.023,1.1033,6.106,MOTHERSON,2025-11-13,0,4.1802,Nifty 50,2025-11,0.03233991
13.6323,1,7.1763,0.7279,67.5148,10.8333,4.399,0.0958,1,0.023,1.5094,32.5091,GOKULAGRO,2025-11-13,0,-7.0853,Batch 1,2025-11,0.07829542
9.4581,6,9.3712,0.7587,61.4263,22.352,3.7313,0.0451,1,0.023,0.6955,-3.5057,INDOTECH,2025-11-13,0,-16.0995,Batch 1,2025-11,0.13486154
8.3415,21,4.0658,0.6667,58.0687,12.7972,4.1899,0.019,1,0.023,0.8902,-13.1107,MACPOWER,2025-11-13,0,-0.1352,Batch 2,2025-11,0.10050577
3.6163,52,2.8018,0.704,58.5191,19.5291,2.0389,0.0012,1,0.023,0.9881,-14.0306,MONARCH,2025-11-13,0,-6.0925,Batch 2,2025-11,0.005064297
9.235,22,8.3251,0.4065,58.6378,10.6432,4.072,0.0766,1,0.0231,1.6453,54.5547,ASHAPURMIN,2025-11-14,0,15.1232,Batch 3,2025-11,0.34750617
4.1678,46,2.5593,0.9111,59.3759,12.0615,2.3875,0.0271,1,0.0231,0.8899,6.7938,DOMS,2025-11-14,0,-5.0392,Batch 2,2025-11,0.0050157784
8.0603,24,7.7048,0.6445,68.8039,12.1523,2.962,0.0894,1,0.0231,0.8226,-17.8995,PARAS,2025-11-14,0,-12.137,Batch 4,2025-11,0.024077227
4.6456,109,5.3965,0.9367,62.3634,15.7072,2.1535,0.0247,1,0.0262,0.9985,-1.391,SIEMENS,2025-11-17,0,-2.7456,Nifty 50,2025-11,0.0044601955
9.1795,12,4.1471,0.6047,63.8219,8.325,3.2617,0.0633,1,0.0262,0.8106,-4.6125,DSSL,2025-11-17,0,-12.322,Batch 2,2025-11,0.028915485
6.7958,43,2.9249,0.9519,67.22,12.1951,2.3103,0.061,1,0.0262,1.2673,34.6297,HEROMOTOCO,2025-11-17,0,3.396,Nifty 50,2025-11,0.009381466
3.9896,36,1.7284,0.9503,62.5618,10.6661,2.1477,0.0294,1,0.03,1.2428,26.0704,EICHERMOT,2025-11-20,0,1.1522,Nifty 50,2025-11,0.0061635217
7.4312,116,2.7722,0.9066,66.1566,11.6752,2.2601,0.0492,1,0.0272,0.9392,7.4289,SIEMENS,2025-11-26,0,-4.6613,Nifty 50,2025-11,0.011221004
9.578,2,1.7739,0.6293,58.8722,9.7788,2.879,-0.0083,1,0.0272,0.7682,-14.8346,TIPSMUSIC,2025-11-26,0,-4.4849,Batch 1,2025-11,0.00942766
4.6213,51,1.686,0.9649,67.8512,11.7776,1.8235,0.0442,1,0.0237,1.2512,29.1412,TVSMOTOR,2025-12-01,0,-0.3383,Nifty 50,2025-12,0.10979056
4.4007,59,14.2849,0.5933,59.394,13.731,2.3173,0.0291,1,0.0152,1.016,10.6101,DOMS,2025-12-03,0,-4.4569,Batch 2,2025-12,0.02010011
5.9841,78,13.6796,0.7037,66.2629,20.3563,3.0661,0.0687,1,0.0164,1.0585,-3.4763,VIJAYA,2025-12-04,0,-9.8178,Batch 3,2025-12,0.019098502
6.3846,55,2.8586,0.8148,55.0553,16.6478,3.7883,0.0229,1,0.0066,0.8245,2.7871,BALUFORGE,2025-12-09,0,-11.9136,Batch 3,2025-12,0.058348723
4.0434,85,2.0694,0.8833,64.1063,9.0777,2.0128,0.0557,1,0.0026,0.977,3.8278,ICICIPRULI,2025-12-10,0,2.6517,Nifty 50,2025-12,0.015043018
4.2537,48,2.328,0.6081,66.2367,8.3095,2.219,0.0432,1,0.0117,1.0577,20.0026,RPTECH,2025-12-12,0,1.1185,Batch 4,2025-12,0.020211974
6.3141,13,1.8037,0.8811,67.625,8.9245,1.9154,0.0626,1,0.0117,1.26,26.7157,HINDALCO,2025-12-12,0,7.9876,Nifty 50,2025-12,0.025869714
6.0427,91,3.6655,0.9501,57.478,23.3358,2.3119,0.0056,0,-0.0001,1.0722,-3.8524,HDFCAMC,2025-12-18,0,-7.0515,Nifty 50,2025-12,0.028316265
7.6685,43,6.4886,0.745,67.1596,12.5258,3.0421,0.0645,1,0.005,0.8832,-2.9866,GALAPREC,2025-12-19,0,-8.4099,Batch 4,2025-12,0.018255943
6.7489,14,2.3779,0.8453,61.5199,11.5644,3.3255,0.0741,1,0.0122,1.3512,29.7471,PRIVISCL,2025-12-22,0,-10.7692,Batch 3,2025-12,0.2805296
7.1234,136,6.1621,0.5984,63.5031,9.7723,2.3864,0.0175,1,0.0117,0.8379,-2.9033,IRFC,2025-12-23,0,-5.0188,Nifty 50,2025-12,0.016267614
8.3057,7,7.593,0.5431,61.5644,9.1273,3.8333,0.0252,1,0.0117,0.8203,4.0268,RAILTEL,2025-12-23,0,-8.1887,Batch 3,2025-12,0.722665
4.1508,39,1.6292,0.8606,66.6788,9.3409,1.5171,0.043,1,0.0051,1.06,14.4036,TITAN,2025-12-26,0,0.8374,Nifty 50,2025-12,0.01685546
12.4053,8,7.7265,0.6549,68.7029,8.556,4.1922,0.0814,1,0.0051,0.8801,9.3014,RAILTEL,2025-12-26,0,-13.4879,Batch 3,2025-12,0.21017982
6.8456,15,2.7839,0.9056,65.6231,11.2217,2.6273,0.0488,1,0.0004,1.051,14.6691,SAIL,2025-12-30,0,3.8498,Nifty 50,2025-12,0.11019511
4.8643,144,3.4887,0.5044,60.4349,8.5319,2.1317,0.0179,1,0.0074,1.0829,3.695,JINDALSTEL,2025-12-31,0,-3.9011,Nifty 50,2025-12,0.015652932
4.7415,27,1.9246,0.8525,63.5517,10.762,1.9061,0.0391,1,0.0074,1.1644,21.3,IOC,2025-12-31,0,-5.5144,Nifty 50,2025-12,0.01422932
6.0547,26,2.1402,0.8818,68.0025,10.7705,2.1316,0.0675,1,0.0074,1.1538,22.4938,BPCL,2025-12-31,0,-6.8015,Nifty 50,2025-12,0.02393504
7.0197,19,5.1015,0.6943,61.8914,11.5266,3.3312,0.0711,1,0.0078,1.2057,16.7735,KMCSHIL,2026-01-01,0,-0.8075,Batch 2,2026-01,0.076537274
4.3466,28,4.9219,0.5753,57.2477,10.7727,2.2054,-0.0056,1,0.0078,1.2241,24.7463,ADANIPOWER,2026-01-01,0,-6.9913,Nifty 50,2026-01,0.0063946345
7.3921,154,2.2358,0.9027,64.7547,8.7383,2.0251,0.0275,1,0.0078,0.9051,-3.3894,RECLTD,2026-01-01,0,-3.1041,Nifty 50,2026-01,0.114410385
3.2087,186,3.2402,0.9556,62.3815,12.4466,1.3301,0.0134,1,0.0145,0.9485,1.945,TATAPOWER,2026-01-02,0,-4.5274,Nifty 50,2026-01,0.051615745
8.5115,25,3.0792,0.8131,67.7088,8.5589,2.0073,0.0271,1,0.0145,0.8732,-5.9772,PFC,2026-01-02,0,-6.8866,Nifty 50,2026-01,0.023085676
3.4352,10,2.0527,0.8474,57.4329,9.8244,1.3124,-0.0069,1,0.0145,0.878,-0.8106,GAIL,2026-01-02,0,-4.766,Nifty 50,2026-01,0.00824179
4.8725,29,1.7098,0.9398,60.4973,11.3305,2.4374,0.0362,1,0.0145,0.9346,-1.6407,MANORAMA,2026-01-02,0,-9.9899,Batch 1,2026-01,0.013842035
6.3285,7,1.5867,0.9199,59.8687,12.7012,2.7492,-0.0038,1,0.0145,1.0,-13.2683,LOTUSDEV,2026-01-02,0,-10.5596,Batch 3,2026-01,0.016094867
9.8745,35,1.6379,0.9195,67.154,8.7938,3.446,0.0902,1,0.0145,1.4621,19.4753,SENORES,2026-01-02,0,-10.2299,Batch 4,2026-01,0.48182938
4.7317,54,3.8631,0.8629,67.2552,17.8121,1.5978,0.0293,1,0.0145,1.0258,1.2889,DABUR,2026-01-02,0,-5.1508,Nifty 50,2026-01,0.020850165
5.5092,64,1.9962,0.6962,62.0756,8.1171,1.9368,0.0163,1,0.0112,0.9387,11.2216,BEL,2026-01-05,0,3.693,Nifty 50,2026-01,0.0063353456
4.8707,14,1.5377,0.8521,58.9529,8.7201,1.7079,0.0003,1,0.0112,0.8792,1.5367,HAL,2026-01-05,0,-5.4912,Nifty 50,2026-01,0.0081753535
6.8909,42,2.4858,0.8699,69.1054,9.8485,1.5784,0.0416,1,0.0112,1.0658,14.0156,NESTLEIND,2026-01-05,0,-4.6543,Nifty 50,2026-01,0.23925163
9.6745,7,3.0668,0.6966,63.9482,9.7201,3.7377,0.0168,1,0.0081,0.7106,-12.2238,SIKA,2026-01-06,0,-13.8919,Batch 1,2026-01,0.040891256
3.4002,167,1.9583,0.9496,67.3262,12.3947,1.2477,0.0333,1,0.0081,0.956,-0.3812,ICICIBANK,2026-01-06,0,-2.4034,Nifty 50,2026-01,0.03408478
3.3201,194,2.5282,0.8759,63.4553,13.854,1.5966,0.0466,1,0.0081,1.0567,11.6959,LUPIN,2026-01-06,0,2.4947,Nifty 50,2026-01,0.10841704
3.9472,44,2.0601,0.9345,63.1452,17.0992,2.0732,0.025,1,0.0081,0.9379,7.3015,DIVISLAB,2026-01-06,0,-6.3226,Nifty 50,2026-01,0.017239142
3.8484,83,1.7778,0.9625,60.5235,15.4296,1.673,0.0037,1,0.0081,0.9384,-5.7163,APOLLOHOSP,2026-01-06,0,-5.4293,Nifty 50,2026-01,0.013934073
15.563,3,11.7286,0.7342,68.2235,13.5207,4.9797,0.0565,1,0.0081,0.7098,-24.3675,RAJOOENG,2026-01-06,0,-21.4648,Batch 2,2026-01,0.014760957
7.8814,10,2.7656,0.7903,60.3999,11.0593,3.3615,0.0174,1,0.0065,1.0,-6.3656,LOTUSDEV,2026-01-07,0,-14.8894,Batch 3,2026-01,0.29001394
4.7783,49,5.7816,0.895,61.8768,15.0084,2.3717,0.0194,1,0.0065,1.0348,12.928,PNGJL,2026-01-07,0,-8.6547,Batch 3,2026-01,0.030932585
6.4152,16,5.9693,0.7189,64.1246,11.8821,2.7413,0.0266,1,0.0065,1.0684,17.7515,SKYGOLD,2026-01-07,0,-10.396,Batch 2,2026-01,0.022648651
7.1243,10,5.5759,0.85,56.151,11.7688,3.0371,-0.0218,0,-0.0088,1.0051,-1.963,WAAREERTL,2026-01-13,0,-12.8862,Batch 1,2026-01,0.2856946
7.8394,29,1.6126,0.5935,55.4889,8.46,3.7882,0.0113,0,-0.0113,0.861,-18.1074,WINDLAS,2026-01-14,0,-6.3796,Batch 4,2026-01,0.009476018
6.0678,74,2.3137,0.9286,68.5881,10.1261,2.1571,0.0545,0,-0.0113,1.1255,24.4247,PNB,2026-01-14,0,-5.0497,Nifty 50,2026-01,0.07019559
6.3057,68,1.7177,0.8312,61.4862,11.756,1.6323,0.0315,0,-0.0113,1.0936,23.6481,AXISBANK,2026-01-14,0,1.804,Nifty 50,2026-01,0.0225702
4.2909,44,3.0174,0.9259,63.5353,15.0617,2.2904,0.068,0,-0.0103,1.2612,47.6883,AUBANK,2026-01-16,0,-6.6634,Nifty 50,2026-01,0.020613734
4.1145,26,2.7884,0.8736,65.0982,14.1549,2.108,0.0812,0,-0.0103,1.0194,13.032,TECHM,2026-01-16,0,-2.6562,Nifty 50,2026-01,0.02085742
6.1598,67,9.6927,0.8387,59.4867,27.469,2.2549,0.0025,0,-0.0103,0.8551,-11.093,INDIAMART,2026-01-16,0,-8.2569,Batch 2,2026-01,0.010838752
5.0973,102,2.587,0.8966,64.9949,17.5814,2.0171,0.0649,0,-0.0103,1.0312,16.9736,INFY,2026-01-16,0,-6.5875,Nifty 50,2026-01,0.012862791
3.8605,87,3.2452,0.7204,63.6823,13.5171,1.7798,0.0214,0,-0.0145,0.8914,-8.8245,COLPAL,2026-01-19,0,-1.1205,Nifty 50,2026-01,0.012343817
6.7049,22,15.1941,0.3813,55.319,10.6863,4.0049,0.028,0,-0.0279,0.8586,-8.9773,TIPSMUSIC,2026-01-20,0,-4.2986,Batch 1,2026-01,0.009138983
6.8865,5,1.9844,0.8239,64.7682,11.303,2.3691,0.0673,0,-0.0284,1.1767,11.0001,JSWSTEEL,2026-01-27,0,-2.1315,Nifty 50,2026-01,0.05863077
4.7468,75,3.5371,0.6825,59.5307,14.1079,2.2903,0.037,0,-0.0284,1.1961,19.1416,AXISBANK,2026-01-27,0,-1.9117,Nifty 50,2026-01,0.0077363364
7.0714,7,1.8724,0.95,61.8146,12.8091,2.8847,0.0663,0,-0.0215,0.9044,-4.9622,PFC,2026-01-28,0,1.4273,Nifty 50,2026-01,0.016546115
6.016,29,2.0587,0.9473,60.8624,15.3938,2.6985,0.0413,0,-0.0215,0.9954,-4.4628,HAL,2026-01-28,0,-9.5265,Nifty 50,2026-01,0.015249195
8.3863,5,1.7188,0.922,67.8695,10.6083,2.6461,0.1133,0,-0.0215,1.1738,15.2329,COALINDIA,2026-01-28,0,-7.0717,Nifty 50,2026-01,0.081250906
11.1717,95,7.0026,0.7515,68.0132,9.8136,3.4745,0.0863,0,-0.0181,0.9129,-3.5653,ALLDIGI,2026-01-29,0,-7.7829,Batch 2,2026-01,0.00906742
3.0669,59,4.155,0.8728,61.8069,12.6504,2.0854,0.0459,0,-0.0215,1.1748,10.1977,NESTLEIND,2026-01-30,0,-4.7265,Nifty 50,2026-01,0.02084001
9.8435,2,2.4228,0.3274,62.9467,12.9145,3.6409,0.0422,0,-0.0037,1.2125,8.2441,MOTHERSON,2026-02-03,0,3.1658,Nifty 50,2026-02,0.047751676
10.3252,1,4.2652,0.8963,61.0984,13.4362,3.8458,0.0458,0,-0.0037,1.085,6.1876,ADANIPORTS,2026-02-03,0,-5.3644,Nifty 50,2026-02,0.57346356
8.0232,51,2.9981,0.8844,68.1752,8.2935,2.6874,0.0726,0,-0.0037,0.9284,-1.8711,POWERGRID,2026-02-03,0,-1.1427,Nifty 50,2026-02,0.17214885
6.3044,61,1.5556,0.4828,60.4281,8.4053,2.7643,0.0675,0,-0.0037,1.2798,22.2375,SBIN,2026-02-03,0,9.0838,Nifty 50,2026-02,0.008213301
11.657,1,3.8848,0.9389,67.999,11.8761,4.1503,0.0893,0,-0.0017,1.2752,7.4671,ADANIPOWER,2026-02-04,0,-14.3538,Nifty 50,2026-02,0.24748328
9.9698,4,3.2035,0.8964,57.7215,13.7057,4.6732,-0.0134,1,0.0027,1.1295,-10.5762,GOKULAGRO,2026-02-09,0,-12.3842,Batch 1,2026-02,0.18154024
4.3727,201,3.1977,0.7994,59.5083,14.0521,2.141,0.0162,1,0.0027,0.9297,-6.9197,ZYDUSLIFE,2026-02-09,0,-3.4783,Nifty 50,2026-02,0.01785373
11.927,10,2.1601,0.9344,62.8779,9.6674,4.3055,0.0471,1,0.0027,0.8145,-5.0239,YASHHV,2026-02-09,0,-8.5154,Batch 2,2026-02,0.08714292
10.2554,2,5.5399,0.7808,62.8541,13.0943,4.7486,0.071,1,0.0027,1.1686,31.1761,SKYGOLD,2026-02-09,0,-9.2235,Batch 2,2026-02,0.025633385
9.0295,72,5.6957,0.8762,64.3133,14.6042,3.9472,0.0735,1,0.0056,0.8731,1.54,GPTINFRA,2026-02-10,0,-2.9663,Batch 3,2026-02,0.48837304
12.0271,3,3.8936,0.8745,65.7743,15.7786,5.2045,0.0502,1,0.0056,0.7116,-19.1429,WEALTH,2026-02-10,0,-9.7921,Batch 1,2026-02,0.039366797
7.5718,93,4.4184,0.8882,68.8701,14.1365,2.8908,0.0732,1,0.0065,1.2979,10.6744,EICHERMOT,2026-02-11,0,-2.2238,Nifty 50,2026-02,0.47244492
3.4637,98,1.953,0.2493,57.253,8.5209,2.4707,0.0131,1,0.0065,1.0595,0.8799,BRITANNIA,2026-02-11,0,-3.2871,Nifty 50,2026-02,0.0050617005
14.3672,0,9.9441,0.6827,65.0049,10.084,5.1952,0.126,1,0.001,1.2783,29.4428,SKYGOLD,2026-02-12,0,-13.75,Batch 2,2026-02,0.019822804
4.7214,24,2.2296,0.8694,67.6822,8.525,2.2885,0.0689,0,-0.0082,1.2415,28.4421,INDUSINDBK,2026-02-26,0,-7.0306,Nifty 50,2026-02,0.030956963
10.4584,4,17.8185,0.8832,61.8711,28.651,3.9972,0.0293,0,-0.0315,0.8429,-5.7746,JINDRILL,2026-03-02,0,-7.5692,Batch 4,2026-03,0.09919446
6.0055,6,15.0783,0.4302,57.3086,12.1267,2.9504,0.0134,0,-0.0315,1.0024,-6.1945,PARAS,2026-03-02,0,-9.4201,Batch 4,2026-03,0.0067170975
9.5198,7,10.0248,0.4894,68.652,11.3434,3.4003,0.0865,0,-0.0454,1.081,2.1679,PARAS,2026-03-04,0,-14.7698,Batch 4,2026-03,0.079822965
5.0204,155,3.1814,0.9263,62.8404,14.7204,1.8329,0.0119,0,-0.0454,0.8598,-7.6042,ABBOTINDIA,2026-03-04,0,-5.8878,Nifty 50,2026-03,0.011945268
10.4693,2,2.1555,1.0,65.9915,10.024,4.997,0.1836,0,-0.0488,1.0,3.319,ATLANTAELE,2026-03-10,1,88.3167,Batch 1,2026-03,0.3376738
7.124,23,5.9622,0.8625,63.3185,8.4105,4.2005,0.0935,0,-0.0488,1.0,0.0,KSHINTL,2026-03-10,1,94.3104,Batch 3,2026-03,0.6500183
5.7782,28,4.5205,0.7824,67.6504,8.6562,2.7184,0.0819,0,-0.07,1.0992,-0.6792,TATAPOWER,2026-03-12,0,-8.0753,Nifty 50,2026-03,0.0060513527
13.7753,14,17.5752,1.0,69.0709,26.2174,4.4641,0.1567,0,-0.066,1.031,9.6504,GOKULAGRO,2026-03-17,0,13.9995,Batch 1,2026-03,0.30993232
13.7017,1,13.0237,0.6495,65.7096,13.9467,5.6681,0.1037,0,-0.0782,0.8331,-13.8909,DEEPINDS,2026-03-20,0,9.9597,Batch 4,2026-03,0.022722024
11.1497,1,3.0014,0.8881,60.9179,10.8742,3.9377,0.0339,0,-0.0641,0.8957,-5.1266,ASKAUTOLTD,2026-03-25,0,-4.0191,Batch 2,2026-03,0.024599709
9.042,6,16.272,0.6765,60.2145,16.9799,4.4399,0.0351,0,-0.0669,1.0114,1.1477,SENCO,2026-04-06,0,-2.0582,Batch 3,2026-04,0.05125799
5.3573,90,1.572,0.517,58.8584,10.52,3.058,0.0239,0,-0.0224,0.8944,-10.0896,KOVAI,2026-04-08,0,-0.0983,Batch 3,2026-04,0.008233683
12.8844,12,3.6201,0.823,64.4948,10.3523,4.7633,0.0936,0,-0.0224,1.0305,9.5534,DSSL,2026-04-08,1,45.2848,Batch 2,2026-04,0.5428349
12.4344,4,1.8189,0.6811,59.6085,8.3681,5.6071,0.0654,0,-0.0224,0.6375,-18.6248,SERVOTECH,2026-04-08,0,7.3289,Batch 4,2026-04,0.010982528
12.8442,9,4.589,0.8,69.9208,10.1176,5.2483,0.2165,0,-0.0305,1.0,0.0,VIDYAWIRES,2026-04-09,1,51.5172,Batch 3,2026-04,0.2432671
10.5004,8,1.5888,0.9118,63.8957,10.408,4.1613,0.0588,0,-0.0183,1.0091,1.6671,PRUDENT,2026-04-10,0,9.0311,Batch 1,2026-04,0.53328407
17.3246,0,2.3338,0.8548,69.7362,9.3778,5.0504,0.1425,0,-0.0183,0.9199,-18.1339,SRM,2026-04-10,0,1.7933,Batch 1,2026-04,0.02994072
5.3557,26,3.3392,0.9184,67.2838,14.6301,2.9599,0.0807,0,-0.0025,1.2891,-1.0829,PRIVISCL,2026-04-17,0,2.3873,Batch 3,2026-04,0.036901288
4.4163,12,1.7684,0.7932,63.8999,10.2145,2.7856,0.0831,0,-0.0025,1.0,-4.5742,ASKAUTOLTD,2026-05-04,0,-9.2321,Batch 2,2026-05,0.023233384
7.1272,3,2.2801,0.7306,60.9565,10.8088,5.2583,0.0742,0,-0.0025,1.0,84.308,NGLFINE,2026-05-05,0,-11.3528,Batch 4,2026-05,0.0370034
12.4864,3,3.9417,0.6312,69.8351,8.8787,5.0389,0.1703,0,-0.0025,1.0,102.6372,NGLFINE,2026-05-06,0,-17.4436,Batch 4,2026-05,0.021018721
5.9728,15,14.1052,0.1713,56.7252,8.8953,5.3622,0.0652,0,-0.0025,1.0,42.7683,SEAMECLTD,2026-05-19,0,-5.1669,Batch 3,2026-05,0.024088446
8.6938,7,4.5671,1.0,59.9721,17.0689,3.6924,0.0699,0,-0.0025,1.0,-12.7444,CRIZAC,2026-05-25,0,-10.6236,Batch 1,2026-05,0.5212911
